Date,Open,High,Low,Price,Vol.,Change %
2012-01-01,4.70,5.50,4.60,5.30,108510.00,0.00
2012-01-02,5.30,5.50,4.80,5.20,69150.00,-0.00
2012-01-03,5.20,5.30,4.70,4.90,125170.00,-0.00
2012-01-04,4.90,5.70,4.80,5.60,131170.00,0.00
2012-01-05,5.60,7.20,5.60,6.90,182330.00,0.00
2012-01-06,6.90,7.20,6.10,6.70,218080.00,-0.00
2012-01-07,6.70,7.00,6.40,6.80,48390.00,0.00
2012-01-08,6.80,7.20,6.70,7.10,57190.00,0.00
2012-01-09,7.10,7.20,5.80,6.30,148410.00,-0.00
2012-01-10,6.30,6.90,6.00,6.40,110210.00,0.00
2012-01-11,6.40,7.10,6.40,6.90,99440.00,0.00
2012-01-12,6.90,7.00,6.30,6.80,140120.00,-0.00
2012-01-13,6.80,6.80,6.40,6.40,60230.00,-0.00
2012-01-14,6.40,6.90,6.20,6.80,141900.00,0.00
2012-01-15,6.80,7.10,6.70,7.00,62230.00,0.00
2012-01-16,7.00,7.20,6.50,6.70,122670.00,-0.00
2012-01-17,6.70,6.90,4.60,5.60,213410.00,-0.00
2012-01-18,5.60,6.90,5.10,5.90,226680.00,0.00
2012-01-19,5.90,6.40,5.90,6.40,114820.00,0.00
2012-01-20,6.40,6.60,6.30,6.50,66790.00,0.00
2012-01-21,6.50,6.60,6.10,6.20,64760.00,-0.00
2012-01-22,6.20,6.40,6.10,6.30,44890.00,0.00
2012-01-23,6.30,6.40,6.20,6.40,17690.00,0.00
2012-01-24,6.40,6.40,6.20,6.30,35660.00,-0.00
2012-01-25,6.30,6.30,5.50,5.80,133120.00,-0.00
2012-01-26,5.80,5.90,5.30,5.30,123950.00,-0.00
2012-01-27,5.30,5.50,5.10,5.30,115570.00,-0.00
2012-01-28,5.30,5.80,5.30,5.60,89710.00,0.00
2012-01-29,5.60,5.70,5.30,5.40,46430.00,-0.00
2012-01-30,5.40,5.60,5.40,5.50,42300.00,0.00
2012-01-31,5.50,5.70,5.40,5.50,48300.00,0.00
2012-02-01,5.50,6.20,5.50,6.10,115520.00,0.00
2012-02-02,6.10,6.20,5.80,6.10,54550.00,0.00
2012-02-03,6.10,6.10,5.70,6.00,59280.00,-0.00
2012-02-04,6.00,6.00,5.80,5.90,20620.00,-0.00
2012-02-05,5.90,5.90,5.40,5.70,120340.00,-0.00
2012-02-06,5.70,5.70,5.40,5.40,90260.00,-0.00
2012-02-07,5.40,5.80,5.40,5.70,72750.00,0.00
2012-02-08,5.70,5.80,5.30,5.60,237940.00,-0.00
2012-02-09,5.60,5.90,5.50,5.80,89950.00,0.00
2012-02-10,5.80,6.00,5.80,5.90,39310.00,0.00
2012-02-11,5.90,6.00,5.50,5.60,69710.00,-0.00
2012-02-12,5.60,5.80,5.40,5.50,81920.00,-0.00
2012-02-13,5.50,5.70,5.20,5.30,170210.00,-0.00
2012-02-14,5.30,5.40,4.20,4.50,297570.00,-0.00
2012-02-15,4.50,4.90,4.20,4.30,161800.00,-0.00
2012-02-16,4.30,4.40,3.90,4.30,166600.00,-0.00
2012-02-17,4.30,4.80,4.20,4.40,135950.00,0.00
2012-02-18,4.40,4.50,4.10,4.20,70410.00,-0.00
2012-02-19,4.20,4.50,4.20,4.40,62370.00,0.00
2012-02-20,4.40,4.50,4.30,4.40,37300.00,0.00
2012-02-21,4.40,4.40,4.20,4.30,51790.00,-0.00
2012-02-22,4.30,4.50,4.30,4.40,103840.00,0.00
2012-02-23,4.40,5.20,4.40,5.00,164310.00,0.00
2012-02-24,5.00,5.10,4.80,5.00,89830.00,0.00
2012-02-25,5.00,5.10,4.70,4.80,86160.00,-0.00
2012-02-26,4.80,5.10,4.80,4.90,70040.00,0.00
2012-02-27,4.90,5.00,4.90,5.00,29370.00,0.00
2012-02-28,5.00,5.00,4.70,4.90,62690.00,-0.00
2012-02-29,4.90,4.90,4.80,4.90,26540.00,0.00
2012-03-01,4.90,5.00,4.90,4.90,44180.00,0.00
2012-03-02,4.90,4.90,4.50,4.70,130770.00,-0.00
2012-03-03,4.70,4.80,4.50,4.60,40080.00,-0.00
2012-03-04,4.60,4.90,4.60,4.80,58830.00,0.00
2012-03-05,4.80,5.10,4.80,5.00,65830.00,0.00
2012-03-06,5.00,5.10,4.90,5.00,44530.00,0.00
2012-03-07,5.00,5.10,4.80,4.90,46170.00,0.00
2012-03-08,4.90,5.00,4.80,4.90,58090.00,0.00
2012-03-09,4.90,4.90,4.80,4.90,32720.00,-0.00
2012-03-10,4.90,4.90,4.80,4.80,28070.00,0.00
2012-03-11,4.80,5.00,4.80,4.90,42440.00,0.00
2012-03-12,4.90,4.90,4.90,4.90,22050.00,0.00
2012-03-13,4.90,5.40,4.90,5.30,127330.00,0.00
2012-03-14,5.30,5.40,5.30,5.40,62890.00,0.00
2012-03-15,5.40,5.40,5.30,5.30,41080.00,-0.00
2012-03-16,5.30,5.40,5.30,5.30,32720.00,0.00
2012-03-17,5.30,5.40,5.20,5.20,39100.00,-0.00
2012-03-18,5.20,5.30,5.20,5.30,22860.00,0.00
2012-03-19,5.30,5.30,4.50,4.70,188890.00,-0.00
2012-03-20,4.70,4.90,4.60,4.80,66340.00,0.00
2012-03-21,4.80,4.90,4.80,4.80,46440.00,0.00
2012-03-22,4.80,4.90,4.60,4.70,58070.00,-0.00
2012-03-23,4.70,4.80,4.60,4.70,54130.00,0.00
2012-03-24,4.70,4.70,4.60,4.70,39070.00,0.00
2012-03-25,4.70,4.70,4.30,4.60,71560.00,-0.00
2012-03-26,4.60,4.70,4.50,4.60,69840.00,0.00
2012-03-27,4.60,4.80,4.50,4.80,73430.00,0.00
2012-03-28,4.80,4.80,4.70,4.80,38020.00,0.00
2012-03-29,4.80,4.90,4.70,4.80,37980.00,0.00
2012-03-30,4.80,4.90,4.70,4.90,39070.00,0.00
2012-03-31,4.90,4.90,4.80,4.90,35530.00,0.00
2012-04-01,4.90,4.90,4.70,4.80,35950.00,-0.00
2012-04-02,4.80,5.10,4.80,5.00,80660.00,0.00
2012-04-03,5.00,5.00,4.80,4.90,78480.00,0.00
2012-04-04,4.90,5.00,4.90,4.90,51040.00,0.00
2012-04-05,4.90,4.90,4.90,4.90,33810.00,0.00
2012-04-06,4.90,5.00,4.90,4.90,58210.00,0.00
2012-04-07,4.90,4.90,4.70,4.70,80950.00,-0.00
2012-04-08,4.70,4.80,4.60,4.80,41970.00,0.00
2012-04-09,4.80,4.90,4.70,4.90,39240.00,0.00
2012-04-10,4.90,4.90,4.80,4.80,53100.00,0.00
2012-04-11,4.80,5.00,4.80,4.90,67040.00,0.00
2012-04-12,4.90,4.90,4.80,4.90,46370.00,0.00
2012-04-13,4.90,4.90,4.70,4.90,93110.00,0.00
2012-04-14,4.90,5.00,4.90,5.00,63890.00,0.00
2012-04-15,5.00,5.00,4.90,5.00,33340.00,0.00
2012-04-16,5.00,5.00,4.90,4.90,31160.00,0.00
2012-04-17,4.90,5.00,4.90,5.00,30650.00,0.00
2012-04-18,5.00,5.20,5.00,5.10,79130.00,0.00
2012-04-19,5.10,5.20,5.10,5.10,46680.00,0.00
2012-04-20,5.10,5.50,5.10,5.30,104070.00,0.00
2012-04-21,5.30,5.50,5.10,5.30,60920.00,-0.00
2012-04-22,5.30,5.30,5.10,5.20,37110.00,-0.00
2012-04-23,5.20,5.20,5.00,5.00,49370.00,-0.00
2012-04-24,5.00,5.20,4.90,5.10,70990.00,0.00
2012-04-25,5.10,5.20,5.00,5.10,35640.00,0.00
2012-04-26,5.10,5.20,5.00,5.10,57360.00,0.00
2012-04-27,5.10,5.10,5.00,5.10,25870.00,0.00
2012-04-28,5.10,5.10,4.80,5.00,91590.00,-0.00
2012-04-29,5.00,5.00,4.90,4.90,22230.00,-0.00
2012-04-30,4.90,5.00,4.90,4.90,55770.00,0.00
2012-05-01,4.90,5.00,4.90,5.00,36680.00,0.00
2012-05-02,5.00,5.20,5.00,5.10,95960.00,0.00
2012-05-03,5.10,5.20,5.00,5.10,35420.00,0.00
2012-05-04,5.10,5.20,5.10,5.10,43630.00,-0.00
2012-05-05,5.10,5.10,5.00,5.10,18840.00,0.00
2012-05-06,5.10,5.10,5.00,5.10,19300.00,0.00
2012-05-07,5.10,5.10,5.00,5.10,46180.00,0.00
2012-05-08,5.10,5.10,5.00,5.10,68200.00,0.00
2012-05-09,5.10,5.10,5.00,5.00,38920.00,0.00
2012-05-10,5.00,5.10,4.80,4.80,69980.00,-0.00
2012-05-11,4.80,5.00,4.80,5.00,63130.00,0.00
2012-05-12,5.00,5.00,4.90,4.90,20880.00,0.00
2012-05-13,4.90,5.00,4.90,4.90,14050.00,0.00
2012-05-14,4.90,5.00,4.90,5.00,52850.00,0.00
2012-05-15,5.00,5.00,4.90,5.00,44140.00,0.00
2012-05-16,5.00,5.10,5.00,5.10,69370.00,0.00
2012-05-17,5.10,5.10,5.10,5.10,26620.00,0.00
2012-05-18,5.10,5.10,5.10,5.10,52580.00,0.00
2012-05-19,5.10,5.10,5.10,5.10,23160.00,0.00
2012-05-20,5.10,5.20,5.10,5.10,18690.00,0.00
2012-05-21,5.10,5.10,5.10,5.10,33620.00,0.00
2012-05-22,5.10,5.10,5.10,5.10,46680.00,0.00
2012-05-23,5.10,5.20,5.10,5.10,52960.00,0.00
2012-05-24,5.10,5.20,5.10,5.10,28920.00,0.00
2012-05-25,5.10,5.20,5.10,5.20,23080.00,0.00
2012-05-26,5.20,5.20,5.10,5.10,16590.00,-0.00
2012-05-27,5.10,5.20,5.10,5.10,15750.00,0.00
2012-05-28,5.10,5.20,5.10,5.10,27560.00,0.00
2012-05-29,5.10,5.20,5.00,5.20,61270.00,0.00
2012-05-30,5.20,5.20,5.10,5.10,39940.00,0.00
2012-05-31,5.10,5.20,5.10,5.20,39480.00,0.00
2012-06-01,5.20,5.30,5.20,5.30,44690.00,0.00
2012-06-02,5.30,5.30,5.20,5.30,15170.00,0.00
2012-06-03,5.30,5.30,5.20,5.20,12680.00,0.00
2012-06-04,5.20,5.30,5.20,5.30,51240.00,0.00
2012-06-05,5.30,5.50,5.20,5.40,83930.00,0.00
2012-06-06,5.40,5.50,5.40,5.50,40680.00,0.00
2012-06-07,5.50,5.60,5.40,5.60,48070.00,0.00
2012-06-08,5.60,5.70,5.60,5.60,53840.00,0.00
2012-06-09,5.60,5.70,5.50,5.60,37120.00,-0.00
2012-06-10,5.60,5.60,5.40,5.50,24400.00,-0.00
2012-06-11,5.50,5.60,5.40,5.60,40260.00,0.00
2012-06-12,5.60,5.80,5.50,5.70,78980.00,0.00
2012-06-13,5.70,6.00,5.70,5.90,57240.00,0.00
2012-06-14,5.90,6.00,5.80,5.90,35040.00,0.00
2012-06-15,5.90,6.60,5.90,6.50,65640.00,0.00
2012-06-16,6.50,6.60,6.30,6.40,78200.00,-0.00
2012-06-17,6.40,6.50,6.10,6.20,48800.00,-0.00
2012-06-18,6.20,6.40,6.00,6.30,46830.00,0.00
2012-06-19,6.30,6.50,6.30,6.50,43880.00,0.00
2012-06-20,6.50,6.70,6.40,6.70,64070.00,0.00
2012-06-21,6.70,6.80,6.60,6.70,51940.00,0.00
2012-06-22,6.70,6.80,6.40,6.60,56820.00,-0.00
2012-06-23,6.60,6.70,6.40,6.40,20120.00,-0.00
2012-06-24,6.40,6.50,6.30,6.30,33950.00,-0.00
2012-06-25,6.30,6.40,6.20,6.30,62640.00,0.00
2012-06-26,6.30,6.50,6.30,6.40,48740.00,0.00
2012-06-27,6.40,6.70,6.40,6.70,41980.00,0.00
2012-06-28,6.70,6.70,6.50,6.60,42820.00,0.00
2012-06-29,6.60,6.70,6.50,6.70,26300.00,0.00
2012-06-30,6.70,6.70,6.60,6.70,20590.00,0.00
2012-07-01,6.70,6.70,6.50,6.60,20580.00,-0.00
2012-07-02,6.60,6.80,6.60,6.80,32360.00,0.00
2012-07-03,6.80,6.80,6.40,6.40,71070.00,-0.00
2012-07-04,6.40,6.60,6.40,6.50,33480.00,0.00
2012-07-05,6.50,6.80,6.50,6.70,45350.00,0.00
2012-07-06,6.70,6.70,6.60,6.70,43190.00,0.00
2012-07-07,6.70,6.90,6.60,6.80,37990.00,0.00
2012-07-08,6.80,6.90,6.70,6.80,18220.00,0.00
2012-07-09,6.80,7.10,6.70,7.00,61640.00,0.00
2012-07-10,7.00,7.30,7.00,7.20,70070.00,0.00
2012-07-11,7.20,7.30,7.00,7.20,41890.00,0.00
2012-07-12,7.20,7.90,7.10,7.80,64620.00,0.00
2012-07-13,7.80,7.80,7.40,7.70,65470.00,-0.00
2012-07-14,7.70,7.70,7.50,7.50,16010.00,-0.00
2012-07-15,7.50,7.70,7.40,7.60,26980.00,0.00
2012-07-16,7.60,8.60,7.60,8.50,103400.00,0.00
2012-07-17,8.50,9.50,7.30,8.80,210800.00,0.00
2012-07-18,8.80,9.40,8.50,9.10,105950.00,0.00
2012-07-19,9.10,9.20,8.80,8.90,48250.00,-0.00
2012-07-20,8.90,8.90,7.60,8.50,154660.00,-0.00
2012-07-21,8.50,9.70,8.00,8.90,139910.00,0.00
2012-07-22,8.90,9.00,8.30,8.40,30070.00,-0.00
2012-07-23,8.40,9.20,7.80,8.40,146400.00,0.00
2012-07-24,8.40,8.90,8.30,8.60,40950.00,0.00
2012-07-25,8.60,8.90,8.40,8.80,64720.00,0.00
2012-07-26,8.80,8.90,8.60,8.90,32380.00,0.00
2012-07-27,8.90,8.90,8.80,8.90,26670.00,0.00
2012-07-28,8.90,8.90,8.70,8.90,16170.00,0.00
2012-07-29,8.90,8.90,8.70,8.70,11460.00,-0.00
2012-07-30,8.70,9.10,8.70,9.10,51260.00,0.00
2012-07-31,9.10,9.40,9.10,9.40,70170.00,0.00
2012-08-01,9.40,9.60,9.10,9.60,68700.00,0.00
2012-08-02,9.60,11.00,9.40,10.50,126690.00,0.00
2012-08-03,10.50,11.10,10.30,11.00,61640.00,0.00
2012-08-04,11.00,11.30,10.50,11.00,52320.00,0.00
2012-08-05,11.00,11.30,10.10,10.90,67280.00,-0.00
2012-08-06,10.90,11.20,10.60,10.90,51640.00,0.00
2012-08-07,10.90,11.10,10.60,11.10,41650.00,0.00
2012-08-08,11.10,11.10,10.90,11.10,31320.00,0.00
2012-08-09,11.10,12.00,10.80,11.10,101880.00,0.00
2012-08-10,11.10,11.60,11.00,11.40,63600.00,0.00
2012-08-11,11.40,11.60,11.40,11.50,21790.00,0.00
2012-08-12,11.50,11.80,11.40,11.60,30340.00,0.00
2012-08-13,11.60,12.10,11.50,12.00,54040.00,0.00
2012-08-14,12.00,12.30,11.90,12.20,44020.00,0.00
2012-08-15,12.20,13.30,12.20,13.30,57560.00,0.00
2012-08-16,13.30,13.80,12.50,13.50,96600.00,0.00
2012-08-17,13.50,15.40,10.60,11.60,221030.00,-0.00
2012-08-18,11.60,12.90,11.00,11.60,88050.00,0.00
2012-08-19,11.60,11.60,7.60,8.00,238860.00,-0.00
2012-08-20,8.00,10.50,7.80,10.10,192500.00,0.00
2012-08-21,10.10,10.30,9.70,9.90,72080.00,-0.00
2012-08-22,9.90,10.10,9.60,9.80,67510.00,-0.00
2012-08-23,9.80,10.30,9.70,10.10,56020.00,0.00
2012-08-24,10.10,10.60,9.90,10.60,92080.00,0.00
2012-08-25,10.60,10.60,10.20,10.50,40230.00,-0.00
2012-08-26,10.50,10.60,10.40,10.60,26330.00,0.00
2012-08-27,10.60,12.10,10.50,10.90,175120.00,0.00
2012-08-28,10.90,11.20,10.50,10.90,54880.00,0.00
2012-08-29,10.90,11.10,10.60,10.90,53650.00,0.00
2012-08-30,10.90,10.90,10.60,10.80,30870.00,-0.00
2012-08-31,10.80,10.80,9.70,10.20,67790.00,-0.00
2012-09-01,10.20,10.30,9.80,10.00,23380.00,-0.00
2012-09-02,10.00,10.40,9.70,10.20,25060.00,0.00
2012-09-03,10.20,10.60,10.10,10.50,22930.00,0.00
2012-09-04,10.50,10.50,10.10,10.40,34880.00,-0.00
2012-09-05,10.40,11.20,10.30,11.00,60770.00,0.00
2012-09-06,11.00,11.30,10.60,11.20,67050.00,0.00
2012-09-07,11.20,11.20,10.90,11.00,35540.00,-0.00
2012-09-08,11.00,11.10,10.80,11.00,24250.00,0.00
2012-09-09,11.00,11.10,10.90,11.00,14030.00,0.00
2012-09-10,11.00,11.20,10.90,11.20,42290.00,0.00
2012-09-11,11.20,11.40,10.90,11.30,64950.00,0.00
2012-09-12,11.30,11.40,10.80,11.40,58630.00,0.00
2012-09-13,11.40,11.40,11.20,11.40,20570.00,0.00
2012-09-14,11.40,11.80,11.30,11.70,43260.00,0.00
2012-09-15,11.70,11.80,11.60,11.80,16270.00,0.00
2012-09-16,11.80,12.00,11.70,11.90,30300.00,0.00
2012-09-17,11.90,12.00,11.80,11.90,26610.00,0.00
2012-09-18,11.90,12.40,11.80,12.30,40950.00,0.00
2012-09-19,12.30,12.70,12.10,12.60,41880.00,0.00
2012-09-20,12.60,12.70,12.30,12.30,32570.00,-0.00
2012-09-21,12.30,12.50,12.00,12.40,35840.00,0.00
2012-09-22,12.40,12.40,12.10,12.20,14990.00,-0.00
2012-09-23,12.20,12.30,11.60,12.20,39920.00,-0.00
2012-09-24,12.20,12.30,11.90,12.10,27290.00,-0.00
2012-09-25,12.10,12.20,12.00,12.20,21230.00,0.00
2012-09-26,12.20,12.50,12.00,12.30,23500.00,0.00
2012-09-27,12.30,12.40,12.20,12.30,19330.00,0.00
2012-09-28,12.30,12.40,12.10,12.40,26680.00,0.00
2012-09-29,12.40,12.50,12.20,12.40,17060.00,0.00
2012-09-30,12.40,12.40,12.30,12.40,7790.00,0.00
2012-10-01,12.40,12.50,12.30,12.40,24830.00,0.00
2012-10-02,12.40,12.90,12.30,12.80,50830.00,0.00
2012-10-03,12.80,13.00,12.70,12.90,32960.00,0.00
2012-10-04,12.90,13.10,12.60,12.90,37950.00,0.00
2012-10-05,12.90,13.00,12.50,12.70,31260.00,-0.00
2012-10-06,12.70,12.90,12.40,12.50,24670.00,-0.00
2012-10-07,12.50,12.60,11.70,11.80,63510.00,-0.00
2012-10-08,11.80,11.90,10.60,11.80,97940.00,0.00
2012-10-09,11.80,12.40,11.60,11.90,46770.00,0.00
2012-10-10,11.90,12.20,11.80,12.10,27720.00,0.00
2012-10-11,12.10,12.10,11.90,12.00,19830.00,-0.00
2012-10-12,12.00,12.10,11.90,12.00,21540.00,0.00
2012-10-13,12.00,12.10,11.90,11.90,11860.00,-0.00
2012-10-14,11.90,12.00,11.50,11.70,22890.00,-0.00
2012-10-15,11.70,12.00,11.40,11.80,27100.00,0.00
2012-10-16,11.80,12.00,11.50,11.90,41190.00,0.00
2012-10-17,11.90,12.00,11.70,11.80,23550.00,0.00
2012-10-18,11.80,12.00,11.80,11.90,21880.00,0.00
2012-10-19,11.90,12.00,11.60,11.70,23180.00,-0.00
2012-10-20,11.70,11.90,11.60,11.70,22110.00,0.00
2012-10-21,11.70,11.80,11.60,11.60,9380.00,-0.00
2012-10-22,11.60,11.80,11.50,11.70,37620.00,0.00
2012-10-23,11.70,12.00,11.40,11.60,54340.00,-0.00
2012-10-24,11.60,11.80,11.60,11.60,21770.00,0.00
2012-10-25,11.60,11.70,10.50,10.90,84710.00,-0.00
2012-10-26,10.90,10.90,9.70,10.20,99000.00,-0.00
2012-10-27,10.20,10.80,9.80,10.30,47870.00,0.00
2012-10-28,10.30,10.90,10.30,10.70,22390.00,0.00
2012-10-29,10.70,10.90,10.30,10.60,37580.00,-0.00
2012-10-30,10.60,10.90,10.60,10.90,26020.00,0.00
2012-10-31,10.90,11.20,10.70,11.20,40670.00,0.00
2012-11-01,11.20,11.30,10.40,10.60,50360.00,-0.00
2012-11-02,10.60,10.80,10.30,10.50,24490.00,-0.00
2012-11-03,10.50,10.60,10.40,10.60,16730.00,0.00
2012-11-04,10.60,10.90,10.50,10.80,16750.00,0.00
2012-11-05,10.80,10.90,10.60,10.80,21780.00,-0.00
2012-11-06,10.80,10.90,10.70,10.90,27000.00,0.00
2012-11-07,10.90,11.20,10.80,10.90,31730.00,0.00
2012-11-08,10.90,11.10,10.80,10.90,26060.00,0.00
2012-11-09,10.90,11.00,10.80,10.80,14730.00,-0.00
2012-11-10,10.80,11.00,10.80,10.90,13490.00,0.00
2012-11-11,10.90,10.90,10.70,10.90,12630.00,0.00
2012-11-12,10.90,11.20,10.80,11.00,39220.00,0.00
2012-11-13,11.00,11.10,10.90,10.90,16760.00,-0.00
2012-11-14,10.90,11.10,10.80,10.90,24540.00,0.00
2012-11-15,10.90,11.30,10.90,11.20,31900.00,0.00
2012-11-16,11.20,11.80,11.20,11.80,58250.00,0.00
2012-11-17,11.80,11.80,11.50,11.80,19110.00,0.00
2012-11-18,11.80,11.80,11.60,11.60,15510.00,-0.00
2012-11-19,11.60,11.80,11.60,11.80,25200.00,0.00
2012-11-20,11.80,11.80,11.60,11.70,27220.00,-0.00
2012-11-21,11.70,11.80,11.60,11.80,19230.00,0.00
2012-11-22,11.80,12.40,11.70,12.40,58300.00,0.00
2012-11-23,12.40,12.40,12.10,12.40,18970.00,-0.00
2012-11-24,12.40,12.50,12.30,12.40,19570.00,0.00
2012-11-25,12.40,12.60,12.30,12.50,24020.00,0.00
2012-11-26,12.50,12.60,11.90,12.30,35910.00,-0.00
2012-11-27,12.30,12.30,11.90,12.20,33200.00,-0.00
2012-11-28,12.20,12.40,12.10,12.40,30690.00,0.00
2012-11-29,12.40,12.60,12.10,12.40,26510.00,0.00
2012-11-30,12.40,12.60,12.40,12.60,24350.00,0.00
2012-12-01,12.60,12.70,12.50,12.60,14700.00,0.00
2012-12-02,12.60,12.70,12.40,12.50,14010.00,-0.00
2012-12-03,12.50,12.70,12.50,12.70,26760.00,0.00
2012-12-04,12.70,13.50,12.60,13.40,63250.00,0.00
2012-12-05,13.40,13.40,13.10,13.40,29800.00,0.00
2012-12-06,13.40,13.70,12.90,13.30,46560.00,-0.00
2012-12-07,13.30,13.60,13.00,13.50,32800.00,0.00
2012-12-08,13.50,13.60,13.40,13.40,13170.00,-0.00
2012-12-09,13.40,13.50,13.00,13.40,28170.00,0.00
2012-12-10,13.40,13.60,13.30,13.40,24670.00,0.00
2012-12-11,13.40,13.70,13.30,13.60,28050.00,0.00
2012-12-12,13.60,13.80,13.30,13.70,37680.00,0.00
2012-12-13,13.70,13.80,13.50,13.70,24200.00,0.00
2012-12-14,13.70,13.90,13.00,13.60,70140.00,-0.00
2012-12-15,13.60,13.60,13.40,13.50,15190.00,-0.00
2012-12-16,13.50,13.70,13.10,13.30,42760.00,-0.00
2012-12-17,13.30,13.50,12.80,13.30,63630.00,-0.00
2012-12-18,13.30,13.40,13.10,13.30,23220.00,0.00
2012-12-19,13.30,13.60,13.20,13.60,38810.00,0.00
2012-12-20,13.60,13.70,13.30,13.50,32980.00,-0.00
2012-12-21,13.50,13.60,13.40,13.50,25330.00,0.00
2012-12-22,13.50,13.60,13.30,13.40,14780.00,-0.00
2012-12-23,13.40,13.50,13.00,13.30,23980.00,-0.00
2012-12-24,13.30,13.40,13.20,13.40,16690.00,0.00
2012-12-25,13.40,13.40,13.10,13.40,13170.00,0.00
2012-12-26,13.40,13.50,13.20,13.50,15840.00,0.00
2012-12-27,13.50,13.50,13.30,13.40,19820.00,-0.00
2012-12-28,13.40,13.60,13.30,13.40,23810.00,0.00
2012-12-29,13.40,13.70,13.30,13.40,26150.00,0.00
2012-12-30,13.40,13.60,13.40,13.40,11760.00,0.00
2012-12-31,13.40,13.60,13.40,13.50,15050.00,0.00
2013-01-01,13.50,13.60,13.20,13.30,28410.00,-0.00
2013-01-02,13.30,13.40,13.20,13.30,17970.00,0.00
2013-01-03,13.30,13.50,13.30,13.40,18030.00,0.00
2013-01-04,13.40,13.50,13.30,13.50,29640.00,0.00
2013-01-05,13.50,13.60,13.30,13.40,21330.00,-0.00
2013-01-06,13.40,13.50,13.40,13.40,12740.00,0.00
2013-01-07,13.40,13.60,13.40,13.60,25480.00,0.00
2013-01-08,13.60,13.90,13.50,13.70,42800.00,0.00
2013-01-09,13.70,13.90,13.60,13.80,28610.00,0.00
2013-01-10,13.80,14.30,13.80,14.10,51810.00,0.00
2013-01-11,14.10,14.40,13.90,14.10,40440.00,0.00
2013-01-12,14.10,14.30,14.00,14.20,26930.00,0.00
2013-01-13,14.20,14.30,13.90,14.10,38330.00,-0.00
2013-01-14,14.10,14.40,14.10,14.30,22100.00,0.00
2013-01-15,14.30,14.50,14.00,14.30,51570.00,-0.00
2013-01-16,14.30,14.70,14.20,14.70,45530.00,0.00
2013-01-17,14.70,15.70,14.60,15.50,65490.00,0.00
2013-01-18,15.50,16.00,15.40,15.70,56100.00,0.00
2013-01-19,15.70,15.80,15.30,15.60,34590.00,-0.00
2013-01-20,15.60,15.90,15.50,15.70,25980.00,0.00
2013-01-21,15.70,17.00,15.60,16.80,61500.00,0.00
2013-01-22,16.80,17.60,16.60,17.30,60980.00,0.00
2013-01-23,17.30,17.60,16.80,17.50,49440.00,0.00
2013-01-24,17.50,19.20,15.60,16.90,172010.00,-0.00
2013-01-25,16.90,17.80,15.40,17.40,80770.00,0.00
2013-01-26,17.40,17.90,16.50,17.90,34810.00,0.00
2013-01-27,17.90,18.00,17.20,17.80,23770.00,-0.00
2013-01-28,17.80,18.90,17.80,18.70,57670.00,0.00
2013-01-29,18.70,19.80,18.70,19.50,86080.00,0.00
2013-01-30,19.50,19.80,19.10,19.70,45070.00,0.00
2013-01-31,19.70,21.40,19.50,20.40,99230.00,0.00
2013-02-01,20.40,21.10,20.30,20.50,49920.00,0.00
2013-02-02,20.50,20.50,18.00,19.60,80500.00,-0.00
2013-02-03,19.60,20.90,19.40,20.60,34240.00,0.00
2013-02-04,20.60,21.00,19.90,20.40,52220.00,-0.00
2013-02-05,20.40,20.80,20.20,20.60,29210.00,0.00
2013-02-06,20.60,21.30,20.60,21.20,51990.00,0.00
2013-02-07,21.20,22.20,20.80,22.10,64260.00,0.00
2013-02-08,22.10,22.80,22.00,22.70,48650.00,0.00
2013-02-09,22.70,24.00,22.60,23.60,38130.00,0.00
2013-02-10,23.60,24.10,22.70,24.00,56430.00,0.00
2013-02-11,24.00,24.70,23.60,24.60,29530.00,0.00
2013-02-12,24.60,25.80,24.30,25.20,74240.00,0.00
2013-02-13,25.20,26.30,24.20,24.20,90150.00,-0.00
2013-02-14,24.20,27.60,21.70,27.20,145740.00,0.00
2013-02-15,27.20,27.50,26.10,27.10,51710.00,-0.00
2013-02-16,27.10,27.50,26.80,27.20,18830.00,0.00
2013-02-17,27.20,27.40,25.00,26.80,77040.00,-0.00
2013-02-18,26.80,27.10,26.40,27.00,29740.00,0.00
2013-02-19,27.00,29.60,26.80,29.40,99700.00,0.00
2013-02-20,29.40,29.90,29.00,29.60,37210.00,0.00
2013-02-21,29.60,30.00,29.30,29.80,34730.00,0.00
2013-02-22,29.80,31.30,29.70,30.30,66950.00,0.00
2013-02-23,30.30,30.70,28.00,29.80,72280.00,-0.00
2013-02-24,29.80,30.40,29.20,29.90,24280.00,0.00
2013-02-25,29.90,30.40,29.50,30.40,26780.00,0.00
2013-02-26,30.40,31.70,30.10,31.10,42860.00,0.00
2013-02-27,31.10,31.60,30.80,30.90,30470.00,-0.00
2013-02-28,30.90,34.50,30.90,33.40,126520.00,0.00
2013-03-01,33.40,34.90,32.90,34.50,39790.00,0.00
2013-03-02,34.50,34.80,33.20,34.30,36660.00,-0.00
2013-03-03,34.30,34.50,33.80,34.50,12530.00,0.00
2013-03-04,34.50,36.70,34.20,36.20,46770.00,0.00
2013-03-05,36.20,40.70,36.20,40.30,85430.00,0.00
2013-03-06,40.30,49.10,40.10,41.00,126450.00,0.00
2013-03-07,41.00,45.50,33.30,42.00,157320.00,0.00
2013-03-08,42.00,44.50,41.00,44.20,47100.00,0.00
2013-03-09,44.20,47.00,43.40,46.80,44480.00,0.00
2013-03-10,46.80,48.00,45.50,46.00,36360.00,-0.00
2013-03-11,46.00,48.50,45.50,48.40,41390.00,0.00
2013-03-12,48.40,48.40,36.70,44.30,183410.00,-0.00
2013-03-13,44.30,47.30,43.80,46.90,49520.00,0.00
2013-03-14,46.90,48.00,46.00,47.20,37040.00,0.00
2013-03-15,47.20,47.50,46.40,47.00,20290.00,-0.00
2013-03-16,47.00,47.40,46.30,47.00,16320.00,0.00
2013-03-17,47.00,47.70,46.80,47.40,13940.00,0.00
2013-03-18,47.40,52.90,47.10,51.60,65310.00,0.00
2013-03-19,51.60,62.00,50.00,59.10,111700.00,0.00
2013-03-20,59.10,66.00,57.70,64.50,93140.00,0.00
2013-03-21,64.50,74.90,63.10,70.80,94310.00,0.00
2013-03-22,70.80,73.80,65.00,69.90,73200.00,-0.00
2013-03-23,69.90,70.50,52.30,64.30,150460.00,-0.00
2013-03-24,64.30,72.50,62.70,71.50,42020.00,0.00
2013-03-25,71.50,78.00,69.50,73.60,79740.00,0.00
2013-03-26,73.60,79.70,73.10,78.50,56670.00,0.00
2013-03-27,78.50,89.50,78.40,88.90,72230.00,0.00
2013-03-28,88.90,95.70,75.00,86.20,140260.00,-0.00
2013-03-29,86.20,93.10,83.00,90.50,83180.00,0.00
2013-03-30,90.50,95.00,87.00,92.20,37290.00,0.00
2013-03-31,92.20,93.80,91.00,93.00,21130.00,0.00
2013-04-01,93.00,106.00,92.20,104.00,90560.00,0.00
2013-04-02,104.00,118.40,99.00,118.00,81290.00,0.00
2013-04-03,118.00,147.00,110.00,135.00,152710.00,0.00
2013-04-04,135.00,142.10,116.40,132.10,88360.00,-0.00
2013-04-05,132.10,144.90,130.20,142.30,68590.00,0.00
2013-04-06,142.30,143.90,139.50,142.60,18290.00,0.00
2013-04-07,142.60,164.90,142.60,162.30,60960.00,0.00
2013-04-08,162.30,194.90,162.60,187.50,114250.00,0.00
2013-04-09,187.50,240.10,186.50,230.00,105840.00,0.00
2013-04-10,230.00,266.00,105.00,165.00,190180.00,-0.00
2013-04-11,165.00,188.70,110.20,124.90,118750.00,-0.00
2013-04-12,124.90,140.00,54.30,117.00,556470.00,-0.00
2013-04-13,117.00,130.00,85.50,93.00,238350.00,-0.00
2013-04-14,93.00,110.00,84.40,90.00,166280.00,-0.00
2013-04-15,90.00,102.00,71.50,82.40,236670.00,-0.00
2013-04-16,82.40,84.50,50.00,68.40,572350.00,-0.00
2013-04-17,68.40,98.80,63.30,93.10,327630.00,0.00
2013-04-18,93.10,113.00,86.00,109.00,172980.00,0.00
2013-04-19,109.00,136.40,105.50,118.50,257170.00,0.00
2013-04-20,118.50,132.00,115.00,126.60,74360.00,0.00
2013-04-21,126.60,130.50,110.00,119.20,99130.00,-0.00
2013-04-22,119.20,127.40,118.50,127.40,59150.00,0.00
2013-04-23,127.40,144.00,125.00,143.50,116150.00,0.00
2013-04-24,143.50,166.40,141.00,154.20,225900.00,0.00
2013-04-25,154.20,162.00,120.10,141.70,187650.00,-0.00
2013-04-26,141.70,145.00,121.40,136.90,129010.00,-0.00
2013-04-27,136.90,139.90,122.70,128.00,59880.00,-0.00
2013-04-28,128.00,136.70,127.50,134.40,27520.00,0.00
2013-04-29,134.40,149.10,133.00,144.00,70210.00,0.00
2013-04-30,144.00,146.90,134.00,139.20,65230.00,-0.00
2013-05-01,139.20,140.10,104.00,116.40,180010.00,-0.00
2013-05-02,116.40,126.90,91.10,106.30,234170.00,-0.00
2013-05-03,106.30,109.00,79.00,98.10,246480.00,-0.00
2013-05-04,98.10,116.30,92.00,112.90,132620.00,0.00
2013-05-05,112.90,118.80,107.00,116.00,84210.00,0.00
2013-05-06,116.00,124.90,106.00,112.30,150070.00,-0.00
2013-05-07,112.30,114.00,97.50,109.60,139670.00,-0.00
2013-05-08,109.60,116.80,109.50,113.20,61720.00,0.00
2013-05-09,113.20,113.70,108.80,112.80,26950.00,-0.00
2013-05-10,112.80,122.50,111.50,117.70,77480.00,0.00
2013-05-11,117.70,118.70,113.00,115.60,28040.00,-0.00
2013-05-12,115.60,117.50,112.40,114.80,20600.00,-0.00
2013-05-13,114.80,118.90,114.50,118.00,26180.00,0.00
2013-05-14,118.00,119.80,109.40,111.40,87780.00,-0.00
2013-05-15,111.40,116.40,103.00,114.20,117970.00,0.00
2013-05-16,114.20,119.00,112.10,118.20,45230.00,0.00
2013-05-17,118.20,125.60,116.60,123.50,79120.00,0.00
2013-05-18,123.50,125.30,122.30,123.20,22650.00,-0.00
2013-05-19,123.20,124.50,119.50,122.50,20570.00,-0.00
2013-05-20,122.50,123.70,120.10,122.00,17320.00,-0.00
2013-05-21,122.00,123.10,121.10,122.90,13390.00,0.00
2013-05-22,122.90,124.50,122.00,123.80,18310.00,0.00
2013-05-23,123.80,126.90,123.00,126.30,22120.00,0.00
2013-05-24,126.30,134.00,125.40,133.10,48770.00,0.00
2013-05-25,133.10,133.50,128.20,132.00,16840.00,-0.00
2013-05-26,132.00,136.00,130.60,133.50,23360.00,0.00
2013-05-27,133.50,135.50,124.00,129.80,46830.00,-0.00
2013-05-28,129.80,130.60,125.40,129.00,22800.00,-0.00
2013-05-29,129.00,132.70,127.60,132.30,19250.00,0.00
2013-05-30,132.30,132.40,126.50,128.80,24700.00,-0.00
2013-05-31,128.80,130.00,126.30,128.80,16580.00,0.00
2013-06-01,128.80,129.80,127.10,129.30,6360.00,0.00
2013-06-02,129.30,130.10,115.00,122.50,101140.00,-0.00
2013-06-03,122.50,122.80,115.10,120.70,28900.00,-0.00
2013-06-04,120.70,124.00,118.80,121.40,21950.00,0.00
2013-06-05,121.40,123.50,119.50,121.90,16640.00,0.00
2013-06-06,121.90,123.30,117.00,119.00,22100.00,-0.00
2013-06-07,119.00,119.10,106.20,111.00,65770.00,-0.00
2013-06-08,111.00,113.20,107.00,107.90,17220.00,-0.00
2013-06-09,107.90,109.00,88.00,100.40,149430.00,-0.00
2013-06-10,100.40,110.60,95.00,106.30,64320.00,0.00
2013-06-11,106.30,109.60,103.20,109.00,16130.00,0.00
2013-06-12,109.00,112.30,106.00,108.80,17700.00,-0.00
2013-06-13,108.80,110.30,100.30,103.90,30440.00,-0.00
2013-06-14,103.90,104.70,97.10,100.00,36050.00,-0.00
2013-06-15,100.00,103.70,97.50,99.80,22530.00,-0.00
2013-06-16,99.80,101.80,98.90,99.90,8660.00,0.00
2013-06-17,99.90,102.40,98.90,101.90,15190.00,0.00
2013-06-18,101.90,113.30,101.00,107.30,60610.00,0.00
2013-06-19,107.30,111.00,104.70,108.30,17570.00,0.00
2013-06-20,108.30,114.50,107.10,111.30,43090.00,0.00
2013-06-21,111.30,115.00,107.60,109.50,38080.00,-0.00
2013-06-22,109.50,110.00,107.50,108.20,7280.00,-0.00
2013-06-23,108.20,109.00,106.20,107.90,11050.00,-0.00
2013-06-24,107.90,108.30,100.80,102.10,28900.00,-0.00
2013-06-25,102.10,110.00,100.00,103.30,93710.00,0.00
2013-06-26,103.30,105.50,101.80,104.00,13230.00,0.00
2013-06-27,104.00,104.00,100.10,101.70,14730.00,-0.00
2013-06-28,101.70,101.80,92.30,94.70,47770.00,-0.00
2013-06-29,94.70,100.40,93.00,95.00,25540.00,0.00
2013-06-30,95.00,98.10,93.80,97.50,8580.00,0.00
2013-07-01,97.50,98.20,86.00,88.10,53170.00,-0.00
2013-07-02,88.10,92.60,87.50,90.40,27770.00,0.00
2013-07-03,90.40,91.20,76.00,78.90,73620.00,-0.00
2013-07-04,78.90,84.30,72.00,80.00,63550.00,0.00
2013-07-05,80.00,80.60,65.40,68.50,91060.00,-0.00
2013-07-06,68.50,75.00,66.80,69.70,41040.00,0.00
2013-07-07,69.70,77.00,66.60,76.50,42950.00,0.00
2013-07-08,76.50,80.00,72.50,76.00,58990.00,-0.00
2013-07-09,76.00,78.30,72.50,76.70,32520.00,0.00
2013-07-10,76.70,89.80,75.50,88.00,60070.00,0.00
2013-07-11,88.00,90.70,85.00,89.00,35570.00,0.00
2013-07-12,89.00,104.20,88.00,94.00,101550.00,0.00
2013-07-13,94.00,98.30,87.80,98.30,34460.00,0.00
2013-07-14,98.30,99.00,92.90,94.40,12340.00,-0.00
2013-07-15,94.40,101.90,93.10,98.90,34510.00,0.00
2013-07-16,98.90,100.70,96.00,97.10,16530.00,-0.00
2013-07-17,97.10,100.00,96.20,98.50,17270.00,0.00
2013-07-18,98.50,98.80,86.20,90.10,59500.00,-0.00
2013-07-19,90.10,95.20,87.60,92.00,27680.00,0.00
2013-07-20,92.00,93.10,89.30,89.80,9430.00,-0.00
2013-07-21,89.80,92.00,88.00,92.00,8770.00,0.00
2013-07-22,92.00,92.00,89.80,91.60,9100.00,-0.00
2013-07-23,91.60,97.10,91.60,95.60,24610.00,0.00
2013-07-24,95.60,96.00,92.30,95.10,14600.00,-0.00
2013-07-25,95.10,97.50,93.60,96.90,22510.00,0.00
2013-07-26,96.90,97.50,96.00,96.00,11150.00,-0.00
2013-07-27,96.00,97.00,93.00,94.40,15120.00,-0.00
2013-07-28,94.40,100.60,94.00,98.80,42230.00,0.00
2013-07-29,98.80,102.80,98.40,101.50,24740.00,0.00
2013-07-30,101.50,108.00,100.50,108.00,27850.00,0.00
2013-07-31,108.00,111.70,103.60,106.20,45500.00,-0.00
2013-08-01,106.20,108.00,103.00,104.00,15020.00,-0.00
2013-08-02,104.00,108.00,101.20,104.50,27500.00,0.00
2013-08-03,104.50,105.90,102.00,104.90,8900.00,0.00
2013-08-04,104.90,106.00,103.50,105.10,6380.00,0.00
2013-08-05,105.10,107.80,105.00,106.70,15440.00,0.00
2013-08-06,106.70,107.50,105.10,106.60,13410.00,-0.00
2013-08-07,106.60,107.00,105.20,106.00,7720.00,-0.00
2013-08-08,106.00,106.70,101.00,103.10,24020.00,-0.00
2013-08-09,103.10,105.80,101.90,102.80,12040.00,-0.00
2013-08-10,102.80,103.90,102.40,103.00,4000.00,0.00
2013-08-11,103.00,105.20,102.70,105.00,8170.00,0.00
2013-08-12,105.00,108.10,103.50,106.80,20080.00,0.00
2013-08-13,106.80,109.60,104.50,109.60,18750.00,0.00
2013-08-14,109.60,115.00,108.00,112.60,50570.00,0.00
2013-08-15,112.60,113.30,108.80,110.00,15860.00,-0.00
2013-08-16,110.00,112.30,108.20,109.00,13540.00,-0.00
2013-08-17,109.00,114.00,108.20,112.80,12780.00,0.00
2013-08-18,112.80,114.70,112.00,113.40,9620.00,0.00
2013-08-19,113.40,123.80,111.80,118.50,53070.00,0.00
2013-08-20,118.50,123.00,116.80,121.20,24290.00,0.00
2013-08-21,121.20,125.00,119.70,123.30,30640.00,0.00
2013-08-22,123.30,124.50,120.50,122.00,13960.00,-0.00
2013-08-23,122.00,122.00,118.40,118.50,19470.00,-0.00
2013-08-24,118.50,121.40,118.00,119.60,8960.00,0.00
2013-08-25,119.60,123.00,119.10,122.10,7440.00,0.00
2013-08-26,122.10,123.00,119.90,120.10,11440.00,-0.00
2013-08-27,120.10,133.00,120.00,131.30,53850.00,0.00
2013-08-28,131.30,131.70,128.00,128.80,12560.00,-0.00
2013-08-29,128.80,131.20,128.20,129.30,8220.00,0.00
2013-08-30,129.30,142.80,128.60,138.00,46070.00,0.00
2013-08-31,138.00,148.70,135.90,141.00,31150.00,0.00
2013-09-01,141.00,147.30,141.00,146.00,14100.00,0.00
2013-09-02,146.00,148.50,142.10,144.00,10650.00,-0.00
2013-09-03,144.00,148.90,142.20,144.00,17000.00,0.00
2013-09-04,144.00,145.80,130.10,132.50,28750.00,-0.00
2013-09-05,132.50,138.00,127.20,130.20,27030.00,-0.00
2013-09-06,130.20,134.00,121.90,121.90,19170.00,-0.00
2013-09-07,121.90,131.00,121.30,129.00,14190.00,0.00
2013-09-08,129.00,129.90,124.10,126.30,7350.00,-0.00
2013-09-09,126.30,137.50,124.00,133.10,29690.00,0.00
2013-09-10,133.10,136.00,131.40,132.60,8880.00,-0.00
2013-09-11,132.60,145.90,127.50,142.10,41560.00,0.00
2013-09-12,142.10,145.50,137.50,139.40,20530.00,-0.00
2013-09-13,139.40,145.60,137.80,140.70,20120.00,0.00
2013-09-14,140.70,142.00,136.50,136.70,8900.00,-0.00
2013-09-15,136.70,141.00,135.00,138.30,6440.00,0.00
2013-09-16,138.30,142.20,137.90,139.40,10610.00,0.00
2013-09-17,139.40,141.40,138.00,139.10,9640.00,-0.00
2013-09-18,139.10,142.00,139.00,140.40,9490.00,0.00
2013-09-19,140.40,141.20,131.10,135.10,21020.00,-0.00
2013-09-20,135.10,137.30,131.00,133.80,11050.00,-0.00
2013-09-21,133.80,136.00,132.00,134.40,5090.00,0.00
2013-09-22,134.40,135.00,131.00,134.00,5890.00,-0.00
2013-09-23,134.00,135.00,132.00,133.40,6000.00,-0.00
2013-09-24,133.40,136.60,132.50,134.80,8580.00,0.00
2013-09-25,134.80,138.00,134.70,135.00,9520.00,0.00
2013-09-26,135.00,139.00,134.70,137.10,6540.00,0.00
2013-09-27,137.10,142.70,134.80,138.90,27140.00,0.00
2013-09-28,138.90,143.00,138.00,142.50,13660.00,0.00
2013-09-29,142.50,145.80,141.40,143.90,18100.00,0.00
2013-09-30,143.90,145.80,138.10,141.90,14630.00,-0.00
2013-10-01,141.90,144.40,139.40,140.30,9570.00,-0.00
2013-10-02,140.30,141.90,109.70,123.00,111320.00,-0.00
2013-10-03,123.00,132.00,120.10,131.00,35270.00,0.00
2013-10-04,131.00,139.80,128.50,136.80,18510.00,0.00
2013-10-05,136.80,138.00,135.30,136.70,5000.00,-0.00
2013-10-06,136.70,138.00,134.10,137.80,4890.00,0.00
2013-10-07,137.80,139.00,135.10,135.80,7360.00,-0.00
2013-10-08,135.80,137.80,135.60,136.50,5230.00,0.00
2013-10-09,136.50,142.10,135.80,139.50,17490.00,0.00
2013-10-10,139.50,141.70,138.50,140.40,11080.00,0.00
2013-10-11,140.40,141.90,138.90,140.10,7250.00,-0.00
2013-10-12,140.10,143.10,139.40,142.90,11020.00,0.00
2013-10-13,142.90,147.60,141.50,147.50,16170.00,0.00
2013-10-14,147.50,153.70,146.00,151.40,29990.00,0.00
2013-10-15,151.40,158.10,150.60,158.10,15730.00,0.00
2013-10-16,158.10,163.00,144.20,152.80,42780.00,-0.00
2013-10-17,152.80,159.90,150.80,157.60,15880.00,0.00
2013-10-18,157.60,168.30,156.50,168.30,25890.00,0.00
2013-10-19,168.30,195.80,167.10,183.10,55280.00,0.00
2013-10-20,183.10,186.10,177.20,186.10,11420.00,0.00
2013-10-21,186.10,197.40,183.20,192.80,24100.00,0.00
2013-10-22,192.80,205.50,192.80,203.00,33870.00,0.00
2013-10-23,203.00,228.00,200.70,228.00,39900.00,0.00
2013-10-24,228.00,233.40,175.30,207.00,96750.00,-0.00
2013-10-25,207.00,209.00,176.60,197.90,36750.00,-0.00
2013-10-26,197.90,198.40,187.00,188.60,12090.00,-0.00
2013-10-27,188.60,207.80,188.90,206.90,13160.00,0.00
2013-10-28,206.90,209.80,200.40,206.90,11070.00,0.00
2013-10-29,206.90,216.50,204.20,216.00,10020.00,0.00
2013-10-30,216.00,216.50,204.00,208.00,13470.00,-0.00
2013-10-31,208.00,215.00,205.40,211.20,5290.00,0.00
2013-11-01,211.20,214.90,209.70,213.40,5880.00,0.00
2013-11-02,213.40,214.90,211.00,211.70,4880.00,-0.00
2013-11-03,211.70,226.90,212.10,224.00,12270.00,0.00
2013-11-04,224.00,239.00,221.90,238.20,18060.00,0.00
2013-11-05,238.20,258.90,229.00,251.30,45100.00,0.00
2013-11-06,251.30,272.50,251.40,264.10,38820.00,0.00
2013-11-07,264.10,324.20,263.60,309.60,86130.00,0.00
2013-11-08,309.60,358.00,308.00,355.00,44630.00,0.00
2013-11-09,355.00,395.00,340.00,367.80,49910.00,0.00
2013-11-10,367.80,372.50,290.00,336.30,74250.00,-0.00
2013-11-11,336.30,376.00,321.40,363.00,18000.00,0.00
2013-11-12,363.00,391.80,359.00,380.00,22030.00,0.00
2013-11-13,380.00,445.00,372.20,434.90,36020.00,0.00
2013-11-14,434.90,447.50,402.50,433.40,31410.00,-0.00
2013-11-15,433.40,457.90,413.00,433.90,28130.00,0.00
2013-11-16,433.90,476.90,428.00,462.00,19140.00,0.00
2013-11-17,462.00,536.80,457.00,528.30,26720.00,0.00
2013-11-18,528.30,787.90,522.00,785.40,72070.00,0.00
2013-11-19,785.40,900.90,502.60,645.70,99100.00,-0.00
2013-11-20,645.70,650.00,453.30,638.00,91590.00,-0.00
2013-11-21,638.00,784.30,595.20,764.90,38730.00,0.00
2013-11-22,764.90,822.00,682.30,802.00,30150.00,0.00
2013-11-23,802.00,890.00,799.50,832.50,21310.00,0.00
2013-11-24,832.50,855.00,745.20,795.00,25950.00,-0.00
2013-11-25,795.00,850.00,759.00,830.00,26380.00,0.00
2013-11-26,830.00,975.00,825.10,970.00,31610.00,0.00
2013-11-27,970.00,1094.80,914.30,1079.90,37860.00,0.00
2013-11-28,1079.90,1224.50,1032.10,1101.40,37400.00,0.00
2013-11-29,1101.40,1241.90,1050.00,1206.90,38710.00,0.00
2013-11-30,1206.90,1232.90,1150.20,1205.70,15100.00,-0.00
2013-12-01,1205.70,1216.80,840.30,1004.40,79920.00,-0.00
2013-12-02,1004.40,1117.70,975.00,1096.60,37050.00,0.00
2013-12-03,1096.60,1185.60,1064.90,1154.90,19340.00,0.00
2013-12-04,1154.90,1239.70,1131.30,1237.60,16300.00,0.00
2013-12-05,1237.60,1239.90,870.00,1106.30,58440.00,-0.00
2013-12-06,1106.30,1118.90,800.10,845.00,53520.00,-0.00
2013-12-07,845.00,896.00,576.00,697.00,97660.00,-0.00
2013-12-08,697.00,829.00,653.00,804.00,31210.00,0.00
2013-12-09,804.00,980.00,787.70,919.00,27630.00,0.00
2013-12-10,919.00,1067.70,912.00,1033.70,22100.00,0.00
2013-12-11,1033.70,1056.80,856.10,919.90,24360.00,-0.00
2013-12-12,919.90,941.00,839.50,900.00,9910.00,-0.00
2013-12-13,900.00,989.90,882.10,936.80,17370.00,0.00
2013-12-14,936.80,947.90,875.10,908.90,11590.00,-0.00
2013-12-15,908.90,927.90,838.00,919.90,15170.00,0.00
2013-12-16,919.90,924.90,714.00,759.90,41330.00,-0.00
2013-12-17,759.90,780.00,678.90,715.00,31710.00,-0.00
2013-12-18,715.00,717.00,454.90,541.00,110500.00,-0.00
2013-12-19,541.00,746.00,522.40,732.00,45760.00,0.00
2013-12-20,732.00,774.40,621.30,650.00,34770.00,-0.00
2013-12-21,650.00,690.00,610.00,640.50,14730.00,-0.00
2013-12-22,640.50,699.90,615.00,639.50,11630.00,-0.00
2013-12-23,639.50,724.90,631.00,713.20,15070.00,0.00
2013-12-24,713.20,729.90,666.00,702.80,10950.00,-0.00
2013-12-25,702.80,710.00,673.90,707.30,5340.00,0.00
2013-12-26,707.30,829.60,707.20,802.00,23530.00,0.00
2013-12-27,802.00,836.80,767.90,803.00,13890.00,0.00
2013-12-28,803.00,806.00,715.60,762.00,13340.00,-0.00
2013-12-29,762.00,804.00,735.00,785.00,7040.00,0.00
2013-12-30,785.00,818.80,781.00,804.80,10480.00,0.00
2013-12-31,804.80,813.90,777.00,805.90,9170.00,0.00
2014-01-01,805.90,829.90,771.00,815.90,10760.00,0.00
2014-01-02,815.90,886.20,810.50,856.90,12810.00,0.00
2014-01-03,856.90,888.20,839.40,884.30,9710.00,0.00
2014-01-04,884.30,932.20,848.30,924.70,14240.00,0.00
2014-01-05,924.70,1029.90,911.40,1014.70,21370.00,0.00
2014-01-06,1014.70,1093.40,964.70,1012.70,23080.00,-0.00
2014-01-07,1012.70,1044.00,879.80,879.90,22670.00,-0.00
2014-01-08,879.90,966.90,858.90,938.80,14100.00,0.00
2014-01-09,938.80,964.60,866.50,937.00,14420.00,-0.00
2014-01-10,937.00,964.80,905.90,957.80,6350.00,0.00
2014-01-11,957.80,1010.80,935.00,1005.30,11180.00,0.00
2014-01-12,1005.30,1022.70,922.10,939.80,9930.00,-0.00
2014-01-13,939.80,949.20,879.90,922.90,10130.00,-0.00
2014-01-14,922.90,942.50,904.20,919.30,4310.00,-0.00
2014-01-15,919.30,973.10,915.10,941.20,6830.00,0.00
2014-01-16,941.20,955.50,910.50,913.50,5100.00,-0.00
2014-01-17,913.50,929.80,867.20,894.20,10310.00,-0.00
2014-01-18,894.20,924.70,884.70,905.70,6040.00,0.00
2014-01-19,905.70,958.10,901.90,954.80,7570.00,0.00
2014-01-20,954.80,980.50,926.00,956.00,10410.00,0.00
2014-01-21,956.00,974.30,943.20,962.20,6590.00,0.00
2014-01-22,962.20,973.90,935.00,951.00,4780.00,-0.00
2014-01-23,951.00,958.10,936.30,944.20,1970.00,-0.00
2014-01-24,944.20,949.50,902.90,916.50,6200.00,-0.00
2014-01-25,916.50,978.40,915.90,961.00,8180.00,0.00
2014-01-26,961.00,1038.10,950.70,1007.00,13070.00,0.00
2014-01-27,1007.00,1021.50,937.20,943.50,8330.00,-0.00
2014-01-28,943.50,972.60,911.70,932.70,10410.00,-0.00
2014-01-29,932.70,950.60,918.90,925.70,5680.00,-0.00
2014-01-30,925.70,953.20,909.50,941.40,5430.00,0.00
2014-01-31,941.40,954.70,924.60,938.80,4310.00,-0.00
2014-02-01,938.80,969.20,927.80,940.40,4370.00,0.00
2014-02-02,940.40,959.40,934.40,953.30,1580.00,0.00
2014-02-03,953.30,959.60,931.70,931.70,2790.00,-0.00
2014-02-04,931.70,949.10,900.80,926.60,4610.00,-0.00
2014-02-05,926.60,939.80,890.00,904.50,7560.00,-0.00
2014-02-06,904.50,908.80,800.90,828.90,18600.00,-0.00
2014-02-07,828.90,833.10,651.70,695.70,49910.00,-0.00
2014-02-08,695.70,719.30,632.10,648.80,22880.00,-0.00
2014-02-09,648.80,694.10,622.50,659.60,19890.00,0.00
2014-02-10,659.60,700.00,500.00,582.60,40130.00,-0.00
2014-02-11,582.60,609.70,550.20,579.00,16730.00,-0.00
2014-02-12,579.00,585.10,511.90,531.10,21300.00,-0.00
2014-02-13,531.10,549.20,451.30,451.40,28940.00,-0.00
2014-02-14,451.40,500.00,302.20,427.70,65820.00,-0.00
2014-02-15,427.70,447.90,310.10,371.10,50620.00,-0.00
2014-02-16,371.10,540.00,220.40,299.80,86180.00,-0.00
2014-02-17,299.80,411.20,263.40,272.30,51440.00,-0.00
2014-02-18,272.30,370.10,248.30,294.00,48880.00,0.00
2014-02-19,294.00,308.60,257.20,261.50,31500.00,-0.00
2014-02-20,261.50,271.60,109.20,111.90,102180.00,-0.00
2014-02-21,111.90,160.10,91.70,111.60,82590.00,-0.00
2014-02-22,111.60,290.60,96.70,255.60,72170.00,0.00
2014-02-23,255.60,349.10,220.30,310.20,38550.00,0.00
2014-02-24,310.20,316.90,131.90,174.00,95120.00,-0.00
2014-02-25,174.00,174.60,102.30,135.80,30430.00,-0.00
2014-02-26,135.80,650.00,522.80,593.10,600.00,0.00
2014-02-27,593.10,629.90,580.50,596.50,500.00,0.00
2014-02-28,596.50,599.00,570.00,573.90,510.00,-0.00
2014-03-01,573.90,564.10,262.80,557.40,400.00,-0.00
2014-03-02,557.40,562.90,541.50,544.60,830.00,-0.00
2014-03-03,544.60,695.40,545.40,662.20,1260.00,0.00
2014-03-04,662.20,686.20,645.20,661.80,1370.00,-0.00
2014-03-05,661.80,666.00,636.80,658.30,1260.00,-0.00
2014-03-06,658.30,661.80,636.20,648.30,2070.00,-0.00
2014-03-07,648.30,655.20,600.30,616.70,2340.00,-0.00
2014-03-08,616.70,625.70,588.60,609.20,2170.00,-0.00
2014-03-09,609.20,637.60,598.50,627.00,1950.00,0.00
2014-03-10,627.00,633.70,594.70,613.00,2630.00,-0.00
2014-03-11,613.00,619.70,599.90,608.70,2430.00,-0.00
2014-03-12,608.70,640.80,608.20,619.40,3200.00,0.00
2014-03-13,619.40,636.10,616.10,625.00,3410.00,0.00
2014-03-14,625.00,631.20,610.60,614.00,4000.00,-0.00
2014-03-15,614.00,628.80,609.20,624.00,3460.00,0.00
2014-03-16,624.00,627.30,613.20,619.10,3300.00,-0.00
2014-03-17,619.10,622.50,602.70,606.40,3580.00,-0.00
2014-03-18,606.40,611.70,585.70,598.90,3650.00,-0.00
2014-03-19,598.90,607.10,590.10,595.00,3580.00,-0.00
2014-03-20,595.00,598.40,560.30,566.00,4240.00,-0.00
2014-03-21,566.00,587.40,540.20,549.60,3820.00,-0.00
2014-03-22,549.60,570.00,537.20,564.30,3770.00,0.00
2014-03-23,564.30,564.30,538.60,551.20,4130.00,-0.00
2014-03-24,551.20,572.50,531.30,567.60,3670.00,0.00
2014-03-25,567.60,569.70,550.40,562.90,3870.00,-0.00
2014-03-26,562.90,575.40,546.30,562.50,3710.00,-0.00
2014-03-27,562.50,567.80,460.50,460.50,3780.00,-0.00
2014-03-28,460.50,515.00,453.80,482.60,4110.00,0.00
2014-03-29,482.60,494.30,473.80,477.10,4290.00,-0.00
2014-03-30,477.10,479.00,424.00,446.90,3860.00,-0.00
2014-03-31,446.90,473.40,422.50,444.70,4150.00,-0.00
2014-04-01,444.70,487.40,438.00,463.50,3970.00,0.00
2014-04-02,463.50,480.30,409.30,424.40,4380.00,-0.00
2014-04-03,424.40,448.70,386.70,436.30,4020.00,0.00
2014-04-04,436.30,456.50,415.50,444.40,2570.00,0.00
2014-04-05,444.40,461.20,439.40,456.60,1160.00,0.00
2014-04-06,456.60,472.40,446.30,455.70,3590.00,-0.00
2014-04-07,455.70,485.10,448.00,462.40,3950.00,0.00
2014-04-08,462.40,480.70,457.60,466.60,3910.00,0.00
2014-04-09,466.60,479.70,451.10,457.30,3880.00,-0.00
2014-04-10,457.30,463.50,384.60,384.60,3650.00,-0.00
2014-04-11,384.60,450.40,355.70,435.10,5160.00,0.00
2014-04-12,435.10,469.80,428.00,437.60,5190.00,0.00
2014-04-13,437.60,454.10,409.90,427.60,4970.00,-0.00
2014-04-14,427.60,497.80,420.10,478.40,7620.00,0.00
2014-04-15,478.40,526.60,466.40,526.40,8000.00,0.00
2014-04-16,526.40,549.00,496.10,537.00,8060.00,0.00
2014-04-17,537.00,537.00,486.90,502.00,8000.00,-0.00
2014-04-18,502.00,512.20,472.00,485.50,8360.00,-0.00
2014-04-19,485.50,516.90,473.20,506.00,8380.00,0.00
2014-04-20,506.00,522.20,488.70,498.50,7690.00,-0.00
2014-04-21,498.50,524.70,490.70,495.20,7350.00,-0.00
2014-04-22,495.20,520.50,483.40,487.90,5680.00,-0.00
2014-04-23,487.90,510.00,482.30,487.30,4740.00,-0.00
2014-04-24,487.30,507.30,477.20,500.30,4230.00,0.00
2014-04-25,500.30,502.50,438.30,464.50,6450.00,-0.00
2014-04-26,464.50,468.70,448.60,457.90,6890.00,-0.00
2014-04-27,457.90,461.40,437.40,443.20,6960.00,-0.00
2014-04-28,443.20,451.10,420.80,441.90,4540.00,-0.00
2014-04-29,441.90,453.80,430.70,446.10,3720.00,0.00
2014-04-30,446.10,452.60,430.90,445.60,4080.00,-0.00
2014-05-01,445.60,464.50,444.50,460.10,4200.00,0.00
2014-05-02,460.10,463.40,442.00,453.70,3380.00,-0.00
2014-05-03,453.70,454.20,429.10,438.60,2580.00,-0.00
2014-05-04,438.60,446.60,428.80,436.00,3370.00,-0.00
2014-05-05,436.00,443.90,426.40,430.90,3040.00,-0.00
2014-05-06,430.90,435.00,420.20,432.20,4190.00,0.00
2014-05-07,432.20,458.80,423.50,446.50,5030.00,0.00
2014-05-08,446.50,455.50,439.50,441.10,2540.00,-0.00
2014-05-09,441.10,455.80,438.50,445.50,2270.00,0.00
2014-05-10,445.50,459.50,441.40,451.90,450.00,0.00
2014-05-11,451.90,455.40,429.00,433.20,1890.00,-0.00
2014-05-12,433.20,441.10,430.20,438.20,1390.00,0.00
2014-05-13,438.20,442.30,432.70,433.90,2650.00,-0.00
2014-05-14,433.90,444.30,433.90,442.60,2200.00,0.00
2014-05-15,442.60,450.00,441.50,448.10,2170.00,0.00
2014-05-16,448.10,455.10,441.90,453.60,1760.00,0.00
2014-05-17,453.60,455.90,452.20,452.80,1710.00,-0.00
2014-05-18,452.80,454.00,449.00,450.10,1450.00,-0.00
2014-05-19,450.10,451.70,441.20,443.90,1350.00,-0.00
2014-05-20,443.90,486.20,437.30,484.60,1900.00,0.00
2014-05-21,484.60,495.20,481.70,488.80,1400.00,0.00
2014-05-22,488.80,519.30,485.50,515.40,3120.00,0.00
2014-05-23,515.40,540.90,515.20,518.10,2760.00,0.00
2014-05-24,518.10,526.70,510.40,520.50,2860.00,0.00
2014-05-25,520.50,575.20,520.50,570.40,1870.00,0.00
2014-05-26,570.40,586.40,564.70,582.00,2960.00,0.00
2014-05-27,582.00,586.20,555.30,570.10,3350.00,-0.00
2014-05-28,570.10,581.80,562.60,570.80,3570.00,0.00
2014-05-29,570.80,573.80,557.70,564.40,3730.00,-0.00
2014-05-30,564.40,613.30,564.00,612.30,6210.00,0.00
2014-05-31,612.30,629.00,604.70,627.90,4410.00,0.00
2014-06-01,627.90,675.00,622.00,649.80,3550.00,0.00
2014-06-02,649.80,662.60,625.50,655.50,4130.00,0.00
2014-06-03,655.50,676.50,631.40,669.40,4360.00,0.00
2014-06-04,669.40,669.80,602.10,638.90,5600.00,-0.00
2014-06-05,638.90,665.40,635.60,660.20,2760.00,0.00
2014-06-06,660.20,663.80,647.10,650.40,6040.00,-0.00
2014-06-07,650.40,659.80,641.00,651.70,1970.00,0.00
2014-06-08,651.70,658.90,648.70,651.00,3310.00,-0.00
2014-06-09,651.00,652.10,639.10,644.30,3260.00,-0.00
2014-06-10,644.30,661.40,641.70,655.60,3560.00,0.00
2014-06-11,655.60,663.00,642.30,643.00,3800.00,-0.00
2014-06-12,643.00,643.80,591.10,597.10,4590.00,-0.00
2014-06-13,597.10,619.10,594.90,610.30,7550.00,0.00
2014-06-14,610.30,613.80,563.70,583.40,5000.00,-0.00
2014-06-15,583.40,587.80,560.80,582.30,3940.00,-0.00
2014-06-16,582.30,606.10,580.50,599.10,3990.00,0.00
2014-06-17,599.10,608.40,594.90,605.10,3000.00,0.00
2014-06-18,605.10,614.40,603.60,606.20,3310.00,0.00
2014-06-19,606.20,612.60,598.70,600.20,5600.00,-0.00
2014-06-20,600.20,602.00,587.10,590.80,2150.00,-0.00
2014-06-21,590.80,599.20,584.80,597.00,2280.00,0.00
2014-06-22,597.00,610.10,592.00,603.60,2040.00,0.00
2014-06-23,603.60,604.70,582.90,591.20,2650.00,-0.00
2014-06-24,591.20,595.70,585.40,588.80,3080.00,-0.00
2014-06-25,588.80,589.60,566.90,568.50,3090.00,-0.00
2014-06-26,568.50,582.70,565.80,582.70,4150.00,0.00
2014-06-27,582.70,603.90,580.10,602.20,3390.00,0.00
2014-06-28,602.20,608.80,594.00,597.60,2940.00,-0.00
2014-06-29,597.60,604.30,593.20,601.10,2890.00,0.00
2014-06-30,601.10,637.30,596.50,635.10,3830.00,0.00
2014-07-01,635.10,652.50,634.10,643.20,4110.00,0.00
2014-07-02,643.20,652.10,604.60,645.70,4780.00,0.00
2014-07-03,645.70,646.40,633.60,638.00,4010.00,-0.00
2014-07-04,638.00,642.20,623.00,624.00,3600.00,-0.00
2014-07-05,624.00,627.80,619.70,623.00,3250.00,-0.00
2014-07-06,623.00,629.40,622.70,626.70,2700.00,0.00
2014-07-07,626.70,627.90,607.30,613.60,2530.00,-0.00
2014-07-08,613.60,619.70,609.30,615.30,3210.00,0.00
2014-07-09,615.30,623.80,610.50,623.00,3070.00,0.00
2014-07-10,623.00,625.00,611.70,618.40,3610.00,-0.00
2014-07-11,618.40,633.60,616.10,632.90,3120.00,0.00
2014-07-12,632.90,638.60,625.90,635.90,3430.00,0.00
2014-07-13,635.90,638.60,627.50,628.00,1700.00,-0.00
2014-07-14,628.00,629.00,616.10,618.30,2550.00,-0.00
2014-07-15,618.30,624.40,617.30,619.60,3690.00,0.00
2014-07-16,619.60,622.40,614.20,614.80,3000.00,-0.00
2014-07-17,614.80,632.50,610.00,626.60,2920.00,0.00
2014-07-18,626.60,630.20,617.90,627.50,3350.00,0.00
2014-07-19,627.50,634.10,625.10,627.00,3960.00,-0.00
2014-07-20,627.00,627.90,620.00,621.00,2300.00,-0.00
2014-07-21,621.00,625.90,615.00,625.10,2530.00,0.00
2014-07-22,625.10,628.80,620.00,622.50,3280.00,-0.00
2014-07-23,622.50,625.00,621.00,621.70,2170.00,-0.00
2014-07-24,621.70,622.00,599.40,601.90,4740.00,-0.00
2014-07-25,601.90,609.10,597.40,600.50,5920.00,-0.00
2014-07-26,600.50,603.00,593.30,596.00,3480.00,-0.00
2014-07-27,596.00,601.50,593.70,595.00,3530.00,-0.00
2014-07-28,595.00,597.50,578.10,587.90,2330.00,-0.00
2014-07-29,587.90,591.30,579.50,585.80,6720.00,-0.00
2014-07-30,585.80,586.10,564.20,564.60,4100.00,-0.00
2014-07-31,564.60,593.70,564.00,589.50,3520.00,0.00
2014-08-01,589.50,604.00,586.40,598.80,8930.00,0.00
2014-08-02,598.80,598.90,587.40,591.70,2120.00,-0.00
2014-08-03,591.70,592.10,580.60,588.90,1260.00,-0.00
2014-08-04,588.90,595.10,586.50,592.80,3420.00,0.00
2014-08-05,592.80,594.30,585.40,588.80,4090.00,-0.00
2014-08-06,588.80,593.80,587.20,589.80,3010.00,0.00
2014-08-07,589.80,595.10,587.90,592.80,2500.00,0.00
2014-08-08,592.80,608.20,592.10,595.80,3110.00,0.00
2014-08-09,595.80,595.60,587.40,589.50,1420.00,-0.00
2014-08-10,589.50,596.60,588.10,592.10,1340.00,0.00
2014-08-11,592.10,593.60,571.70,575.90,2570.00,-0.00
2014-08-12,575.90,578.30,562.00,567.70,3330.00,-0.00
2014-08-13,567.70,573.50,523.20,542.10,4820.00,-0.00
2014-08-14,542.10,544.90,495.90,504.80,10880.00,-0.00
2014-08-15,504.80,515.20,483.20,496.50,4770.00,-0.00
2014-08-16,496.50,524.30,483.20,522.00,3870.00,0.00
2014-08-17,522.00,524.70,478.20,485.50,3140.00,-0.00
2014-08-18,485.50,493.30,450.00,462.20,6380.00,-0.00
2014-08-19,462.20,487.00,455.80,485.10,5120.00,0.00
2014-08-20,485.10,521.80,468.50,516.80,5890.00,0.00
2014-08-21,516.80,537.20,511.40,517.90,5650.00,0.00
2014-08-22,517.90,524.40,500.60,516.10,6030.00,-0.00
2014-08-23,516.10,516.80,494.00,497.70,3130.00,-0.00
2014-08-24,497.70,514.80,496.80,509.70,2530.00,0.00
2014-08-25,509.70,511.30,499.70,502.90,2740.00,-0.00
2014-08-26,502.90,516.00,501.80,512.60,3530.00,0.00
2014-08-27,512.60,527.40,512.70,515.20,3790.00,0.00
2014-08-28,515.20,521.60,503.30,510.80,4470.00,-0.00
2014-08-29,510.80,515.20,506.70,512.60,3640.00,0.00
2014-08-30,512.60,512.90,503.10,506.00,2630.00,-0.00
2014-08-31,506.00,508.30,478.30,481.80,6100.00,-0.00
2014-09-01,481.80,487.50,471.80,477.20,6790.00,-0.00
2014-09-02,477.20,487.00,470.50,478.90,6750.00,0.00
2014-09-03,478.90,487.30,476.80,480.00,6140.00,0.00
2014-09-04,480.00,498.50,476.30,491.00,8810.00,0.00
2014-09-05,491.00,495.00,483.10,483.60,6040.00,-0.00
2014-09-06,483.60,491.40,480.80,484.50,3790.00,0.00
2014-09-07,484.50,490.70,478.50,485.80,3560.00,0.00
2014-09-08,485.80,487.00,469.50,475.70,8140.00,-0.00
2014-09-09,475.70,478.60,467.50,474.90,7290.00,-0.00
2014-09-10,474.90,491.00,471.60,479.70,8290.00,0.00
2014-09-11,479.70,488.90,474.60,478.50,6290.00,-0.00
2014-09-12,478.50,479.70,471.10,477.70,5150.00,-0.00
2014-09-13,477.70,480.60,474.60,478.20,5280.00,0.00
2014-09-14,478.20,480.30,472.00,477.70,4210.00,-0.00
2014-09-15,477.70,479.30,473.70,477.70,5630.00,0.00
2014-09-16,477.70,478.80,464.00,466.80,6520.00,-0.00
2014-09-17,466.80,469.40,458.30,461.10,7510.00,-0.00
2014-09-18,461.10,462.30,408.80,424.30,8930.00,-0.00
2014-09-19,424.30,429.20,386.10,397.70,14970.00,-0.00
2014-09-20,397.70,427.70,387.50,411.50,14290.00,0.00
2014-09-21,411.50,415.10,394.50,401.60,10420.00,-0.00
2014-09-22,401.60,410.80,398.60,404.10,13520.00,0.00
2014-09-23,404.10,445.50,394.80,436.90,17940.00,0.00
2014-09-24,436.90,439.20,422.10,423.80,21370.00,-0.00
2014-09-25,423.80,427.50,409.60,412.30,14630.00,-0.00
2014-09-26,412.30,416.40,399.70,404.50,12120.00,-0.00
2014-09-27,404.50,407.10,394.70,399.00,9740.00,-0.00
2014-09-28,399.00,402.30,374.10,379.10,13940.00,-0.00
2014-09-29,379.10,389.30,372.60,376.80,20690.00,-0.00
2014-09-30,376.80,395.20,374.70,388.20,16920.00,0.00
2014-10-01,388.20,395.10,381.10,382.80,17730.00,-0.00
2014-10-02,382.80,385.60,371.20,375.10,14300.00,-0.00
2014-10-03,375.10,378.20,362.80,363.50,16810.00,-0.00
2014-10-04,363.50,369.90,327.10,335.30,23040.00,-0.00
2014-10-05,335.30,344.30,294.90,322.90,29850.00,-0.00
2014-10-06,322.90,347.90,303.00,331.50,41170.00,0.00
2014-10-07,331.50,345.50,321.70,331.60,30170.00,0.00
2014-10-08,331.60,351.60,325.40,350.90,21770.00,0.00
2014-10-09,350.90,384.60,347.60,360.90,35590.00,0.00
2014-10-10,360.90,378.10,353.30,361.70,28410.00,0.00
2014-10-11,361.70,370.10,350.50,361.20,13930.00,-0.00
2014-10-12,361.20,374.60,352.30,373.20,11230.00,0.00
2014-10-13,373.20,391.20,366.00,387.30,23580.00,0.00
2014-10-14,387.30,407.70,385.70,397.10,28870.00,0.00
2014-10-15,397.10,397.90,388.20,393.20,22490.00,-0.00
2014-10-16,393.20,398.80,371.60,379.80,20790.00,-0.00
2014-10-17,379.80,384.80,372.40,380.50,16570.00,0.00
2014-10-18,380.50,395.70,373.60,390.90,9450.00,0.00
2014-10-19,390.90,394.50,383.90,387.30,5330.00,-0.00
2014-10-20,387.30,387.80,378.40,380.40,10560.00,-0.00
2014-10-21,380.40,388.20,377.40,382.40,9660.00,0.00
2014-10-22,382.40,383.70,377.00,378.90,10530.00,-0.00
2014-10-23,378.90,381.10,353.50,355.80,19120.00,-0.00
2014-10-24,355.80,360.90,351.40,355.10,20030.00,-0.00
2014-10-25,355.10,356.60,341.50,346.70,14040.00,-0.00
2014-10-26,346.70,356.80,344.20,348.70,11580.00,0.00
2014-10-27,348.70,356.40,344.90,350.10,10600.00,0.00
2014-10-28,350.10,355.70,348.30,351.10,9430.00,0.00
2014-10-29,351.10,352.80,334.70,335.10,12260.00,-0.00
2014-10-30,335.10,350.40,333.40,344.90,16120.00,0.00
2014-10-31,344.90,348.00,336.10,337.90,14000.00,-0.00
2014-11-01,337.90,339.00,320.70,325.40,13770.00,-0.00
2014-11-02,325.40,329.80,319.80,322.50,11900.00,-0.00
2014-11-03,322.50,332.90,321.70,324.20,13430.00,0.00
2014-11-04,324.20,328.80,320.10,328.00,15120.00,0.00
2014-11-05,328.00,342.00,326.50,338.00,15840.00,0.00
2014-11-06,338.00,351.10,335.70,347.70,15650.00,0.00
2014-11-07,347.70,351.60,340.20,341.90,15020.00,-0.00
2014-11-08,341.90,346.30,339.80,343.50,8190.00,0.00
2014-11-09,343.50,362.20,341.80,362.00,12630.00,0.00
2014-11-10,362.00,374.70,356.60,367.10,22810.00,0.00
2014-11-11,367.10,371.00,361.90,365.40,15790.00,-0.00
2014-11-12,365.40,442.70,365.80,432.00,38530.00,0.00
2014-11-13,432.00,480.50,390.90,428.70,58200.00,-0.00
2014-11-14,428.70,430.20,382.00,396.50,35730.00,-0.00
2014-11-15,396.50,407.30,368.00,374.90,13330.00,-0.00
2014-11-16,374.90,390.40,370.50,385.60,14350.00,0.00
2014-11-17,385.60,412.30,378.30,384.70,27600.00,-0.00
2014-11-18,384.70,394.90,372.00,379.20,27090.00,-0.00
2014-11-19,379.20,389.30,374.30,381.40,19870.00,0.00
2014-11-20,381.40,383.00,355.10,357.30,21980.00,-0.00
2014-11-21,357.30,358.70,343.80,351.80,23470.00,-0.00
2014-11-22,351.80,364.20,350.50,352.00,12940.00,0.00
2014-11-23,352.00,370.60,352.60,365.90,12410.00,0.00
2014-11-24,365.90,388.70,361.90,378.90,24570.00,0.00
2014-11-25,378.90,395.70,370.60,376.40,45320.00,-0.00
2014-11-26,376.40,378.30,364.00,365.40,23980.00,-0.00
2014-11-27,365.40,374.40,364.80,368.80,13850.00,0.00
2014-11-28,368.80,383.30,358.40,377.60,43020.00,0.00
2014-11-29,377.60,389.30,372.20,376.30,83450.00,-0.00
2014-11-30,376.30,381.10,372.60,374.90,11290.00,-0.00
2014-12-01,374.90,383.60,373.00,378.60,19670.00,0.00
2014-12-02,378.60,384.90,375.40,380.60,25290.00,0.00
2014-12-03,380.60,384.70,373.60,377.00,23510.00,-0.00
2014-12-04,377.00,380.40,366.20,369.80,25330.00,-0.00
2014-12-05,369.80,379.70,366.40,377.60,29990.00,0.00
2014-12-06,377.60,380.30,372.00,376.30,11070.00,-0.00
2014-12-07,376.30,377.90,372.50,376.50,8810.00,0.00
2014-12-08,376.50,377.40,364.60,365.00,22920.00,-0.00
2014-12-09,365.00,365.40,343.80,352.20,43830.00,-0.00
2014-12-10,352.20,354.10,345.10,347.90,27130.00,-0.00
2014-12-11,347.90,367.10,337.80,347.70,51080.00,-0.00
2014-12-12,347.70,356.40,346.00,353.40,26850.00,0.00
2014-12-13,353.40,353.10,343.80,348.20,19540.00,-0.00
2014-12-14,348.20,351.60,344.60,349.40,12340.00,0.00
2014-12-15,349.40,351.20,343.60,345.40,22160.00,-0.00
2014-12-16,345.40,346.50,328.90,330.20,38590.00,-0.00
2014-12-17,330.20,335.70,314.30,320.00,61340.00,-0.00
2014-12-18,320.00,325.60,303.40,310.30,60520.00,-0.00
2014-12-19,310.30,320.20,306.40,317.80,41710.00,0.00
2014-12-20,317.80,332.60,316.00,330.40,29920.00,0.00
2014-12-21,330.40,332.00,320.10,322.60,20670.00,-0.00
2014-12-22,322.60,335.30,319.90,330.80,35360.00,0.00
2014-12-23,330.80,339.30,328.00,335.30,24070.00,0.00
2014-12-24,335.30,336.30,320.60,322.40,21520.00,-0.00
2014-12-25,322.40,323.40,316.30,319.00,15390.00,-0.00
2014-12-26,319.00,332.90,316.40,330.00,23010.00,0.00
2014-12-27,330.00,330.70,312.00,315.30,21630.00,-0.00
2014-12-28,315.30,322.80,310.50,316.50,20410.00,0.00
2014-12-29,316.50,321.60,308.30,314.10,20360.00,-0.00
2014-12-30,314.10,316.20,309.30,311.30,22780.00,-0.00
2014-12-31,311.30,319.10,308.90,318.20,20500.00,0.00
2015-01-01,318.20,321.40,313.50,314.90,12820.00,-0.00
2015-01-02,314.90,316.40,313.10,315.20,14730.00,0.00
2015-01-03,315.20,315.80,284.90,287.10,47370.00,-0.00
2015-01-04,287.10,289.90,255.90,264.70,88770.00,-0.00
2015-01-05,264.70,278.30,262.90,274.80,54990.00,0.00
2015-01-06,274.80,285.10,271.50,282.30,21940.00,0.00
2015-01-07,282.30,296.10,280.70,291.30,30670.00,0.00
2015-01-08,291.30,292.70,279.00,282.70,20180.00,-0.00
2015-01-09,282.70,290.60,277.30,288.00,20930.00,0.00
2015-01-10,288.00,289.30,272.00,273.40,14730.00,-0.00
2015-01-11,273.40,278.00,263.80,264.80,15110.00,-0.00
2015-01-12,264.80,273.10,263.30,269.30,25390.00,0.00
2015-01-13,269.30,269.10,217.10,221.30,95500.00,-0.00
2015-01-14,221.30,230.90,157.30,164.90,170680.00,-0.00
2015-01-15,164.90,231.30,164.60,209.80,124670.00,0.00
2015-01-16,209.80,222.60,198.70,206.90,62320.00,-0.00
2015-01-17,206.90,212.60,191.70,199.60,43130.00,-0.00
2015-01-18,199.60,220.70,192.50,210.60,40370.00,0.00
2015-01-19,210.60,219.50,205.50,215.90,31580.00,0.00
2015-01-20,215.90,216.60,203.40,210.60,37480.00,-0.00
2015-01-21,210.60,229.30,207.10,228.20,43180.00,0.00
2015-01-22,228.20,238.80,225.60,232.70,53710.00,0.00
2015-01-23,232.70,237.00,224.80,232.20,38170.00,-0.00
2015-01-24,232.20,248.90,229.60,248.20,33240.00,0.00
2015-01-25,248.20,256.40,241.40,252.10,50190.00,0.00
2015-01-26,252.10,310.90,251.50,269.20,105710.00,0.00
2015-01-27,269.20,276.90,247.30,263.30,50260.00,-0.00
2015-01-28,263.30,267.70,228.10,236.20,63770.00,-0.00
2015-01-29,236.20,241.50,220.40,234.00,54490.00,-0.00
2015-01-30,234.00,244.80,227.20,231.80,48230.00,-0.00
2015-01-31,231.80,235.40,216.50,218.50,42150.00,-0.00
2015-02-01,218.50,231.40,209.70,225.30,41160.00,0.00
2015-02-02,225.30,242.50,220.50,238.90,39020.00,0.00
2015-02-03,238.90,247.50,223.90,227.40,63080.00,-0.00
2015-02-04,227.40,230.70,220.20,226.60,55240.00,-0.00
2015-02-05,226.60,229.90,214.40,216.50,40640.00,-0.00
2015-02-06,216.50,226.20,215.60,223.00,52520.00,0.00
2015-02-07,223.00,231.00,222.40,227.70,39760.00,0.00
2015-02-08,227.70,230.20,219.50,223.70,29050.00,-0.00
2015-02-09,223.70,225.00,215.70,220.30,91690.00,-0.00
2015-02-10,220.30,222.20,214.40,219.70,86150.00,-0.00
2015-02-11,219.70,223.50,217.30,218.80,71730.00,-0.00
2015-02-12,218.80,223.00,217.30,221.80,50110.00,0.00
2015-02-13,221.80,241.60,220.60,236.20,112250.00,0.00
2015-02-14,236.20,261.30,235.40,258.60,133800.00,0.00
2015-02-15,258.60,264.60,226.60,233.30,179140.00,-0.00
2015-02-16,233.30,240.00,228.00,235.80,115470.00,0.00
2015-02-17,235.80,247.20,232.00,243.20,116260.00,0.00
2015-02-18,243.20,245.50,231.70,235.20,99660.00,-0.00
2015-02-19,235.20,244.10,234.90,241.90,66050.00,0.00
2015-02-20,241.90,247.80,238.80,244.50,83590.00,0.00
2015-02-21,244.50,247.30,242.60,244.40,42950.00,-0.00
2015-02-22,244.40,246.50,232.70,235.70,75700.00,-0.00
2015-02-23,235.70,240.10,231.30,238.80,62670.00,0.00
2015-02-24,238.80,240.30,235.50,238.90,45030.00,0.00
2015-02-25,238.90,239.60,234.60,237.30,38100.00,-0.00
2015-02-26,237.30,238.20,233.50,236.50,50870.00,-0.00
2015-02-27,236.50,258.70,235.70,253.50,167810.00,0.00
2015-02-28,253.50,255.40,248.70,254.10,39410.00,0.00
2015-03-01,254.10,260.60,244.80,257.90,51330.00,0.00
2015-03-02,257.90,274.80,256.10,273.80,81090.00,0.00
2015-03-03,273.80,287.10,266.10,280.60,164820.00,0.00
2015-03-04,280.60,284.50,265.90,271.90,139000.00,-0.00
2015-03-05,271.90,280.80,262.80,275.20,123640.00,0.00
2015-03-06,275.20,278.00,269.00,272.60,98800.00,-0.00
2015-03-07,272.60,278.30,269.40,274.90,60720.00,0.00
2015-03-08,274.90,278.80,271.30,274.50,50400.00,-0.00
2015-03-09,274.50,293.30,273.80,290.00,151770.00,0.00
2015-03-10,290.00,301.00,288.10,291.40,158180.00,0.00
2015-03-11,291.40,297.70,288.90,295.60,79980.00,0.00
2015-03-12,295.60,297.00,290.80,293.90,107320.00,-0.00
2015-03-13,293.90,294.90,286.10,287.20,97340.00,-0.00
2015-03-14,287.20,288.40,279.30,281.60,75720.00,-0.00
2015-03-15,281.60,286.40,280.40,284.90,39460.00,0.00
2015-03-16,284.90,294.00,284.80,290.40,66340.00,0.00
2015-03-17,290.40,292.50,283.30,285.40,65010.00,-0.00
2015-03-18,285.40,285.60,248.20,255.90,206740.00,-0.00
2015-03-19,255.90,264.80,247.00,260.90,180690.00,0.00
2015-03-20,260.90,264.70,257.90,261.80,52830.00,0.00
2015-03-21,261.80,263.30,254.00,259.70,51650.00,-0.00
2015-03-22,259.70,270.40,259.00,268.60,56630.00,0.00
2015-03-23,268.60,271.00,259.40,265.50,81450.00,-0.00
2015-03-24,265.50,267.00,242.70,246.70,151090.00,-0.00
2015-03-25,246.70,249.20,234.80,246.40,131440.00,-0.00
2015-03-26,246.40,254.70,243.50,248.00,89470.00,0.00
2015-03-27,248.00,250.10,244.50,247.20,62560.00,-0.00
2015-03-28,247.20,254.30,246.30,252.00,55060.00,0.00
2015-03-29,252.00,252.80,238.90,242.10,77540.00,-0.00
2015-03-30,242.10,248.80,236.60,246.80,85330.00,0.00
2015-03-31,246.80,248.70,241.20,244.10,75330.00,-0.00
2015-04-01,244.10,247.70,239.60,246.20,67080.00,0.00
2015-04-02,246.20,254.90,244.30,252.60,81370.00,0.00
2015-04-03,252.60,256.50,251.30,254.50,71740.00,0.00
2015-04-04,254.50,255.20,250.30,252.90,30720.00,-0.00
2015-04-05,252.90,260.30,250.60,259.60,43830.00,0.00
2015-04-06,259.60,261.50,252.30,255.00,45930.00,-0.00
2015-04-07,255.00,255.60,250.10,253.00,44790.00,-0.00
2015-04-08,253.00,254.30,242.60,244.60,102650.00,-0.00
2015-04-09,244.60,246.20,237.60,243.30,69190.00,-0.00
2015-04-10,243.30,244.10,231.30,234.70,100200.00,-0.00
2015-04-11,234.70,240.00,233.10,236.50,51990.00,0.00
2015-04-12,236.50,237.50,232.30,235.90,33030.00,-0.00
2015-04-13,235.90,236.80,220.40,223.60,105150.00,-0.00
2015-04-14,223.60,224.70,214.30,218.00,115190.00,-0.00
2015-04-15,218.00,223.60,217.10,223.00,77230.00,0.00
2015-04-16,223.00,229.50,222.90,228.00,84890.00,0.00
2015-04-17,228.00,229.30,220.60,222.60,66920.00,-0.00
2015-04-18,222.60,224.50,220.60,223.40,36540.00,0.00
2015-04-19,223.40,226.90,222.00,223.00,35500.00,-0.00
2015-04-20,223.00,226.70,221.60,224.20,44870.00,0.00
2015-04-21,224.20,235.30,223.30,233.70,68350.00,0.00
2015-04-22,233.70,238.40,231.80,233.80,77560.00,0.00
2015-04-23,233.80,236.10,232.60,235.40,42450.00,0.00
2015-04-24,235.40,236.60,229.10,231.10,69780.00,-0.00
2015-04-25,231.10,232.30,223.10,226.10,43780.00,-0.00
2015-04-26,226.10,226.70,214.10,218.70,100770.00,-0.00
2015-04-27,218.70,242.60,216.60,229.00,123410.00,0.00
2015-04-28,229.00,229.90,222.00,225.80,65970.00,-0.00
2015-04-29,225.80,227.20,222.30,225.40,60890.00,-0.00
2015-04-30,225.40,240.00,224.70,235.80,112240.00,0.00
2015-05-01,235.80,239.40,232.40,233.20,60140.00,-0.00
2015-05-02,233.20,236.40,231.70,235.30,37080.00,0.00
2015-05-03,235.30,243.60,233.80,240.00,55720.00,0.00
2015-05-04,240.00,243.20,237.40,239.00,69120.00,-0.00
2015-05-05,239.00,239.60,231.80,235.80,77870.00,-0.00
2015-05-06,235.80,237.10,228.20,230.00,103660.00,-0.00
2015-05-07,230.00,240.30,228.30,237.70,91050.00,0.00
2015-05-08,237.70,247.00,235.80,243.70,87500.00,0.00
2015-05-09,243.70,247.90,238.50,241.40,62790.00,-0.00
2015-05-10,241.40,244.80,238.20,240.00,44000.00,-0.00
2015-05-11,240.00,243.90,238.90,241.80,57170.00,0.00
2015-05-12,241.80,243.00,239.20,241.60,40080.00,-0.00
2015-05-13,241.60,243.90,234.10,236.40,84430.00,-0.00
2015-05-14,236.40,239.20,232.40,236.90,71020.00,0.00
2015-05-15,236.90,238.80,235.50,237.20,46030.00,0.00
2015-05-16,237.20,237.80,234.60,236.20,27050.00,-0.00
2015-05-17,236.20,237.80,235.40,236.30,28430.00,0.00
2015-05-18,236.30,237.10,231.50,232.60,53140.00,-0.00
2015-05-19,232.60,234.50,231.30,232.00,40940.00,-0.00
2015-05-20,232.00,235.20,231.50,234.00,49690.00,0.00
2015-05-21,234.00,236.60,233.60,235.40,42940.00,0.00
2015-05-22,235.40,242.00,234.60,240.40,74110.00,0.00
2015-05-23,240.40,241.70,238.10,238.90,36030.00,-0.00
2015-05-24,238.90,242.40,237.50,241.00,30260.00,0.00
2015-05-25,241.00,241.80,235.80,237.40,26390.00,-0.00
2015-05-26,237.40,239.00,235.60,237.80,37080.00,0.00
2015-05-27,237.80,238.90,235.90,237.30,48030.00,-0.00
2015-05-28,237.30,238.40,236.20,237.30,35750.00,0.00
2015-05-29,237.30,237.90,235.10,237.00,38920.00,-0.00
2015-05-30,237.00,237.10,231.60,233.20,41630.00,-0.00
2015-05-31,233.20,234.00,229.10,229.80,39000.00,-0.00
2015-06-01,229.80,231.80,221.00,223.10,87060.00,-0.00
2015-06-02,223.10,227.40,222.30,225.70,60810.00,0.00
2015-06-03,225.70,227.90,223.70,225.60,54350.00,-0.00
2015-06-04,225.60,226.70,223.50,224.20,44060.00,-0.00
2015-06-05,224.20,226.40,222.10,225.30,56460.00,0.00
2015-06-06,225.30,225.80,223.50,224.70,22470.00,-0.00
2015-06-07,224.70,226.40,222.20,223.50,40480.00,-0.00
2015-06-08,223.50,229.90,223.00,228.60,74150.00,0.00
2015-06-09,228.60,231.40,227.50,229.60,54840.00,0.00
2015-06-10,229.60,230.40,227.80,228.80,41640.00,-0.00
2015-06-11,228.80,230.60,228.50,229.90,38000.00,0.00
2015-06-12,229.90,231.60,229.30,230.50,40750.00,0.00
2015-06-13,230.50,233.10,229.00,232.50,38010.00,0.00
2015-06-14,232.50,235.50,232.10,233.80,32900.00,0.00
2015-06-15,233.80,238.60,233.30,237.00,63470.00,0.00
2015-06-16,237.00,254.10,235.70,249.80,122470.00,0.00
2015-06-17,249.80,258.50,245.10,247.40,121620.00,-0.00
2015-06-18,247.40,251.90,242.50,248.40,78140.00,0.00
2015-06-19,248.40,250.80,243.60,244.10,84700.00,-0.00
2015-06-20,244.10,246.60,238.70,245.00,51280.00,0.00
2015-06-21,245.00,246.00,240.90,244.10,25150.00,-0.00
2015-06-22,244.10,248.60,243.20,247.50,47590.00,0.00
2015-06-23,247.50,247.70,242.30,243.80,38430.00,-0.00
2015-06-24,243.80,244.50,239.10,240.60,47110.00,-0.00
2015-06-25,240.60,243.60,239.30,242.60,40360.00,0.00
2015-06-26,242.60,243.50,240.10,242.90,37620.00,0.00
2015-06-27,242.90,251.60,241.80,250.70,54700.00,0.00
2015-06-28,250.70,251.60,246.60,248.90,39890.00,-0.00
2015-06-29,248.90,257.50,248.00,257.00,92640.00,0.00
2015-06-30,257.00,268.70,255.40,264.10,116530.00,0.00
2015-07-01,264.10,265.00,254.40,257.60,66940.00,-0.00
2015-07-02,257.60,261.30,253.10,254.90,45010.00,-0.00
2015-07-03,254.90,256.70,252.40,255.40,36580.00,0.00
2015-07-04,255.40,261.10,253.40,260.50,32950.00,0.00
2015-07-05,260.50,274.10,257.60,270.10,48450.00,0.00
2015-07-06,270.10,277.50,266.50,269.10,90580.00,-0.00
2015-07-07,269.10,271.30,263.20,266.20,41610.00,-0.00
2015-07-08,266.20,273.60,263.20,268.60,45290.00,0.00
2015-07-09,268.60,272.30,265.10,269.10,48390.00,0.00
2015-07-10,269.10,297.90,266.90,283.60,117170.00,0.00
2015-07-11,283.60,298.80,282.30,292.00,46490.00,0.00
2015-07-12,292.00,315.90,291.30,310.40,120700.00,0.00
2015-07-13,310.40,310.90,276.90,290.40,146850.00,-0.00
2015-07-14,290.40,297.00,285.20,287.00,60620.00,-0.00
2015-07-15,287.00,292.90,283.20,283.40,59580.00,-0.00
2015-07-16,283.40,290.80,273.30,276.60,121320.00,-0.00
2015-07-17,276.60,280.80,271.20,279.60,62120.00,0.00
2015-07-18,279.60,282.50,243.20,274.00,55340.00,-0.00
2015-07-19,274.00,277.10,271.90,273.20,30200.00,-0.00
2015-07-20,273.20,278.90,271.80,277.70,46600.00,0.00
2015-07-21,277.70,281.00,274.20,275.10,49050.00,-0.00
2015-07-22,275.10,277.40,273.10,276.50,41970.00,0.00
2015-07-23,276.50,277.90,274.50,275.50,35660.00,-0.00
2015-07-24,275.50,289.80,274.30,288.40,74360.00,0.00
2015-07-25,288.40,291.20,284.70,288.70,41650.00,0.00
2015-07-26,288.70,293.30,286.80,291.80,30990.00,0.00
2015-07-27,291.80,295.80,285.40,293.00,69710.00,0.00
2015-07-28,293.00,296.70,291.70,293.70,49070.00,0.00
2015-07-29,293.70,294.70,286.90,288.40,50670.00,-0.00
2015-07-30,288.40,289.90,284.90,287.00,44790.00,-0.00
2015-07-31,287.00,288.70,280.80,283.70,49210.00,-0.00
2015-08-01,283.70,284.50,276.30,280.50,39430.00,-0.00
2015-08-02,280.50,282.50,275.90,281.40,35670.00,0.00
2015-08-03,281.40,285.00,278.90,281.60,45890.00,0.00
2015-08-04,281.60,285.70,279.60,284.30,44840.00,0.00
2015-08-05,284.30,285.50,280.50,281.70,38290.00,-0.00
2015-08-06,281.70,282.00,276.50,278.00,33260.00,-0.00
2015-08-07,278.00,279.60,274.30,277.90,42810.00,-0.00
2015-08-08,277.90,278.90,257.40,258.60,82540.00,-0.00
2015-08-09,258.60,266.80,258.60,263.90,57480.00,0.00
2015-08-10,263.90,266.60,260.50,263.30,48570.00,-0.00
2015-08-11,263.30,269.90,261.40,269.00,51360.00,0.00
2015-08-12,269.00,271.50,263.70,267.70,56730.00,-0.00
2015-08-13,267.70,268.40,261.30,263.40,56490.00,-0.00
2015-08-14,263.40,267.20,260.20,265.00,52330.00,0.00
2015-08-15,265.00,266.50,259.40,260.50,38910.00,-0.00
2015-08-16,260.50,261.90,254.60,257.10,69040.00,-0.00
2015-08-17,257.10,259.90,252.90,257.10,47880.00,0.00
2015-08-18,257.10,257.50,245.70,246.70,94500.00,-0.00
2015-08-19,246.70,247.90,214.30,226.00,245820.00,-0.00
2015-08-20,226.00,238.00,225.50,234.70,90980.00,0.00
2015-08-21,234.70,236.30,230.50,232.40,57650.00,-0.00
2015-08-22,232.40,235.10,221.00,229.50,74210.00,-0.00
2015-08-23,229.50,232.70,224.30,226.80,48840.00,-0.00
2015-08-24,226.80,228.40,207.80,211.40,196700.00,-0.00
2015-08-25,211.40,226.60,196.30,220.50,190790.00,0.00
2015-08-26,220.50,230.70,218.80,225.00,92810.00,0.00
2015-08-27,225.00,228.40,222.00,222.70,60250.00,-0.00
2015-08-28,222.70,234.80,219.60,231.60,90660.00,0.00
2015-08-29,231.60,233.10,226.40,228.50,43740.00,-0.00
2015-08-30,228.50,232.30,225.40,228.40,39810.00,-0.00
2015-08-31,228.40,231.80,224.20,229.50,54510.00,0.00
2015-09-01,229.50,231.40,225.80,227.20,66540.00,-0.00
2015-09-02,227.20,230.60,225.60,228.60,58770.00,0.00
2015-09-03,228.60,229.60,225.40,226.20,54150.00,-0.00
2015-09-04,226.20,231.10,225.80,230.30,61760.00,0.00
2015-09-05,230.30,235.60,228.30,233.70,48280.00,0.00
2015-09-06,233.70,243.60,234.70,239.90,66270.00,0.00
2015-09-07,239.90,242.70,237.50,239.60,57190.00,-0.00
2015-09-08,239.60,246.40,239.20,243.20,76350.00,0.00
2015-09-09,243.20,244.30,236.50,237.40,69260.00,-0.00
2015-09-10,237.40,240.60,234.30,238.10,60540.00,0.00
2015-09-11,238.10,241.00,237.40,239.90,45770.00,0.00
2015-09-12,239.90,240.30,233.30,235.60,43770.00,-0.00
2015-09-13,235.60,236.20,228.30,230.20,51600.00,-0.00
2015-09-14,230.20,232.60,226.00,229.90,61100.00,-0.00
2015-09-15,229.90,242.80,228.00,229.50,49520.00,-0.00
2015-09-16,229.50,230.90,225.10,228.60,51910.00,-0.00
2015-09-17,228.60,235.20,227.90,232.70,56060.00,0.00
2015-09-18,232.70,234.70,230.60,232.20,53170.00,-0.00
2015-09-19,232.20,233.40,230.20,231.10,34470.00,-0.00
2015-09-20,231.10,232.70,229.90,231.10,33150.00,0.00
2015-09-21,231.10,231.60,225.00,226.30,53430.00,-0.00
2015-09-22,226.30,233.20,224.10,230.00,71550.00,0.00
2015-09-23,230.00,232.20,228.50,229.90,43600.00,-0.00
2015-09-24,229.90,235.80,229.60,233.80,72120.00,0.00
2015-09-25,233.80,237.60,232.70,235.00,61580.00,0.00
2015-09-26,235.00,235.70,232.70,234.30,40290.00,-0.00
2015-09-27,234.30,234.80,231.80,232.50,36140.00,-0.00
2015-09-28,232.50,240.40,232.40,238.90,64280.00,0.00
2015-09-29,238.90,240.40,234.80,236.70,57300.00,-0.00
2015-09-30,236.70,237.80,234.40,235.90,50520.00,-0.00
2015-10-01,235.90,238.70,234.70,237.10,52880.00,0.00
2015-10-02,237.10,238.40,235.10,236.70,47940.00,-0.00
2015-10-03,236.70,239.50,236.10,238.60,43310.00,0.00
2015-10-04,238.60,277.60,237.50,238.30,31850.00,-0.00
2015-10-05,238.30,240.50,236.40,240.10,61240.00,0.00
2015-10-06,240.10,247.60,239.40,246.10,78840.00,0.00
2015-10-07,246.10,247.30,241.60,243.00,62600.00,-0.00
2015-10-08,243.00,244.80,241.60,242.60,44150.00,-0.00
2015-10-09,242.60,244.60,241.30,244.00,40570.00,0.00
2015-10-10,244.00,245.90,242.90,245.40,38960.00,0.00
2015-10-11,245.40,248.30,244.50,247.60,41430.00,0.00
2015-10-12,247.60,248.00,244.60,245.40,40390.00,-0.00
2015-10-13,245.40,251.20,243.10,248.80,74880.00,0.00
2015-10-14,248.80,255.10,248.30,252.30,69580.00,0.00
2015-10-15,252.30,256.80,251.20,254.40,60640.00,0.00
2015-10-16,254.40,267.30,253.90,262.90,95180.00,0.00
2015-10-17,262.90,275.40,261.70,269.60,113840.00,0.00
2015-10-18,269.60,272.40,259.50,261.70,52270.00,-0.00
2015-10-19,261.70,266.00,259.90,263.80,58170.00,0.00
2015-10-20,263.80,272.10,262.70,269.80,75400.00,0.00
2015-10-21,269.80,272.20,263.50,267.10,59640.00,-0.00
2015-10-22,267.10,278.70,266.80,274.40,93150.00,0.00
2015-10-23,274.40,279.80,273.20,276.90,69320.00,0.00
2015-10-24,276.90,283.00,277.00,282.60,60130.00,0.00
2015-10-25,282.60,295.60,281.80,287.90,113900.00,0.00
2015-10-26,287.90,287.60,279.60,285.10,73210.00,-0.00
2015-10-27,285.10,298.40,285.10,294.70,105870.00,0.00
2015-10-28,294.70,307.50,294.00,303.50,116410.00,0.00
2015-10-29,303.50,318.50,300.20,313.60,138920.00,0.00
2015-10-30,313.60,334.90,310.80,327.10,156490.00,0.00
2015-10-31,327.10,333.30,304.60,311.20,105830.00,-0.00
2015-11-01,311.20,324.30,304.70,323.00,73710.00,0.00
2015-11-02,323.00,365.80,319.80,359.30,223100.00,0.00
2015-11-03,359.30,416.80,354.60,396.50,421990.00,0.00
2015-11-04,396.50,492.80,368.60,400.90,517730.00,0.00
2015-11-05,400.90,447.20,366.10,382.70,302950.00,-0.00
2015-11-06,382.70,396.40,348.80,369.80,255280.00,-0.00
2015-11-07,369.80,391.80,369.00,385.10,103030.00,0.00
2015-11-08,385.10,389.80,365.50,371.60,94360.00,-0.00
2015-11-09,371.60,385.10,360.20,380.20,125540.00,0.00
2015-11-10,380.20,381.40,323.20,336.70,210290.00,-0.00
2015-11-11,336.70,341.80,292.40,304.70,263960.00,-0.00
2015-11-12,304.70,346.10,306.10,333.90,164610.00,0.00
2015-11-13,333.90,341.80,323.90,333.80,97250.00,-0.00
2015-11-14,333.80,369.80,326.40,331.80,71110.00,-0.00
2015-11-15,331.80,334.80,314.20,317.50,88320.00,-0.00
2015-11-16,317.50,332.00,314.10,330.20,87140.00,0.00
2015-11-17,330.20,342.90,328.10,333.90,98250.00,0.00
2015-11-18,333.90,337.40,329.40,335.90,78360.00,0.00
2015-11-19,335.90,335.60,323.40,325.00,86380.00,-0.00
2015-11-20,325.00,327.10,309.50,321.10,109990.00,-0.00
2015-11-21,321.10,328.40,318.40,324.70,45000.00,0.00
2015-11-22,324.70,326.90,319.40,322.80,36750.00,-0.00
2015-11-23,322.80,325.00,319.90,322.10,42730.00,-0.00
2015-11-24,322.10,323.30,315.50,318.40,50660.00,-0.00
2015-11-25,318.40,330.00,315.70,327.50,77680.00,0.00
2015-11-26,327.50,368.90,327.40,353.70,211380.00,0.00
2015-11-27,353.70,363.90,345.10,359.50,103480.00,0.00
2015-11-28,359.50,360.10,350.50,355.80,56170.00,-0.00
2015-11-29,355.80,372.80,354.50,370.80,67370.00,0.00
2015-11-30,370.80,382.60,367.90,378.00,129770.00,0.00
2015-12-01,378.00,379.00,353.70,361.80,111910.00,-0.00
2015-12-02,361.80,363.40,347.20,360.00,92450.00,-0.00
2015-12-03,360.00,371.40,355.50,360.30,87230.00,0.00
2015-12-04,360.30,364.00,354.30,361.70,60550.00,0.00
2015-12-05,361.70,390.30,361.50,386.70,115200.00,0.00
2015-12-06,386.70,402.20,382.60,393.40,131860.00,0.00
2015-12-07,393.40,398.70,381.70,394.30,96750.00,0.00
2015-12-08,394.30,411.10,388.00,410.70,74360.00,0.00
2015-12-09,410.70,424.60,403.30,416.00,147360.00,0.00
2015-12-10,416.00,420.40,409.50,415.50,71660.00,-0.00
2015-12-11,415.50,453.40,413.70,449.80,175060.00,0.00
2015-12-12,449.80,467.70,403.70,432.30,211440.00,-0.00
2015-12-13,432.30,441.00,420.80,434.70,64140.00,0.00
2015-12-14,434.70,449.50,428.80,442.00,218920.00,0.00
2015-12-15,442.00,464.20,440.70,462.60,107060.00,0.00
2015-12-16,462.60,465.20,437.40,454.00,185220.00,-0.00
2015-12-17,454.00,458.40,447.30,455.50,64580.00,0.00
2015-12-18,455.50,466.10,453.50,463.20,83410.00,0.00
2015-12-19,463.20,466.00,452.30,461.20,61310.00,-0.00
2015-12-20,461.20,462.80,431.10,441.80,121530.00,-0.00
2015-12-21,441.80,445.50,424.00,437.60,121990.00,-0.00
2015-12-22,437.60,443.20,433.30,437.00,65790.00,-0.00
2015-12-23,437.00,444.80,434.30,442.40,63250.00,0.00
2015-12-24,442.40,460.60,441.80,453.00,79600.00,0.00
2015-12-25,453.00,457.40,449.50,454.00,42390.00,0.00
2015-12-26,454.00,456.50,400.50,415.40,208580.00,-0.00
2015-12-27,415.40,425.50,406.10,422.40,67580.00,0.00
2015-12-28,422.40,429.90,417.10,421.80,68350.00,-0.00
2015-12-29,421.80,433.60,419.30,431.90,70650.00,0.00
2015-12-30,431.90,435.00,420.80,427.10,68270.00,-0.00
2015-12-31,427.10,433.10,417.10,430.00,65210.00,0.00
2016-01-01,430.00,438.00,425.90,434.00,46970.00,0.00
2016-01-02,434.00,437.40,430.70,433.70,33570.00,-0.00
2016-01-03,433.70,434.10,423.10,430.70,54830.00,-0.00
2016-01-04,430.70,435.30,428.60,433.30,53010.00,0.00
2016-01-05,433.30,435.30,428.90,431.20,45030.00,-0.00
2016-01-06,431.20,432.10,425.00,430.80,43430.00,-0.00
2016-01-07,430.80,457.50,428.50,457.00,130200.00,0.00
2016-01-08,457.00,462.90,446.50,452.90,91310.00,-0.00
2016-01-09,452.90,454.50,444.90,448.30,39810.00,-0.00
2016-01-10,448.30,448.90,438.60,446.20,44460.00,-0.00
2016-01-11,446.20,451.10,441.80,447.70,56590.00,0.00
2016-01-12,447.70,448.40,443.10,445.00,44590.00,-0.00
2016-01-13,445.00,443.70,420.40,432.20,92040.00,-0.00
2016-01-14,432.20,433.70,427.00,429.10,46170.00,-0.00
2016-01-15,429.10,430.10,364.70,372.30,268140.00,-0.00
2016-01-16,372.30,386.70,350.40,385.00,183960.00,0.00
2016-01-17,385.00,390.70,377.70,382.50,66090.00,-0.00
2016-01-18,382.50,387.30,373.20,384.40,69300.00,0.00
2016-01-19,384.40,386.70,375.90,379.50,66350.00,-0.00
2016-01-20,379.50,425.70,374.00,414.60,190320.00,0.00
2016-01-21,414.60,423.40,403.90,410.20,89940.00,-0.00
2016-01-22,410.20,411.50,374.90,382.60,144860.00,-0.00
2016-01-23,382.60,395.40,380.30,388.60,61380.00,0.00
2016-01-24,388.60,405.40,385.50,402.10,64540.00,0.00
2016-01-25,402.10,403.80,386.90,392.80,67660.00,-0.00
2016-01-26,392.80,397.70,387.90,389.80,56810.00,-0.00
2016-01-27,389.80,397.40,389.40,395.00,43680.00,0.00
2016-01-28,395.00,395.40,376.70,379.70,77320.00,-0.00
2016-01-29,379.70,385.80,363.50,380.30,138460.00,0.00
2016-01-30,380.30,381.80,375.00,377.80,36180.00,-0.00
2016-01-31,377.80,380.50,366.90,369.80,39020.00,-0.00
2016-02-01,369.80,379.80,365.30,372.20,74350.00,0.00
2016-02-02,372.20,376.60,371.40,373.90,50980.00,0.00
2016-02-03,373.90,375.90,366.20,368.00,59810.00,-0.00
2016-02-04,368.00,391.80,368.00,390.60,101870.00,0.00
2016-02-05,390.60,391.10,384.50,386.50,60920.00,-0.00
2016-02-06,386.50,386.40,372.90,376.70,78850.00,-0.00
2016-02-07,376.70,382.60,375.30,377.90,40740.00,0.00
2016-02-08,377.90,380.90,372.10,372.60,62240.00,-0.00
2016-02-09,372.60,377.60,371.40,375.30,55360.00,0.00
2016-02-10,375.30,385.40,374.10,381.90,97490.00,0.00
2016-02-11,381.90,383.20,372.80,379.50,62650.00,-0.00
2016-02-12,379.50,386.40,379.30,384.00,53760.00,0.00
2016-02-13,384.00,392.60,383.30,390.10,48160.00,0.00
2016-02-14,390.10,405.90,390.10,405.50,73590.00,0.00
2016-02-15,405.50,410.90,396.60,401.10,86130.00,-0.00
2016-02-16,401.10,409.80,398.00,406.40,68330.00,0.00
2016-02-17,406.40,421.50,405.00,417.10,90320.00,0.00
2016-02-18,417.10,425.50,414.80,421.40,77350.00,0.00
2016-02-19,421.40,424.30,416.40,420.00,52240.00,-0.00
2016-02-20,420.00,442.70,419.50,440.10,111630.00,0.00
2016-02-21,440.10,447.60,425.50,437.90,100500.00,-0.00
2016-02-22,437.90,440.20,431.30,437.80,56010.00,-0.00
2016-02-23,437.80,440.80,414.40,419.90,93720.00,-0.00
2016-02-24,419.90,425.20,410.40,422.70,66510.00,0.00
2016-02-25,422.70,427.20,417.50,423.50,53540.00,0.00
2016-02-26,423.50,427.60,419.10,427.30,53210.00,0.00
2016-02-27,427.30,434.10,427.30,431.30,42790.00,0.00
2016-02-28,431.30,435.60,421.20,432.50,50850.00,0.00
2016-02-29,432.50,441.30,429.80,436.20,68770.00,0.00
2016-03-01,436.20,439.00,428.50,434.00,67460.00,-0.00
2016-03-02,434.00,435.90,423.90,425.40,57750.00,-0.00
2016-03-03,425.40,425.80,414.90,419.60,78900.00,-0.00
2016-03-04,419.60,423.40,407.20,409.50,75270.00,-0.00
2016-03-05,409.50,410.10,386.90,399.00,129150.00,-0.00
2016-03-06,399.00,412.00,393.10,406.00,62590.00,0.00
2016-03-07,406.00,416.60,402.00,414.90,61770.00,0.00
2016-03-08,414.90,416.70,408.40,411.90,53770.00,-0.00
2016-03-09,411.90,414.90,408.90,412.80,50920.00,0.00
2016-03-10,412.80,417.50,410.30,415.80,55740.00,0.00
2016-03-11,415.80,422.40,415.10,419.10,60630.00,0.00
2016-03-12,419.10,420.70,407.00,410.40,59640.00,-0.00
2016-03-13,410.40,415.90,409.60,412.40,34980.00,0.00
2016-03-14,412.40,416.10,411.20,414.30,49330.00,0.00
2016-03-15,414.30,417.40,412.30,415.10,48600.00,0.00
2016-03-16,415.10,417.00,413.30,415.90,44540.00,0.00
2016-03-17,415.90,419.60,415.30,418.20,43820.00,0.00
2016-03-18,418.20,418.60,402.50,408.20,66070.00,-0.00
2016-03-19,408.20,410.50,402.10,408.70,37000.00,0.00
2016-03-20,408.70,413.50,407.20,411.50,30540.00,0.00
2016-03-21,411.50,413.10,407.30,411.10,43160.00,-0.00
2016-03-22,411.10,417.90,410.80,416.20,49080.00,0.00
2016-03-23,416.20,419.60,414.20,417.00,40610.00,0.00
2016-03-24,417.00,417.70,412.90,414.70,38830.00,-0.00
2016-03-25,414.70,417.30,412.40,415.70,34590.00,0.00
2016-03-26,415.70,417.70,413.90,416.50,28060.00,0.00
2016-03-27,416.50,427.40,415.50,424.60,61720.00,0.00
2016-03-28,424.60,425.40,419.70,422.20,43450.00,-0.00
2016-03-29,422.20,424.50,406.40,415.00,69110.00,-0.00
2016-03-30,415.00,416.20,408.40,412.40,43280.00,-0.00
2016-03-31,412.40,417.20,411.50,415.70,41840.00,0.00
2016-04-01,415.70,416.90,412.80,415.60,38220.00,0.00
2016-04-02,415.60,420.10,415.10,418.50,31310.00,0.00
2016-04-03,418.50,420.20,417.00,419.10,22800.00,0.00
2016-04-04,419.10,420.40,416.20,419.30,33440.00,0.00
2016-04-05,419.30,423.70,418.00,422.10,40890.00,0.00
2016-04-06,422.10,422.80,419.50,421.30,32670.00,-0.00
2016-04-07,421.30,422.00,417.90,420.10,36060.00,-0.00
2016-04-08,420.10,423.50,415.50,417.70,46950.00,-0.00
2016-04-09,417.70,418.90,412.40,418.00,29430.00,0.00
2016-04-10,418.00,421.60,416.70,420.30,23300.00,0.00
2016-04-11,420.30,422.40,418.10,421.40,36390.00,0.00
2016-04-12,421.40,426.70,420.70,424.70,57710.00,0.00
2016-04-13,424.70,426.60,421.40,423.50,38090.00,-0.00
2016-04-14,423.50,425.40,421.80,424.00,30660.00,0.00
2016-04-15,424.00,429.50,423.30,428.70,54120.00,0.00
2016-04-16,428.70,432.00,426.80,430.00,29020.00,0.00
2016-04-17,430.00,430.60,423.80,426.30,25590.00,-0.00
2016-04-18,426.30,429.10,424.40,427.70,32580.00,0.00
2016-04-19,427.70,436.10,426.80,434.90,45680.00,0.00
2016-04-20,434.90,442.90,432.50,441.20,74360.00,0.00
2016-04-21,441.20,450.80,439.50,449.30,63130.00,0.00
2016-04-22,449.30,450.20,441.90,445.30,49710.00,-0.00
2016-04-23,445.30,451.50,443.10,450.10,42360.00,0.00
2016-04-24,450.10,461.80,447.90,457.60,74430.00,0.00
2016-04-25,457.60,466.20,451.80,461.70,81660.00,0.00
2016-04-26,461.70,468.90,459.20,466.00,67560.00,0.00
2016-04-27,466.00,467.90,444.60,447.00,90810.00,-0.00
2016-04-28,447.00,450.10,433.90,448.50,81940.00,0.00
2016-04-29,448.50,456.30,445.20,455.00,44850.00,0.00
2016-04-30,455.00,456.90,446.60,448.50,35310.00,-0.00
2016-05-01,448.50,454.20,447.50,452.20,21750.00,0.00
2016-05-02,452.20,453.90,440.20,444.20,73850.00,-0.00
2016-05-03,444.20,451.50,441.50,450.30,49750.00,0.00
2016-05-04,450.30,450.90,444.20,445.80,39440.00,-0.00
2016-05-05,445.80,449.20,444.40,448.10,41890.00,0.00
2016-05-06,448.10,461.50,445.70,459.60,68430.00,0.00
2016-05-07,459.60,460.60,454.60,458.50,30970.00,-0.00
2016-05-08,458.50,460.20,454.90,457.90,27600.00,-0.00
2016-05-09,457.90,464.20,455.40,460.40,48420.00,0.00
2016-05-10,460.40,462.10,446.80,449.40,59990.00,-0.00
2016-05-11,449.40,456.10,449.60,452.50,39970.00,0.00
2016-05-12,452.50,455.30,448.40,454.40,49190.00,0.00
2016-05-13,454.40,457.20,451.50,455.40,32390.00,0.00
2016-05-14,455.40,457.70,453.60,456.40,20360.00,0.00
2016-05-15,456.40,460.30,455.00,458.10,21200.00,0.00
2016-05-16,458.10,459.60,450.70,454.90,36600.00,-0.00
2016-05-17,454.90,456.30,451.70,453.30,34630.00,-0.00
2016-05-18,453.30,456.60,452.40,454.20,32610.00,0.00
2016-05-19,454.20,455.20,441.10,442.70,59390.00,-0.00
2016-05-20,442.70,447.80,435.40,442.10,48430.00,-0.00
2016-05-21,442.10,445.20,439.70,443.60,23000.00,0.00
2016-05-22,443.60,444.20,436.90,439.60,28740.00,-0.00
2016-05-23,439.60,445.00,438.20,443.70,35900.00,0.00
2016-05-24,443.70,447.90,442.00,446.10,33220.00,0.00
2016-05-25,446.10,451.20,445.40,449.80,37720.00,0.00
2016-05-26,449.80,454.30,447.70,453.30,37720.00,0.00
2016-05-27,453.30,479.20,452.70,474.00,135680.00,0.00
2016-05-28,474.00,531.80,467.00,524.20,150170.00,0.00
2016-05-29,524.20,548.00,493.20,516.00,152570.00,-0.00
2016-05-30,516.00,544.20,512.80,532.30,77530.00,0.00
2016-05-31,532.30,546.90,513.20,528.90,114080.00,-0.00
2016-06-01,528.90,542.30,521.30,537.40,72410.00,0.00
2016-06-02,537.40,541.50,530.50,537.10,52880.00,-0.00
2016-06-03,537.10,573.70,534.30,567.00,106250.00,0.00
2016-06-04,567.00,592.70,560.90,572.00,87410.00,0.00
2016-06-05,572.00,583.60,567.80,574.90,64520.00,0.00
2016-06-06,574.90,586.70,571.70,583.60,63680.00,0.00
2016-06-07,583.60,591.30,543.60,575.60,84690.00,-0.00
2016-06-08,575.60,582.40,567.80,580.50,49600.00,0.00
2016-06-09,580.50,580.70,569.30,574.70,48610.00,-0.00
2016-06-10,574.70,579.30,571.10,577.90,45500.00,0.00
2016-06-11,577.90,592.60,576.30,591.60,42220.00,0.00
2016-06-12,591.60,683.80,592.80,666.50,217380.00,0.00
2016-06-13,666.50,718.20,652.80,700.10,216730.00,0.00
2016-06-14,700.10,702.50,654.70,685.10,135650.00,-0.00
2016-06-15,685.10,695.10,670.50,690.80,78620.00,0.00
2016-06-16,690.80,769.70,687.40,761.20,229570.00,0.00
2016-06-17,761.20,771.90,704.20,743.90,215870.00,-0.00
2016-06-18,743.90,776.00,727.10,753.80,120530.00,0.00
2016-06-19,753.80,765.10,740.40,761.00,60450.00,0.00
2016-06-20,761.00,764.60,717.40,734.00,112290.00,-0.00
2016-06-21,734.00,732.20,626.00,667.40,248080.00,-0.00
2016-06-22,667.40,677.80,586.60,590.60,202320.00,-0.00
2016-06-23,590.60,629.50,539.30,620.80,261740.00,0.00
2016-06-24,620.80,687.40,616.40,656.90,196690.00,0.00
2016-06-25,656.90,688.10,640.80,663.50,100460.00,0.00
2016-06-26,663.50,665.20,609.90,625.40,88930.00,-0.00
2016-06-27,625.40,650.30,615.20,644.70,99810.00,0.00
2016-06-28,644.70,659.30,634.30,644.90,76660.00,0.00
2016-06-29,644.90,645.90,621.80,636.50,80220.00,-0.00
2016-06-30,636.50,673.00,631.20,670.00,88200.00,0.00
2016-07-01,670.00,685.10,661.10,674.60,92230.00,0.00
2016-07-02,674.60,700.50,671.50,698.10,67380.00,0.00
2016-07-03,698.10,701.50,644.60,661.60,99270.00,-0.00
2016-07-04,661.60,679.00,644.00,675.20,63910.00,0.00
2016-07-05,675.20,679.20,657.30,663.70,54640.00,-0.00
2016-07-06,663.70,678.40,662.20,672.70,47050.00,0.00
2016-07-07,672.70,676.20,605.00,635.30,153610.00,-0.00
2016-07-08,635.30,663.40,630.20,662.80,75890.00,0.00
2016-07-09,662.80,663.50,620.70,651.80,96010.00,-0.00
2016-07-10,651.80,652.00,636.80,647.10,29260.00,-0.00
2016-07-11,647.10,657.50,640.00,646.70,45940.00,-0.00
2016-07-12,646.70,673.20,644.60,670.60,66590.00,0.00
2016-07-13,670.60,672.00,656.00,661.20,62960.00,-0.00
2016-07-14,661.20,661.90,646.30,657.30,48200.00,-0.00
2016-07-15,657.30,667.50,656.50,664.20,35830.00,0.00
2016-07-16,664.20,665.40,655.70,660.70,20390.00,-0.00
2016-07-17,660.70,680.90,660.10,676.30,46840.00,0.00
2016-07-18,676.30,680.40,664.60,670.40,42580.00,-0.00
2016-07-19,670.40,673.20,663.60,671.10,30400.00,0.00
2016-07-20,671.10,672.30,659.50,664.40,37560.00,-0.00
2016-07-21,664.40,666.50,657.80,664.60,32170.00,0.00
2016-07-22,664.60,669.40,645.70,651.10,65900.00,-0.00
2016-07-23,651.10,658.20,648.00,655.20,29890.00,0.00
2016-07-24,655.20,664.20,651.00,659.30,29820.00,0.00
2016-07-25,659.30,662.50,651.10,654.00,34380.00,-0.00
2016-07-26,654.00,657.80,643.50,654.40,49390.00,0.00
2016-07-27,654.40,659.10,646.00,654.50,29890.00,0.00
2016-07-28,654.50,658.00,650.80,654.10,28110.00,-0.00
2016-07-29,654.10,657.40,651.00,655.40,27040.00,0.00
2016-07-30,655.40,657.50,652.10,654.70,19350.00,-0.00
2016-07-31,654.70,654.90,621.40,621.90,62890.00,-0.00
2016-08-01,621.90,627.90,603.50,607.00,66660.00,-0.00
2016-08-02,607.00,613.80,471.40,513.40,130910.00,-0.00
2016-08-03,513.40,573.10,514.10,566.40,85930.00,0.00
2016-08-04,566.40,584.90,559.50,576.20,44820.00,0.00
2016-08-05,576.20,580.00,565.80,574.70,27890.00,-0.00
2016-08-06,574.70,596.70,565.30,586.50,25380.00,0.00
2016-08-07,586.50,596.00,580.90,590.80,26200.00,0.00
2016-08-08,590.80,594.20,585.40,589.20,24880.00,-0.00
2016-08-09,589.20,591.20,581.10,585.30,25970.00,-0.00
2016-08-10,585.30,600.50,580.90,590.90,49570.00,0.00
2016-08-11,590.90,599.20,585.40,587.80,39830.00,-0.00
2016-08-12,587.80,591.10,582.20,587.10,25500.00,-0.00
2016-08-13,587.10,590.10,582.80,584.60,19300.00,-0.00
2016-08-14,584.60,585.80,559.90,569.10,33070.00,-0.00
2016-08-15,569.10,575.00,559.30,567.00,33770.00,-0.00
2016-08-16,567.00,583.40,563.40,580.20,37690.00,0.00
2016-08-17,580.20,581.10,568.70,572.30,32760.00,-0.00
2016-08-18,572.30,579.50,570.80,573.40,30390.00,0.00
2016-08-19,573.40,577.90,566.30,574.60,25530.00,0.00
2016-08-20,574.60,583.50,572.30,582.60,23120.00,0.00
2016-08-21,582.60,585.30,577.80,580.70,14160.00,-0.00
2016-08-22,580.70,591.90,577.10,587.50,33560.00,0.00
2016-08-23,587.50,589.90,578.60,583.60,32080.00,-0.00
2016-08-24,583.60,584.50,576.80,579.70,28060.00,-0.00
2016-08-25,579.70,580.70,570.80,578.00,32730.00,-0.00
2016-08-26,578.00,582.70,575.80,579.40,21170.00,0.00
2016-08-27,579.40,580.40,567.30,570.30,18690.00,-0.00
2016-08-28,570.30,576.30,569.20,575.00,12830.00,0.00
2016-08-29,575.00,578.60,571.40,574.20,23860.00,-0.00
2016-08-30,574.20,579.90,572.50,577.30,27480.00,0.00
2016-08-31,577.30,578.30,571.70,573.90,24930.00,-0.00
2016-09-01,573.90,705.00,569.40,572.00,25870.00,-0.00
2016-09-02,572.00,577.60,569.30,575.30,26610.00,0.00
2016-09-03,575.30,605.00,572.60,598.80,35700.00,0.00
2016-09-04,598.80,615.20,590.80,609.50,30690.00,0.00
2016-09-05,609.50,610.60,598.80,605.80,25290.00,-0.00
2016-09-06,605.80,612.00,603.50,610.40,24330.00,0.00
2016-09-07,610.40,616.50,606.20,613.20,30030.00,0.00
2016-09-08,613.20,629.30,611.30,625.60,36330.00,0.00
2016-09-09,625.60,627.60,617.30,623.20,28330.00,-0.00
2016-09-10,623.20,627.50,621.10,624.50,15280.00,0.00
2016-09-11,624.50,630.80,592.80,605.60,36540.00,-0.00
2016-09-12,605.60,610.60,603.00,608.00,27950.00,0.00
2016-09-13,608.00,612.00,604.90,608.60,27520.00,0.00
2016-09-14,608.60,612.20,606.40,609.50,24240.00,0.00
2016-09-15,609.50,610.70,605.10,608.10,22690.00,-0.00
2016-09-16,608.10,610.40,605.20,607.80,21850.00,-0.00
2016-09-17,607.80,609.60,604.50,607.10,15890.00,-0.00
2016-09-18,607.10,612.40,605.20,610.70,16330.00,0.00
2016-09-19,610.70,612.40,607.00,609.80,21240.00,-0.00
2016-09-20,609.80,611.30,605.90,609.20,22610.00,-0.00
2016-09-21,609.20,608.80,591.70,597.20,36860.00,-0.00
2016-09-22,597.20,599.80,592.80,595.60,22440.00,-0.00
2016-09-23,595.60,603.70,594.10,602.90,25920.00,0.00
2016-09-24,602.90,605.90,600.50,602.60,13470.00,-0.00
2016-09-25,602.60,604.90,598.30,601.50,13280.00,-0.00
2016-09-26,601.50,608.50,598.20,606.50,27510.00,0.00
2016-09-27,606.50,609.00,601.70,605.50,25550.00,-0.00
2016-09-28,605.50,606.90,602.60,604.70,18940.00,-0.00
2016-09-29,604.70,607.20,602.00,604.70,25320.00,0.00
2016-09-30,604.70,608.80,602.30,608.10,23950.00,0.00
2016-10-01,608.10,615.00,607.10,613.40,16930.00,0.00
2016-10-02,613.40,614.20,607.70,610.70,16540.00,-0.00
2016-10-03,610.70,613.20,608.50,611.60,21950.00,0.00
2016-10-04,611.60,612.70,606.50,609.00,24990.00,-0.00
2016-10-05,609.00,613.70,608.00,611.80,23400.00,0.00
2016-10-06,611.80,612.70,608.50,611.00,21630.00,-0.00
2016-10-07,611.00,619.40,609.10,616.00,32730.00,0.00
2016-10-08,616.00,619.60,614.90,617.70,13620.00,0.00
2016-10-09,617.70,618.30,613.00,615.80,13430.00,-0.00
2016-10-10,615.80,618.80,612.80,617.30,25230.00,0.00
2016-10-11,617.30,642.30,615.60,640.50,55770.00,0.00
2016-10-12,640.50,642.50,632.20,636.00,26950.00,-0.00
2016-10-13,636.00,639.50,632.30,635.60,25620.00,-0.00
2016-10-14,635.60,640.50,630.70,637.90,31420.00,0.00
2016-10-15,637.90,641.40,635.10,637.00,12380.00,-0.00
2016-10-16,637.00,642.20,636.40,640.10,12890.00,0.00
2016-10-17,640.10,641.30,634.90,637.40,27690.00,-0.00
2016-10-18,637.40,639.30,632.20,635.30,24600.00,-0.00
2016-10-19,635.30,637.30,624.10,629.10,35290.00,-0.00
2016-10-20,629.10,630.80,625.50,628.30,20940.00,-0.00
2016-10-21,628.30,633.30,627.60,630.50,28090.00,0.00
2016-10-22,630.50,659.90,629.70,655.50,37100.00,0.00
2016-10-23,655.50,661.20,648.80,653.00,21910.00,-0.00
2016-10-24,653.00,654.30,645.70,650.50,33240.00,-0.00
2016-10-25,650.50,662.50,647.70,651.00,36740.00,0.00
2016-10-26,651.00,678.40,651.40,674.70,47670.00,0.00
2016-10-27,674.70,687.90,672.30,682.30,46560.00,0.00
2016-10-28,682.30,688.40,678.60,686.20,38970.00,0.00
2016-10-29,686.20,720.20,685.20,715.00,54030.00,0.00
2016-10-30,715.00,714.90,689.50,697.30,39330.00,-0.00
2016-10-31,697.30,707.20,682.20,698.70,38050.00,0.00
2016-11-01,698.70,734.40,695.20,726.80,68070.00,0.00
2016-11-02,726.80,735.80,718.10,733.50,39040.00,0.00
2016-11-03,733.50,744.40,670.40,684.90,96410.00,-0.00
2016-11-04,684.90,706.60,681.30,702.10,48240.00,0.00
2016-11-05,702.10,706.40,694.00,702.10,22020.00,0.00
2016-11-06,702.10,714.10,697.60,709.90,25810.00,0.00
2016-11-07,709.90,711.70,698.30,705.40,30740.00,-0.00
2016-11-08,705.40,714.60,701.00,710.90,39730.00,0.00
2016-11-09,710.90,741.20,707.10,721.40,70700.00,0.00
2016-11-10,721.40,723.00,707.30,714.60,33330.00,-0.00
2016-11-11,714.60,719.80,711.70,715.00,25580.00,0.00
2016-11-12,715.00,717.40,701.10,704.30,27600.00,-0.00
2016-11-13,704.30,705.60,685.00,702.00,36140.00,-0.00
2016-11-14,702.00,708.00,696.10,704.60,37750.00,0.00
2016-11-15,704.60,716.90,697.90,711.10,41400.00,0.00
2016-11-16,711.10,746.00,708.10,740.30,79570.00,0.00
2016-11-17,740.30,751.90,730.10,737.50,62770.00,-0.00
2016-11-18,737.50,751.40,731.00,747.00,39710.00,0.00
2016-11-19,747.00,755.30,737.40,747.90,25630.00,0.00
2016-11-20,747.90,752.30,712.80,728.50,47420.00,-0.00
2016-11-21,728.50,744.30,726.50,736.20,32510.00,0.00
2016-11-22,736.20,754.00,730.60,749.30,44440.00,0.00
2016-11-23,749.30,750.90,731.30,741.10,37870.00,-0.00
2016-11-24,741.10,744.20,726.20,735.30,37240.00,-0.00
2016-11-25,735.30,741.30,729.00,740.40,28850.00,0.00
2016-11-26,740.40,741.00,725.60,734.10,22580.00,-0.00
2016-11-27,734.10,738.30,727.10,729.40,21350.00,-0.00
2016-11-28,729.40,738.10,727.70,733.30,34120.00,0.00
2016-11-29,733.30,737.00,727.80,732.60,32570.00,-0.00
2016-11-30,732.60,745.40,730.60,742.50,39280.00,0.00
2016-12-01,742.50,755.50,741.10,752.60,54030.00,0.00
2016-12-02,752.60,779.00,752.30,770.90,63220.00,0.00
2016-12-03,770.90,772.30,755.80,764.20,38450.00,-0.00
2016-12-04,764.20,769.20,758.80,766.40,19160.00,0.00
2016-12-05,766.40,769.20,746.00,754.30,51170.00,-0.00
2016-12-06,754.30,762.50,750.90,758.20,33430.00,0.00
2016-12-07,758.20,769.00,754.30,765.60,34870.00,0.00
2016-12-08,765.60,773.40,761.20,768.50,28780.00,0.00
2016-12-09,768.50,773.50,765.00,770.50,24180.00,0.00
2016-12-10,770.50,777.00,769.20,774.00,18020.00,0.00
2016-12-11,774.00,774.20,763.00,767.90,17140.00,-0.00
2016-12-12,767.90,781.30,767.90,778.50,28760.00,0.00
2016-12-13,778.50,790.30,767.80,778.70,33110.00,0.00
2016-12-14,778.70,780.80,771.00,776.50,24780.00,-0.00
2016-12-15,776.50,780.30,773.10,775.20,26220.00,-0.00
2016-12-16,775.20,783.90,773.30,782.00,27610.00,0.00
2016-12-17,782.00,791.60,779.40,787.20,23580.00,0.00
2016-12-18,787.20,791.30,783.80,789.00,14530.00,0.00
2016-12-19,789.00,793.70,786.30,789.80,25460.00,0.00
2016-12-20,789.80,800.00,787.10,799.10,34480.00,0.00
2016-12-21,799.10,833.10,796.00,829.20,65290.00,0.00
2016-12-22,829.20,874.70,828.90,860.20,70560.00,0.00
2016-12-23,860.20,920.30,858.00,917.20,102220.00,0.00
2016-12-24,917.20,920.50,880.80,891.10,46030.00,-0.00
2016-12-25,891.10,895.20,851.40,891.10,42480.00,0.00
2016-12-26,891.10,909.30,885.90,898.40,38790.00,0.00
2016-12-27,898.40,937.90,893.40,925.80,49690.00,0.00
2016-12-28,925.80,974.50,925.50,972.20,77290.00,0.00
2016-12-29,972.20,982.60,949.20,971.10,61130.00,-0.00
2016-12-30,971.10,971.60,927.40,959.00,70840.00,-0.00
2016-12-31,959.00,965.50,942.40,963.40,27560.00,0.00
2017-01-01,963.40,1001.60,956.10,995.40,41150.00,0.00
2017-01-02,995.40,1031.70,990.20,1017.00,64950.00,0.00
2017-01-03,1017.00,1035.50,1006.50,1033.30,54790.00,0.00
2017-01-04,1033.30,1148.50,1022.30,1135.40,156270.00,0.00
2017-01-05,1135.40,1150.60,874.50,989.30,240010.00,-0.00
2017-01-06,989.30,1027.40,852.50,886.20,194290.00,-0.00
2017-01-07,886.20,900.90,806.70,888.90,130660.00,0.00
2017-01-08,888.90,936.10,875.80,900.90,76910.00,0.00
2017-01-09,900.90,910.50,870.90,899.80,62580.00,-0.00
2017-01-10,899.80,911.30,890.10,904.40,53710.00,0.00
2017-01-11,904.40,917.70,751.60,785.40,194440.00,-0.00
2017-01-12,785.40,828.20,739.50,810.10,120240.00,0.00
2017-01-13,810.10,835.00,771.00,824.80,89860.00,0.00
2017-01-14,824.80,838.90,808.30,819.60,44210.00,-0.00
2017-01-15,819.60,826.40,808.60,821.20,24400.00,0.00
2017-01-16,821.20,836.70,817.70,827.30,33220.00,0.00
2017-01-17,827.30,906.40,825.00,899.70,82210.00,0.00
2017-01-18,899.70,913.70,845.90,872.00,69260.00,-0.00
2017-01-19,872.00,905.30,870.70,895.20,58440.00,0.00
2017-01-20,895.20,901.50,878.90,892.90,38870.00,-0.00
2017-01-21,892.90,928.90,889.50,919.80,40380.00,0.00
2017-01-22,919.80,938.40,888.60,918.80,47930.00,-0.00
2017-01-23,918.80,928.00,910.80,921.50,32740.00,0.00
2017-01-24,921.50,925.60,889.20,893.80,58870.00,-0.00
2017-01-25,893.80,905.70,883.60,894.40,37900.00,0.00
2017-01-26,894.40,919.30,893.50,915.60,33800.00,0.00
2017-01-27,915.60,922.60,907.90,918.00,30970.00,0.00
2017-01-28,918.00,921.90,912.80,918.50,14310.00,0.00
2017-01-29,918.50,922.40,912.70,914.50,11050.00,-0.00
2017-01-30,914.50,922.30,911.50,920.70,19060.00,0.00
2017-01-31,920.70,967.50,917.40,965.50,54670.00,0.00
2017-02-01,965.50,986.60,959.80,982.40,45220.00,0.00
2017-02-02,982.40,1009.10,973.50,1004.00,50860.00,0.00
2017-02-03,1004.00,1023.70,989.20,1013.00,61670.00,0.00
2017-02-04,1013.00,1041.00,1000.40,1031.80,39460.00,0.00
2017-02-05,1031.80,1033.70,1004.00,1016.10,31060.00,-0.00
2017-02-06,1016.10,1030.60,1010.80,1024.70,32020.00,0.00
2017-02-07,1024.70,1054.10,1019.90,1049.60,39550.00,0.00
2017-02-08,1049.60,1069.20,1020.30,1055.50,65150.00,0.00
2017-02-09,1055.50,1073.00,924.70,979.00,146750.00,-0.00
2017-02-10,979.00,1005.60,947.00,997.60,62130.00,0.00
2017-02-11,997.60,1014.30,983.90,1008.30,28320.00,0.00
2017-02-12,1008.30,1007.80,992.50,996.50,14750.00,-0.00
2017-02-13,996.50,1007.60,975.10,995.40,32910.00,-0.00
2017-02-14,995.40,1013.80,986.50,1008.30,39540.00,0.00
2017-02-15,1008.30,1010.90,999.70,1008.20,23360.00,-0.00
2017-02-16,1008.20,1040.30,1007.40,1031.90,38080.00,0.00
2017-02-17,1031.90,1057.40,1025.90,1049.40,45710.00,0.00
2017-02-18,1049.40,1063.20,1044.70,1052.30,25360.00,0.00
2017-02-19,1052.30,1056.50,1037.70,1048.90,17950.00,-0.00
2017-02-20,1048.90,1081.80,1041.00,1077.60,31010.00,0.00
2017-02-21,1077.60,1123.00,1073.50,1119.00,57050.00,0.00
2017-02-22,1119.00,1132.30,1094.80,1120.50,47910.00,0.00
2017-02-23,1120.50,1181.60,1113.50,1171.90,65740.00,0.00
2017-02-24,1171.90,1211.70,1092.40,1176.50,108170.00,0.00
2017-02-25,1176.50,1180.00,1116.20,1149.10,45860.00,-0.00
2017-02-26,1149.10,1177.50,1130.60,1171.60,30770.00,0.00
2017-02-27,1171.60,1195.80,1164.30,1188.80,35470.00,0.00
2017-02-28,1188.80,1208.20,1175.80,1189.30,50580.00,0.00
2017-03-01,1189.30,1225.00,1154.60,1222.70,51150.00,0.00
2017-03-02,1222.70,1287.00,1212.00,1255.50,78490.00,0.00
2017-03-03,1255.50,1291.30,1250.80,1283.30,67280.00,0.00
2017-03-04,1283.30,1285.80,1228.70,1264.30,38420.00,-0.00
2017-03-05,1264.30,1273.30,1242.10,1271.20,25430.00,0.00
2017-03-06,1271.20,1280.60,1261.00,1277.00,31030.00,0.00
2017-03-07,1277.00,1280.90,1148.70,1232.70,87720.00,-0.00
2017-03-08,1232.70,1242.00,1136.90,1147.00,97880.00,-0.00
2017-03-09,1147.00,1207.00,1129.30,1191.30,59860.00,0.00
2017-03-10,1191.30,1330.40,988.70,1112.40,190470.00,-0.00
2017-03-11,1112.40,1202.70,1104.80,1179.20,70750.00,0.00
2017-03-12,1179.20,1235.50,1160.90,1225.10,44410.00,0.00
2017-03-13,1225.10,1245.60,1205.60,1238.20,60460.00,0.00
2017-03-14,1238.20,1255.50,1218.40,1243.10,45140.00,0.00
2017-03-15,1243.10,1256.90,1236.40,1253.40,43590.00,0.00
2017-03-16,1253.40,1260.20,1119.00,1172.90,132770.00,-0.00
2017-03-17,1172.90,1174.90,1063.50,1071.70,163740.00,-0.00
2017-03-18,1071.70,1103.60,940.20,971.40,210420.00,-0.00
2017-03-19,971.40,1063.70,967.30,1022.60,106450.00,0.00
2017-03-20,1022.60,1057.50,1005.00,1047.50,61430.00,0.00
2017-03-21,1047.50,1125.50,1043.90,1121.30,92590.00,0.00
2017-03-22,1121.30,1121.90,997.80,1044.70,115290.00,-0.00
2017-03-23,1044.70,1062.80,1022.00,1035.00,56520.00,-0.00
2017-03-24,1035.00,1038.40,927.30,939.70,132600.00,-0.00
2017-03-25,939.70,996.00,890.40,966.30,127050.00,0.00
2017-03-26,966.30,1004.30,946.70,969.40,85330.00,0.00
2017-03-27,969.40,1048.80,961.80,1045.10,91260.00,0.00
2017-03-28,1045.10,1068.40,1015.50,1044.40,80000.00,-0.00
2017-03-29,1044.40,1058.70,1008.30,1041.90,68850.00,-0.00
2017-03-30,1041.90,1052.70,1020.90,1037.90,74990.00,-0.00
2017-03-31,1037.90,1088.20,1035.20,1079.10,90990.00,0.00
2017-04-01,1079.10,1103.70,1067.50,1086.10,50660.00,0.00
2017-04-02,1086.10,1109.50,1074.20,1097.40,70980.00,0.00
2017-04-03,1097.40,1157.90,1095.60,1147.60,98500.00,0.00
2017-04-04,1147.60,1161.20,1122.20,1141.80,71000.00,-0.00
2017-04-05,1141.80,1143.80,1110.10,1129.90,69470.00,-0.00
2017-04-06,1129.90,1201.60,1130.50,1188.70,92360.00,0.00
2017-04-07,1188.70,1201.20,1173.20,1190.50,59750.00,0.00
2017-04-08,1190.50,1198.20,1166.70,1180.80,33180.00,-0.00
2017-04-09,1180.80,1215.10,1174.00,1204.30,45350.00,0.00
2017-04-10,1204.30,1214.90,1194.80,1206.70,40010.00,0.00
2017-04-11,1206.70,1229.60,1195.80,1220.70,37400.00,0.00
2017-04-12,1220.70,1225.50,1207.40,1212.50,44780.00,-0.00
2017-04-13,1212.50,1218.70,1150.30,1176.20,66050.00,-0.00
2017-04-14,1176.20,1195.40,1162.20,1177.30,47220.00,0.00
2017-04-15,1177.30,1194.80,841.50,1177.00,28390.00,-0.00
2017-04-16,1177.00,1188.00,1166.70,1176.80,18930.00,-0.00
2017-04-17,1176.80,1203.00,1172.80,1194.00,46480.00,0.00
2017-04-18,1194.00,1213.90,1191.10,1206.10,52750.00,0.00
2017-04-19,1206.10,1218.20,1194.10,1215.20,43350.00,0.00
2017-04-20,1215.20,1246.60,1210.70,1238.10,55200.00,0.00
2017-04-21,1238.10,1257.00,1235.60,1249.60,41340.00,0.00
2017-04-22,1249.60,1257.00,1215.80,1240.90,43820.00,-0.00
2017-04-23,1240.90,1256.20,1223.10,1249.10,42610.00,0.00
2017-04-24,1249.10,1256.40,1234.90,1248.20,38540.00,-0.00
2017-04-25,1248.20,1272.60,1244.20,1264.30,43890.00,0.00
2017-04-26,1264.30,1309.20,1263.00,1286.60,58910.00,0.00
2017-04-27,1286.60,1346.80,1285.30,1332.90,61770.00,0.00
2017-04-28,1332.90,1356.20,1287.60,1329.60,77570.00,-0.00
2017-04-29,1329.60,1343.70,1314.20,1336.30,40970.00,0.00
2017-04-30,1336.30,1358.90,1309.70,1351.90,40640.00,0.00
2017-05-01,1351.90,1448.70,1342.80,1415.80,100440.00,0.00
2017-05-02,1415.80,1471.10,1394.80,1445.90,70010.00,0.00
2017-05-03,1445.90,1496.40,1424.10,1485.60,81720.00,0.00
2017-05-04,1485.60,1609.80,1437.10,1516.80,136710.00,0.00
2017-05-05,1516.80,1588.10,1485.00,1507.80,120380.00,-0.00
2017-05-06,1507.80,1560.40,1503.90,1545.30,59600.00,0.00
2017-05-07,1545.30,1572.90,1495.20,1554.40,71360.00,0.00
2017-05-08,1554.40,1667.70,1552.90,1664.50,107230.00,0.00
2017-05-09,1664.50,1757.40,1620.00,1697.50,127230.00,0.00
2017-05-10,1697.50,1766.20,1665.00,1752.30,89680.00,0.00
2017-05-11,1752.30,1864.80,1741.50,1819.30,109010.00,0.00
2017-05-12,1819.30,1822.50,1641.20,1686.40,109340.00,-0.00
2017-05-13,1686.40,1770.50,1594.60,1763.70,75470.00,0.00
2017-05-14,1763.70,1802.80,1736.10,1772.60,40640.00,0.00
2017-05-15,1772.60,1776.70,1656.80,1708.90,80240.00,-0.00
2017-05-16,1708.90,1752.60,1653.70,1729.30,75540.00,0.00
2017-05-17,1729.30,1842.80,1704.00,1801.30,94620.00,0.00
2017-05-18,1801.30,1980.50,1791.10,1881.00,73100.00,0.00
2017-05-19,1881.00,1969.70,1875.30,1962.00,98760.00,0.00
2017-05-20,1962.00,2048.40,1944.40,2040.20,89860.00,0.00
2017-05-21,2040.20,2094.90,1980.10,2044.20,78780.00,0.00
2017-05-22,2044.20,2264.80,1998.60,2124.40,174380.00,0.00
2017-05-23,2124.40,2286.30,2110.80,2272.60,114180.00,0.00
2017-05-24,2272.60,2497.00,2263.30,2445.30,149260.00,0.00
2017-05-25,2445.30,2781.80,2210.50,2307.20,248440.00,-0.00
2017-05-26,2307.00,2616.50,2051.40,2244.90,191490.00,-0.00
2017-05-27,2244.90,2322.40,1868.60,2052.40,222950.00,-0.00
2017-05-28,2052.40,2300.50,2051.10,2189.00,125000.00,0.00
2017-05-29,2189.00,2337.40,2117.30,2278.20,92240.00,0.00
2017-05-30,2278.20,2329.30,2147.10,2192.60,120960.00,-0.00
2017-05-31,2192.60,2330.60,2168.40,2303.30,117750.00,0.00
2017-06-01,2303.30,2460.80,2303.30,2412.60,122700.00,0.00
2017-06-02,2412.60,2494.00,2385.60,2492.60,83030.00,0.00
2017-06-03,2492.60,2582.80,2449.90,2545.40,70960.00,0.00
2017-06-04,2545.40,2559.80,2478.20,2524.10,59480.00,-0.00
2017-06-05,2524.10,2705.40,2523.90,2705.00,86690.00,0.00
2017-06-06,2705.00,2931.20,2699.70,2870.50,192230.00,0.00
2017-06-07,2870.50,2880.90,2626.60,2691.50,122680.00,-0.00
2017-06-08,2691.50,2808.40,2623.60,2798.80,95420.00,0.00
2017-06-09,2798.80,2852.10,2786.10,2811.40,67050.00,0.00
2017-06-10,2811.40,2914.20,2807.40,2900.30,86520.00,0.00
2017-06-11,2900.30,2977.90,2867.30,2973.40,83030.00,0.00
2017-06-12,2973.40,2985.10,2483.60,2656.80,217960.00,-0.00
2017-06-13,2656.80,2784.80,2647.40,2713.00,116740.00,0.00
2017-06-14,2713.00,2803.70,2349.00,2467.30,174190.00,-0.00
2017-06-15,2467.30,2521.60,2125.60,2442.50,262790.00,-0.00
2017-06-16,2442.50,2536.40,2335.30,2508.60,117210.00,0.00
2017-06-17,2508.60,2690.70,2454.80,2655.10,95950.00,0.00
2017-06-18,2655.10,2676.00,2488.60,2539.60,92000.00,-0.00
2017-06-19,2539.60,2617.80,2518.80,2616.80,81830.00,0.00
2017-06-20,2616.80,2800.50,2614.00,2754.40,111300.00,0.00
2017-06-21,2754.40,2804.40,2624.40,2677.60,116030.00,-0.00
2017-06-22,2677.60,2757.30,2623.20,2722.80,78300.00,0.00
2017-06-23,2722.80,2759.70,2699.50,2710.40,56940.00,-0.00
2017-06-24,2710.40,2741.60,2540.40,2590.10,86960.00,-0.00
2017-06-25,2590.10,2660.70,2472.40,2541.60,86970.00,-0.00
2017-06-26,2541.60,2584.80,2327.30,2446.10,165830.00,-0.00
2017-06-27,2446.10,2585.10,2309.60,2583.80,159260.00,0.00
2017-06-28,2583.80,2616.90,2490.10,2577.70,110420.00,-0.00
2017-06-29,2577.70,2605.90,2526.50,2558.40,75320.00,-0.00
2017-06-30,2558.40,2576.30,2469.50,2480.60,73000.00,-0.00
2017-07-01,2480.60,2529.60,2387.50,2424.60,66320.00,-0.00
2017-07-02,2424.60,2555.30,2375.90,2536.50,67760.00,0.00
2017-07-03,2536.50,2617.50,2506.30,2572.50,83420.00,0.00
2017-07-04,2572.50,2658.70,2570.00,2617.30,80680.00,0.00
2017-07-05,2617.30,2642.70,2562.00,2627.90,89720.00,0.00
2017-07-06,2627.90,2634.80,2581.80,2614.20,60160.00,-0.00
2017-07-07,2614.20,2617.50,2484.70,2513.90,90450.00,-0.00
2017-07-08,2513.90,2568.70,2480.60,2564.90,54510.00,0.00
2017-07-09,2564.90,2576.70,2509.60,2511.40,39160.00,-0.00
2017-07-10,2511.40,2530.30,2271.80,2344.00,123800.00,-0.00
2017-07-11,2344.00,2412.80,2265.50,2324.30,146630.00,-0.00
2017-07-12,2324.30,2424.80,2262.10,2403.10,109520.00,0.00
2017-07-13,2403.10,2436.70,2335.00,2362.40,88170.00,-0.00
2017-07-14,2362.40,2370.50,2165.40,2234.20,114410.00,-0.00
2017-07-15,2234.20,2237.10,1974.00,1975.10,155320.00,-0.00
2017-07-16,1975.10,2044.40,1809.00,1914.10,189640.00,-0.00
2017-07-17,1914.10,2233.80,1913.80,2233.40,176890.00,0.00
2017-07-18,2233.40,2400.70,2164.60,2320.20,202620.00,0.00
2017-07-19,2320.20,2412.40,2243.10,2282.60,154320.00,-0.00
2017-07-20,2282.60,2932.80,2282.10,2866.00,310340.00,0.00
2017-07-21,2866.00,2874.00,2622.50,2675.10,193760.00,-0.00
2017-07-22,2675.10,2876.70,2658.60,2836.50,121920.00,0.00
2017-07-23,2836.50,2856.70,2675.60,2756.60,108230.00,-0.00
2017-07-24,2756.60,2798.90,2715.70,2763.40,83010.00,0.00
2017-07-25,2763.40,2779.10,2472.60,2582.60,205880.00,-0.00
2017-07-26,2582.60,2631.70,2441.50,2559.20,135500.00,-0.00
2017-07-27,2559.20,2712.90,2547.70,2691.90,103830.00,0.00
2017-07-28,2691.90,2843.80,2683.60,2806.80,138910.00,0.00
2017-07-29,2806.80,2812.10,2699.40,2733.50,84490.00,-0.00
2017-07-30,2733.50,2773.10,2621.70,2766.50,82720.00,0.00
2017-07-31,2766.50,2916.30,2723.10,2883.30,91120.00,0.00
2017-08-01,2883.30,2946.00,2659.60,2747.00,123170.00,-0.00
2017-08-02,2747.00,2773.80,2668.90,2720.50,81820.00,-0.00
2017-08-03,2720.50,2822.90,2717.60,2810.00,68100.00,0.00
2017-08-04,2810.00,2892.70,2779.50,2878.50,68760.00,0.00
2017-08-05,2878.50,3344.00,2875.90,3262.80,159400.00,0.00
2017-08-06,3262.80,3295.10,3166.50,3232.00,60660.00,-0.00
2017-08-07,3232.00,3425.10,3198.50,3401.90,88110.00,0.00
2017-08-08,3401.90,3494.90,3357.10,3429.40,106940.00,0.00
2017-08-09,3429.40,3437.10,3251.00,3348.80,97060.00,-0.00
2017-08-10,3348.80,3453.80,3322.90,3425.70,71000.00,0.00
2017-08-11,3425.70,3706.50,3409.80,3654.40,97560.00,0.00
2017-08-12,3654.40,3967.30,3611.40,3871.60,123590.00,0.00
2017-08-13,3871.60,4189.40,3847.30,4062.60,158590.00,0.00
2017-08-14,4062.60,4336.70,3978.90,4327.90,128460.00,0.00
2017-08-15,4327.90,4436.50,3837.10,4161.70,211580.00,-0.00
2017-08-16,4161.70,4398.10,3938.60,4387.40,112900.00,0.00
2017-08-17,4387.40,4487.50,4194.10,4278.90,127480.00,-0.00
2017-08-18,4278.90,4362.70,3978.30,4105.40,144400.00,-0.00
2017-08-19,4105.40,4189.70,3957.50,4150.50,113720.00,0.00
2017-08-20,4150.50,4182.30,4034.40,4066.60,70160.00,-0.00
2017-08-21,4066.60,4097.30,3966.90,4005.10,90650.00,-0.00
2017-08-22,4005.10,4142.70,3612.20,4089.70,169140.00,0.00
2017-08-23,4089.70,4255.60,4070.50,4141.10,96650.00,0.00
2017-08-24,4141.10,4364.10,4111.70,4318.40,72360.00,0.00
2017-08-25,4318.40,4461.70,4292.60,4364.40,82900.00,0.00
2017-08-26,4364.40,4379.30,4263.30,4352.30,46160.00,-0.00
2017-08-27,4352.30,4408.20,4321.10,4345.80,42520.00,-0.00
2017-08-28,4345.80,4403.10,4195.20,4390.30,75490.00,0.00
2017-08-29,4390.30,4647.80,4350.20,4597.30,100800.00,0.00
2017-08-30,4597.30,4644.10,4491.80,4583.00,68470.00,-0.00
2017-08-31,4583.00,4765.10,4580.10,4735.10,72290.00,0.00
2017-09-01,4735.10,4925.20,4690.20,4921.90,102010.00,0.00
2017-09-02,4921.90,4976.50,4448.60,4573.80,160770.00,-0.00
2017-09-03,4573.80,4719.80,4397.70,4612.90,102820.00,0.00
2017-09-04,4612.90,4621.00,4098.60,4267.50,170400.00,-0.00
2017-09-05,4267.50,4496.70,4004.60,4409.10,158410.00,0.00
2017-09-06,4409.10,4660.00,4401.50,4618.70,110930.00,0.00
2017-09-07,4618.70,4690.50,4493.20,4635.60,70530.00,0.00
2017-09-08,4635.60,4699.60,4130.90,4326.50,180360.00,-0.00
2017-09-09,4326.50,4402.10,4185.30,4335.10,77090.00,0.00
2017-09-10,4335.10,4338.10,4032.10,4245.90,108080.00,-0.00
2017-09-11,4245.90,4364.40,4134.60,4217.90,88760.00,-0.00
2017-09-12,4217.90,4387.80,4075.00,4158.90,107040.00,-0.00
2017-09-13,4158.90,4174.60,3752.00,3870.30,186540.00,-0.00
2017-09-14,3870.30,3930.70,3219.00,3243.10,317590.00,-0.00
2017-09-15,3243.10,3824.40,2979.90,3713.80,448550.00,0.00
2017-09-16,3713.80,3893.70,3551.80,3698.90,169360.00,-0.00
2017-09-17,3698.90,3796.60,3485.80,3689.60,96070.00,-0.00
2017-09-18,3689.60,4122.80,3689.00,4100.30,147930.00,0.00
2017-09-19,4100.30,4120.70,3852.20,3908.00,123220.00,-0.00
2017-09-20,3908.00,4053.00,3846.80,3882.20,86650.00,-0.00
2017-09-21,3882.20,3912.80,3576.50,3617.30,145130.00,-0.00
2017-09-22,3617.30,3753.50,3505.80,3600.80,114720.00,-0.00
2017-09-23,3600.80,3813.40,3563.20,3788.00,67820.00,0.00
2017-09-24,3788.00,3790.90,3633.90,3667.50,49660.00,-0.00
2017-09-25,3667.50,3971.50,3665.70,3932.80,100200.00,0.00
2017-09-26,3932.80,3982.30,3858.80,3892.70,63250.00,-0.00
2017-09-27,3892.70,4232.40,3882.10,4212.20,117600.00,0.00
2017-09-28,4212.20,4274.60,4112.90,4195.60,92230.00,-0.00
2017-09-29,4195.60,4237.50,4030.40,4172.80,97800.00,-0.00
2017-09-30,4172.80,4383.30,4164.30,4360.60,67490.00,0.00
2017-10-01,4360.60,4412.60,4258.30,4403.10,60580.00,0.00
2017-10-02,4403.10,4477.40,4364.70,4401.30,71200.00,-0.00
2017-10-03,4401.30,4436.00,4230.70,4314.20,81870.00,-0.00
2017-10-04,4314.20,4355.30,4183.60,4218.70,64080.00,-0.00
2017-10-05,4218.70,4365.80,4143.40,4321.40,63610.00,0.00
2017-10-06,4321.40,4422.10,4296.90,4371.90,61690.00,0.00
2017-10-07,4371.90,4472.90,4319.50,4435.80,40200.00,0.00
2017-10-08,4435.80,4622.90,4419.40,4611.70,71370.00,0.00
2017-10-09,4611.70,4875.40,4556.10,4777.50,110190.00,0.00
2017-10-10,4777.50,4930.00,4722.80,4763.40,98490.00,-0.00
2017-10-11,4763.40,4874.90,4718.60,4824.20,70480.00,0.00
2017-10-12,4824.20,5432.60,4815.00,5432.60,163920.00,0.00
2017-10-13,5432.60,5852.80,5392.00,5637.30,215020.00,0.00
2017-10-14,5637.30,5839.60,5568.90,5824.70,76220.00,0.00
2017-10-15,5824.70,5862.70,5448.20,5688.10,101640.00,-0.00
2017-10-16,5677.40,5795.30,5576.10,5759.30,61360.00,0.00
2017-10-17,5759.30,5773.30,5521.10,5598.60,65640.00,-0.00
2017-10-18,5598.60,5601.30,5114.90,5575.80,122020.00,-0.00
2017-10-19,5576.70,5737.40,5517.60,5698.60,83060.00,0.00
2017-10-20,5698.60,6075.30,5611.40,5993.10,123860.00,0.00
2017-10-21,5993.10,6187.20,5874.50,6006.60,112940.00,0.00
2017-10-22,6006.60,6070.60,5723.00,5982.90,105030.00,-0.00
2017-10-23,5982.90,6049.00,5644.20,5903.60,137140.00,-0.00
2017-10-24,5903.60,5904.60,5463.40,5513.10,143740.00,-0.00
2017-10-25,5513.10,5748.00,5375.60,5734.00,105840.00,0.00
2017-10-26,5734.00,5970.40,5689.90,5887.60,93680.00,0.00
2017-10-27,5887.60,5997.80,5692.30,5764.60,83930.00,-0.00
2017-10-28,5764.60,5871.00,5654.80,5726.60,53230.00,-0.00
2017-10-29,5726.60,6295.40,5679.40,6147.50,163060.00,0.00
2017-10-30,6147.70,6226.20,6019.00,6124.30,78620.00,-0.00
2017-10-31,6124.30,6467.20,6090.80,6451.20,101250.00,0.00
2017-11-01,6449.10,6738.70,6355.00,6737.80,133190.00,0.00
2017-11-02,6737.80,7339.90,6737.80,7024.80,238800.00,0.00
2017-11-03,7024.80,7445.60,6938.90,7152.10,154890.00,0.00
2017-11-04,7147.00,7492.20,6957.80,7363.80,106600.00,0.00
2017-11-05,7363.80,7599.40,7284.30,7389.50,105730.00,0.00
2017-11-06,7389.50,7429.70,6934.70,6959.20,159690.00,-0.00
2017-11-07,6959.30,7222.40,6957.80,7102.80,101050.00,0.00
2017-11-08,7102.20,7869.10,7027.00,7444.40,220220.00,0.00
2017-11-09,7444.40,7457.10,7040.80,7129.60,126770.00,-0.00
2017-11-10,7129.60,7319.00,6406.00,6565.80,222000.00,-0.00
2017-11-11,6565.80,6821.50,6197.90,6339.90,135720.00,-0.00
2017-11-12,6339.90,6490.50,5493.60,5878.10,269830.00,-0.00
2017-11-13,5878.10,6760.10,5828.30,6522.50,178340.00,0.00
2017-11-14,6522.50,6728.60,6419.20,6597.10,96500.00,0.00
2017-11-15,6597.10,7330.10,6596.90,7283.20,131120.00,0.00
2017-11-16,7283.00,7964.60,7119.20,7853.70,133940.00,0.00
2017-11-17,7853.70,8000.20,7534.70,7700.00,117350.00,-0.00
2017-11-18,7700.00,7857.50,7458.90,7780.90,74380.00,0.00
2017-11-19,7781.00,8100.90,7675.40,8042.60,68620.00,0.00
2017-11-20,8042.60,8294.10,7947.30,8244.70,75700.00,0.00
2017-11-21,8245.90,8368.40,7819.10,8100.00,115450.00,-0.00
2017-11-22,8099.90,8304.40,8091.60,8234.50,65810.00,0.00
2017-11-23,8234.50,8266.50,8012.40,8013.40,68010.00,-0.00
2017-11-24,8013.40,8332.90,7900.20,8200.80,73000.00,0.00
2017-11-25,8203.50,8762.00,8153.70,8754.70,84670.00,0.00
2017-11-26,8754.60,9474.60,8746.60,9318.40,85890.00,0.00
2017-11-27,9318.40,9733.60,9316.80,9733.20,106900.00,0.00
2017-11-28,9732.60,9969.60,9638.20,9906.00,87760.00,0.00
2017-11-29,9906.00,11417.80,8938.70,9837.90,233330.00,-0.00
2017-11-30,9848.00,10689.10,9023.80,9946.80,187010.00,0.00
2017-12-01,9947.10,10942.80,9420.90,10861.50,131920.00,0.00
2017-12-02,10861.50,11175.20,10715.50,10912.70,86830.00,0.00
2017-12-03,10912.70,11851.10,10578.40,11246.20,122130.00,0.00
2017-12-04,11244.20,11624.60,10917.80,11623.90,93170.00,0.00
2017-12-05,11624.40,11901.90,11486.10,11667.10,89690.00,0.00
2017-12-06,11667.10,13843.20,11661.80,13749.60,191580.00,0.00
2017-12-07,13750.10,16879.30,13401.60,16850.30,297110.00,0.00
2017-12-08,16868.00,17294.80,13906.10,16047.60,286760.00,-0.00
2017-12-09,16048.20,16313.20,13151.50,14843.40,181980.00,-0.00
2017-12-10,14840.00,15783.20,13031.00,15059.60,201620.00,0.00
2017-12-11,15060.50,17399.20,15024.60,16732.50,159730.00,0.00
2017-12-12,16733.30,17560.70,16254.50,17083.90,132850.00,0.00
2017-12-13,17083.90,17268.00,15669.90,16286.80,155410.00,-0.00
2017-12-14,16286.80,16941.10,16023.60,16467.90,107920.00,0.00
2017-12-15,16467.90,17987.00,16442.20,17604.80,153650.00,0.00
2017-12-16,17594.10,19587.70,17318.50,19345.50,112170.00,0.00
2017-12-17,19346.60,19870.60,18750.90,19065.70,117410.00,-0.00
2017-12-18,19065.70,19221.10,18114.40,18972.30,139250.00,-0.00
2017-12-19,18971.20,19022.00,16812.80,17523.70,174540.00,-0.00
2017-12-20,17521.70,17813.60,15642.70,16462.00,227680.00,-0.00
2017-12-21,16461.10,17301.80,14953.00,15632.10,163740.00,-0.00
2017-12-22,15632.10,15823.70,10875.70,13665.00,466980.00,-0.00
2017-12-23,13665.00,15493.20,13356.10,14396.50,170170.00,0.00
2017-12-24,14396.60,14413.70,12166.50,13790.00,182420.00,-0.00
2017-12-25,13790.00,14467.40,13010.70,13833.50,107480.00,0.00
2017-12-26,13830.20,16094.70,13748.50,15756.60,143140.00,0.00
2017-12-27,15757.00,16514.60,14534.70,15416.60,138710.00,-0.00
2017-12-28,15416.30,15505.50,13466.10,14398.70,170370.00,-0.00
2017-12-29,14398.50,15109.80,13951.10,14392.60,118880.00,-0.00
2017-12-30,14392.10,14461.50,11962.10,12531.50,182070.00,-0.00
2017-12-31,12532.40,14241.80,12359.40,13850.40,111270.00,0.00
2018-01-01,13850.50,13921.50,12877.70,13444.90,78430.00,-0.00
2018-01-02,13444.90,15306.10,12934.20,14754.10,137730.00,0.00
2018-01-03,14754.10,15435.00,14579.70,15156.60,106540.00,0.00
2018-01-04,15156.50,15408.70,14244.70,15180.10,110970.00,0.00
2018-01-05,15180.10,17126.90,14832.40,16954.80,141960.00,0.00
2018-01-06,16954.80,17252.80,16286.60,17172.30,83930.00,0.00
2018-01-07,17174.50,17184.80,15791.10,16228.20,79010.00,-0.00
2018-01-08,16228.30,16302.90,13902.30,14976.20,142450.00,-0.00
2018-01-09,14976.20,15324.60,14613.40,14778.50,71400.00,-0.00
2018-01-10,14778.50,15045.40,13613.10,15043.00,87070.00,0.00
2018-01-11,15046.70,15109.10,13048.30,13535.40,167810.00,-0.00
2018-01-12,13529.20,14176.40,13410.00,13886.70,82370.00,0.00
2018-01-13,13896.00,14640.70,13888.20,14292.20,61140.00,0.00
2018-01-14,14291.90,14446.10,13094.70,13695.20,85120.00,-0.00
2018-01-15,13695.50,14396.60,13475.40,13697.50,73270.00,0.00
2018-01-16,13704.40,13711.00,10050.70,11362.00,317100.00,-0.00
2018-01-17,11357.70,11769.60,9271.30,11192.30,361800.00,-0.00
2018-01-18,11202.00,12004.70,10660.20,11245.40,242450.00,0.00
2018-01-19,11229.60,11973.20,10901.50,11580.20,170740.00,0.00
2018-01-20,11579.20,13082.20,11567.30,12858.90,143900.00,0.00
2018-01-21,12857.10,12860.20,11164.50,11594.90,206960.00,-0.00
2018-01-22,11597.50,11970.90,10136.80,10864.80,201730.00,-0.00
2018-01-23,10869.00,11438.00,10056.60,10903.20,188370.00,0.00
2018-01-24,10899.40,11549.50,10584.50,11452.30,136060.00,0.00
2018-01-25,11439.90,11740.90,10983.80,11203.00,181810.00,-0.00
2018-01-26,11203.10,11655.30,10389.40,11118.10,253910.00,-0.00
2018-01-27,11118.00,11621.70,10908.40,11467.50,163490.00,0.00
2018-01-28,11471.20,12112.70,11433.30,11795.10,154630.00,0.00
2018-01-29,11794.90,11888.10,11119.00,11244.80,137420.00,-0.00
2018-01-30,11244.50,11277.20,9917.70,10166.00,264720.00,-0.00
2018-01-31,10166.30,10397.70,9742.20,10265.40,208470.00,0.00
2018-02-01,10266.20,10303.00,8789.20,9181.10,358400.00,-0.00
2018-02-02,9179.80,9201.40,7915.80,8893.20,519400.00,-0.00
2018-02-03,8894.40,9506.90,8249.30,9241.10,248710.00,0.00
2018-02-04,9241.50,9382.10,7932.10,8222.20,280940.00,-0.00
2018-02-05,8220.80,8383.20,6651.90,6938.50,593890.00,-0.00
2018-02-06,6939.30,7896.20,5996.60,7701.20,886880.00,0.00
2018-02-07,7693.80,8536.50,7196.60,7594.70,445620.00,-0.00
2018-02-08,7595.10,8489.90,7595.10,8164.20,296100.00,0.00
2018-02-09,8163.60,8735.60,7784.60,8699.80,233940.00,0.00
2018-02-10,8697.30,9066.60,8172.20,8559.60,263530.00,-0.00
2018-02-11,8559.70,8564.20,7843.70,8081.90,236200.00,-0.00
2018-02-12,8083.60,8984.90,8083.60,8903.50,238670.00,0.00
2018-02-13,8906.20,8942.70,8378.00,8539.20,195870.00,-0.00
2018-02-14,8542.60,9500.00,8541.60,9476.30,246880.00,0.00
2018-02-15,9475.60,10206.80,9348.50,10037.30,291280.00,0.00
2018-02-16,10031.30,10294.30,9707.70,10178.70,206440.00,0.00
2018-02-17,10177.30,11095.90,10070.90,11073.50,224760.00,0.00
2018-02-18,11073.70,11271.60,10137.20,10398.80,288910.00,-0.00
2018-02-19,10396.60,11250.50,10324.80,11169.40,215200.00,0.00
2018-02-20,11169.70,11791.50,11119.90,11238.70,267560.00,0.00
2018-02-21,11240.90,11289.70,10252.20,10473.00,327140.00,-0.00
2018-02-22,10470.10,10930.20,9743.90,9841.70,316630.00,-0.00
2018-02-23,9840.60,10419.10,9597.80,10170.40,271500.00,0.00
2018-02-24,10163.80,10506.10,9394.50,9704.30,239160.00,-0.00
2018-02-25,9703.10,9860.30,9330.10,9585.20,196490.00,-0.00
2018-02-26,9590.90,10378.40,9410.30,10285.10,235940.00,0.00
2018-02-27,10287.80,10867.20,10120.50,10594.40,202580.00,0.00
2018-02-28,10584.40,11070.70,10303.40,10333.90,215220.00,-0.00
2018-03-01,10335.10,11047.80,10248.70,10904.50,188770.00,0.00
2018-03-02,10904.50,11167.00,10677.10,10827.70,201690.00,-0.00
2018-03-03,10822.50,11420.70,9585.50,11402.30,172200.00,0.00
2018-03-04,11402.80,11490.30,10878.40,11416.50,156400.00,0.00
2018-03-05,11415.70,11506.90,11281.20,11330.60,162110.00,-0.00
2018-03-06,11314.20,11316.40,10412.00,10675.10,230650.00,-0.00
2018-03-07,10779.00,10899.00,9422.10,9902.90,284540.00,-0.00
2018-03-08,9910.70,10109.00,9037.00,9300.00,256260.00,-0.00
2018-03-09,9301.90,9420.50,8351.00,9217.00,371460.00,-0.00
2018-03-10,9216.20,9500.00,8691.10,8762.00,198730.00,-0.00
2018-03-11,8732.20,9719.60,8516.40,9529.60,266590.00,0.00
2018-03-12,9535.80,9892.20,8804.10,9137.40,257910.00,-0.00
2018-03-13,9138.70,9482.00,8875.10,9154.90,239460.00,0.00
2018-03-14,9154.90,9353.40,7958.50,8210.60,305450.00,-0.00
2018-03-15,8210.20,8427.00,7691.70,8264.40,326530.00,0.00
2018-03-16,8264.30,8604.80,7929.10,8289.20,236130.00,0.00
2018-03-17,8198.00,8344.80,7760.20,7874.90,208050.00,-0.00
2018-03-18,7873.20,8283.60,7323.30,8201.20,348020.00,0.00
2018-03-19,8200.90,8698.30,8127.70,8616.80,316960.00,0.00
2018-03-20,8614.10,9039.60,8326.80,8912.60,253440.00,0.00
2018-03-21,8912.40,9173.40,8775.10,8905.90,218190.00,-0.00
2018-03-22,8903.70,9096.20,8499.10,8726.20,223010.00,-0.00
2018-03-23,8725.30,8917.00,8305.60,8916.80,210110.00,0.00
2018-03-24,8917.30,9008.80,8523.60,8547.40,177430.00,-0.00
2018-03-25,8549.10,8679.00,8392.20,8473.20,149520.00,-0.00
2018-03-26,8474.00,8515.70,7865.90,8143.50,247180.00,-0.00
2018-03-27,8146.50,8218.30,7760.60,7801.70,223100.00,-0.00
2018-03-28,7803.00,8110.40,7754.50,7954.90,167360.00,0.00
2018-03-29,7955.20,7980.70,6954.90,7129.20,348750.00,-0.00
2018-03-30,7132.40,7288.10,6603.80,6853.70,417310.00,-0.00
2018-03-31,6856.50,7221.50,6804.90,6938.20,245300.00,0.00
2018-04-01,6939.10,7047.70,6460.10,6825.20,257530.00,-0.00
2018-04-02,6825.40,7121.30,6787.60,7068.40,199310.00,0.00
2018-04-03,7067.20,7519.30,7032.90,7424.20,230800.00,0.00
2018-04-04,7423.80,7432.90,6726.90,6808.90,239510.00,-0.00
2018-04-05,6808.70,6918.20,6592.50,6782.00,221700.00,-0.00
2018-04-06,6783.70,6859.70,6523.40,6624.30,174900.00,-0.00
2018-04-07,6624.50,7071.90,6616.10,6905.70,177100.00,0.00
2018-04-08,6905.90,7113.40,6903.90,7030.50,132510.00,0.00
2018-04-09,7035.70,7192.50,6633.20,6781.90,241190.00,-0.00
2018-04-10,6782.60,6899.50,6671.60,6854.80,134230.00,0.00
2018-04-11,6855.60,6988.60,6818.40,6962.10,142070.00,0.00
2018-04-12,6963.30,8009.60,6779.30,7926.60,398300.00,0.00
2018-04-13,7926.90,8228.00,7756.60,7887.40,296950.00,-0.00
2018-04-14,7891.10,8180.20,7839.30,8004.40,164710.00,0.00
2018-04-15,8004.60,8411.50,8004.60,8363.60,160260.00,0.00
2018-04-16,8362.20,8412.90,7908.50,8070.00,197700.00,-0.00
2018-04-17,8070.00,8171.70,7852.80,7908.60,162590.00,-0.00
2018-04-18,7908.50,8227.60,7895.30,8178.40,163260.00,0.00
2018-04-19,8179.00,8303.70,8126.70,8290.80,155080.00,0.00
2018-04-20,8292.30,8926.20,8224.50,8867.00,225960.00,0.00
2018-04-21,8867.00,9027.70,8614.50,8923.10,206010.00,0.00
2018-04-22,8923.60,9022.30,8766.50,8806.70,161890.00,-0.00
2018-04-23,8809.30,9001.00,8785.30,8952.80,147540.00,0.00
2018-04-24,8952.70,9734.80,8937.00,9645.30,260790.00,0.00
2018-04-25,9645.00,9753.10,8768.10,8873.10,395670.00,-0.00
2018-04-26,8874.50,9303.60,8669.80,9287.00,248390.00,0.00
2018-04-27,9282.80,9386.30,8920.20,8940.90,184910.00,-0.00
2018-04-28,8940.80,9428.90,8895.50,9352.40,199780.00,0.00
2018-04-29,9352.20,9565.10,9182.80,9415.10,184720.00,0.00
2018-04-30,9415.80,9456.70,9135.40,9245.10,156830.00,-0.00
2018-05-01,9245.10,9245.10,8851.00,9074.90,173350.00,-0.00
2018-05-02,9076.80,9265.70,8991.90,9243.20,137480.00,0.00
2018-05-03,9244.20,9809.40,9171.40,9749.70,201180.00,0.00
2018-05-04,9747.60,9800.90,9549.00,9708.60,161550.00,-0.00
2018-05-05,9709.50,9992.80,9691.30,9853.50,158450.00,0.00
2018-05-06,9859.60,9957.70,9446.70,9656.40,150950.00,-0.00
2018-05-07,9651.10,9675.60,9204.20,9431.60,165080.00,-0.00
2018-05-08,9373.90,9404.40,9079.80,9196.40,157450.00,-0.00
2018-05-09,9194.90,9377.90,8988.00,9319.10,147890.00,0.00
2018-05-10,9319.20,9393.30,9013.40,9025.70,152710.00,-0.00
2018-05-11,9026.00,9028.70,8359.60,8408.30,270620.00,-0.00
2018-05-12,8409.60,8646.10,8184.10,8459.50,210870.00,0.00
2018-05-13,8489.10,8758.40,8330.00,8693.50,149800.00,0.00
2018-05-14,8693.40,8878.30,8305.10,8674.10,212050.00,-0.00
2018-05-15,8674.00,8842.10,8436.50,8477.00,179620.00,-0.00
2018-05-16,8477.00,8496.40,8120.10,8344.40,188030.00,-0.00
2018-05-17,8344.60,8458.70,8022.30,8063.00,154360.00,-0.00
2018-05-18,8064.40,8273.60,7939.80,8245.70,150320.00,0.00
2018-05-19,8244.70,8389.10,8153.20,8245.10,107890.00,-0.00
2018-05-20,8243.90,8580.40,8184.70,8529.00,113760.00,0.00
2018-05-21,8529.50,8550.60,8375.50,8403.30,115520.00,-0.00
2018-05-22,8403.80,8414.50,7979.30,8006.00,137510.00,-0.00
2018-05-23,8005.70,8047.40,7467.60,7512.30,237600.00,-0.00
2018-05-24,7512.30,7736.60,7293.40,7592.90,211110.00,0.00
2018-05-25,7593.90,7653.40,7355.60,7477.70,161820.00,-0.00
2018-05-26,7478.50,7619.30,7331.50,7361.30,103070.00,-0.00
2018-05-27,7361.90,7411.80,7267.50,7366.70,103290.00,0.00
2018-05-28,7367.30,7446.90,7090.60,7119.30,152290.00,-0.00
2018-05-29,7119.30,7533.00,7069.80,7467.70,186970.00,0.00
2018-05-30,7469.20,7565.20,7306.80,7400.10,140370.00,-0.00
2018-05-31,7400.80,7611.90,7355.00,7502.60,144520.00,0.00
2018-06-01,7502.50,7610.40,7375.80,7530.80,135920.00,0.00
2018-06-02,7530.80,7694.50,7467.90,7646.60,121180.00,0.00
2018-06-03,7646.60,7775.00,7611.30,7729.30,116680.00,0.00
2018-06-04,7729.30,7759.90,7468.40,7504.30,141010.00,-0.00
2018-06-05,7507.40,7672.60,7391.00,7631.50,145230.00,0.00
2018-06-06,7631.50,7699.10,7504.40,7661.00,130660.00,0.00
2018-06-07,7661.00,7754.70,7657.70,7697.80,124000.00,0.00
2018-06-08,7697.90,7710.50,7556.90,7622.10,112880.00,-0.00
2018-06-09,7622.10,7689.00,7493.30,7515.80,97560.00,-0.00
2018-06-10,7515.80,7516.30,6668.10,6775.10,275690.00,-0.00
2018-06-11,6775.20,6910.80,6657.20,6885.90,174880.00,0.00
2018-06-12,6885.90,6887.20,6476.00,6558.20,178260.00,-0.00
2018-06-13,6558.50,6624.60,6129.10,6312.30,237480.00,-0.00
2018-06-14,6312.30,6711.50,6283.60,6647.10,201540.00,0.00
2018-06-15,6647.30,6655.80,6395.70,6410.30,143530.00,-0.00
2018-06-16,6410.00,6564.20,6358.00,6505.80,108790.00,0.00
2018-06-17,6505.80,6593.00,6452.10,6460.30,90670.00,-0.00
2018-06-18,6460.50,6794.50,6410.90,6719.80,135700.00,0.00
2018-06-19,6719.80,6839.50,6681.50,6752.40,120540.00,0.00
2018-06-20,6752.30,6812.70,6575.10,6765.40,121480.00,0.00
2018-06-21,6765.80,6797.50,6695.10,6728.00,99290.00,-0.00
2018-06-22,6728.20,6739.70,5955.00,6055.70,278220.00,-0.00
2018-06-23,6055.20,6259.00,6032.80,6167.30,142900.00,0.00
2018-06-24,6167.90,6248.30,5785.30,6154.60,240600.00,-0.00
2018-06-25,6155.10,6331.20,6101.70,6256.60,210690.00,0.00
2018-06-26,6256.90,6267.70,6060.00,6082.10,176660.00,-0.00
2018-06-27,6081.10,6187.30,6025.40,6154.90,133420.00,0.00
2018-06-28,6154.90,6178.40,5854.00,5883.50,156050.00,-0.00
2018-06-29,5883.20,6284.90,5818.50,6213.30,206960.00,0.00
2018-06-30,6213.40,6498.50,6204.00,6398.90,189330.00,0.00
2018-07-01,6398.50,6445.10,6284.70,6366.80,128510.00,-0.00
2018-07-02,6349.10,6680.00,6275.00,6619.50,179920.00,0.00
2018-07-03,6618.60,6676.60,6513.50,6513.50,150190.00,-0.00
2018-07-04,6513.80,6774.50,6442.30,6598.40,143040.00,0.00
2018-07-05,6598.00,6693.60,6466.10,6546.50,166180.00,-0.00
2018-07-06,6546.50,6638.20,6458.30,6617.70,132690.00,0.00
2018-07-07,6617.70,6805.90,6531.10,6765.50,114570.00,0.00
2018-07-08,6765.40,6784.00,6694.30,6714.80,267600.00,-0.00
2018-07-09,6715.10,6793.80,6637.70,6667.10,289480.00,-0.00
2018-07-10,6668.40,6686.80,6291.50,6307.20,315270.00,-0.00
2018-07-11,6307.20,6409.70,6296.60,6389.10,243820.00,0.00
2018-07-12,6389.10,6389.40,6088.80,6250.60,289240.00,-0.00
2018-07-13,6250.80,6333.80,6144.50,6230.20,233220.00,-0.00
2018-07-14,6229.50,6313.50,6192.50,6254.80,243710.00,0.00
2018-07-15,6254.80,6399.60,6238.50,6362.90,180670.00,0.00
2018-07-16,6362.80,6749.20,6344.10,6729.90,312120.00,0.00
2018-07-17,6729.80,7453.20,6666.00,7322.00,337750.00,0.00
2018-07-18,7321.60,7581.20,7249.30,7383.60,333320.00,0.00
2018-07-19,7383.90,7558.40,7288.80,7477.50,247250.00,0.00
2018-07-20,7477.60,7683.60,7292.00,7339.40,258850.00,-0.00
2018-07-21,7339.30,7460.80,7223.50,7408.70,160770.00,0.00
2018-07-22,7409.00,7575.30,7343.70,7412.30,204160.00,0.00
2018-07-23,7412.40,7809.60,7379.20,7723.00,272150.00,0.00
2018-07-24,7723.10,8479.80,7701.90,8407.00,345320.00,0.00
2018-07-25,8404.90,8484.60,8062.10,8173.70,269230.00,-0.00
2018-07-26,8173.90,8304.30,7861.00,7937.00,235450.00,-0.00
2018-07-27,7936.90,8273.80,7808.30,8187.40,243220.00,0.00
2018-07-28,8186.80,8234.10,8077.40,8234.10,147140.00,0.00
2018-07-29,8231.50,8275.40,8113.30,8215.60,155240.00,-0.00
2018-07-30,8214.70,8262.00,7874.40,8177.10,242210.00,-0.00
2018-07-31,8176.40,8176.50,7649.80,7729.40,266940.00,-0.00
2018-08-01,7728.50,7753.20,7449.20,7606.40,237690.00,-0.00
2018-08-02,7606.40,7701.40,7470.60,7535.60,216340.00,-0.00
2018-08-03,7535.60,7535.60,7293.50,7419.00,226460.00,-0.00
2018-08-04,7418.90,7484.20,6949.70,7014.30,222570.00,-0.00
2018-08-05,7014.00,7087.60,6887.90,7027.10,177640.00,0.00
2018-08-06,7027.80,7143.60,6852.50,6943.60,168870.00,-0.00
2018-08-07,6943.60,7149.70,6689.90,6724.90,232480.00,-0.00
2018-08-08,6725.20,6725.20,6138.80,6283.60,311540.00,-0.00
2018-08-09,6283.70,6620.20,6197.00,6538.80,237660.00,0.00
2018-08-10,6539.50,6570.20,6043.40,6152.30,298820.00,-0.00
2018-08-11,6152.80,6469.60,6009.80,6231.60,247340.00,0.00
2018-08-12,6232.10,6453.00,6169.80,6313.00,216330.00,0.00
2018-08-13,6313.00,6524.10,6159.60,6255.30,234090.00,-0.00
2018-08-14,6255.30,6255.30,5898.30,6190.20,3660000.00,-0.00
2018-08-15,6190.20,6592.80,6177.90,6256.90,3740000.00,0.00
2018-08-16,6256.90,6470.90,6249.80,6306.70,3500000.00,0.00
2018-08-17,6306.70,6581.70,6291.80,6581.70,3200000.00,0.00
2018-08-18,6581.80,6626.40,6295.50,6379.10,3150000.00,-0.00
2018-08-19,6379.10,6534.80,6316.00,6481.50,2710000.00,0.00
2018-08-20,6474.20,6516.40,6255.90,6268.10,3100000.00,-0.00
2018-08-21,6268.10,6484.10,6257.40,6482.20,1460000.00,0.00
2018-08-22,6482.20,6840.80,6304.80,6359.60,3630000.00,-0.00
2018-08-23,6359.90,6550.20,6359.20,6521.20,2760000.00,0.00
2018-08-24,6521.20,6721.20,6472.80,6680.40,3700000.00,0.00
2018-08-25,6680.60,6783.40,6655.30,6734.80,3590000.00,0.00
2018-08-26,6734.90,6892.70,6573.10,6712.70,3370000.00,-0.00
2018-08-27,6712.70,6902.90,6650.40,6897.60,3260000.00,0.00
2018-08-28,6897.60,7129.70,6861.20,7074.60,3790000.00,0.00
2018-08-29,7074.60,7121.40,6926.70,7029.10,4110000.00,-0.00
2018-08-30,7029.20,7050.20,6798.00,6993.70,3740000.00,-0.00
2018-08-31,6993.70,7080.20,6698.00,7033.80,4210000.00,0.00
2018-09-01,7032.40,7264.30,7020.40,7189.60,3520000.00,0.00
2018-09-02,7189.60,7334.80,7117.30,7293.90,3900000.00,0.00
2018-09-03,7289.80,7330.70,7182.80,7264.20,3870000.00,-0.00
2018-09-04,7264.20,7409.90,7234.50,7377.50,3920000.00,0.00
2018-09-05,7377.50,7407.50,6691.80,6706.80,4550000.00,-0.00
2018-09-06,6706.80,6732.90,6337.80,6514.00,4020000.00,-0.00
2018-09-07,6514.10,6540.60,6316.20,6390.90,3300000.00,-0.00
2018-09-08,6390.90,6484.30,6132.30,6184.30,3460000.00,-0.00
2018-09-09,6184.30,6432.60,6148.80,6238.50,2840000.00,0.00
2018-09-10,6238.50,6358.50,6237.30,6321.00,3110000.00,0.00
2018-09-11,6320.70,6391.80,6189.60,6293.90,3300000.00,-0.00
2018-09-12,6293.90,6353.50,6204.50,6338.00,3040000.00,0.00
2018-09-13,6338.00,6867.30,6337.80,6482.90,3530000.00,0.00
2018-09-14,6482.90,6579.40,6412.10,6483.70,3200000.00,0.00
2018-09-15,6482.60,6562.90,6470.30,6519.00,3160000.00,0.00
2018-09-16,6519.00,6520.80,6406.20,6500.20,3340000.00,-0.00
2018-09-17,6500.20,6533.50,6215.90,6251.90,3260000.00,-0.00
2018-09-18,6251.90,6388.80,6228.80,6342.00,2820000.00,0.00
2018-09-19,6342.00,6478.70,6144.50,6390.40,3540000.00,0.00
2018-09-20,6390.40,6537.50,6346.40,6489.20,5180000.00,0.00
2018-09-21,6490.90,6780.50,6489.80,6766.70,7730000.00,0.00
2018-09-22,6766.70,6833.30,6635.50,6729.60,7310000.00,-0.00
2018-09-23,6729.60,6789.40,6666.40,6704.10,7340000.00,-0.00
2018-09-24,6713.30,6728.10,6559.10,6584.10,7570000.00,-0.00
2018-09-25,6590.60,6590.60,5977.00,6445.10,7340000.00,-0.00
2018-09-26,6443.00,6551.90,6384.10,6468.10,8640000.00,0.00
2018-09-27,6463.70,6738.30,6428.80,6689.20,9340000.00,0.00
2018-09-28,6685.70,6809.20,6538.60,6636.00,9570000.00,-0.00
2018-09-29,6633.90,6648.40,6464.40,6603.90,9420000.00,-0.00
2018-09-30,6603.90,6673.90,6533.50,6635.20,9340000.00,0.00
2018-10-01,6635.20,6674.70,6072.70,6608.20,9190000.00,-0.00
2018-10-02,6608.20,6645.70,6034.90,6549.90,9340000.00,-0.00
2018-10-03,6549.90,6563.50,6429.60,6507.80,9210000.00,-0.00
2018-10-04,6509.20,6653.00,6487.80,6584.20,9310000.00,0.00
2018-10-05,6584.20,6682.30,6537.60,6639.10,9340000.00,0.00
2018-10-06,6639.10,6661.50,6550.40,6596.30,9180000.00,-0.00
2018-10-07,6596.30,6633.90,6523.80,6611.00,77060.00,0.00
2018-10-08,6611.00,6699.50,6589.90,6669.60,119680.00,0.00
2018-10-09,6669.60,6678.90,6613.30,6650.80,80790.00,-0.00
2018-10-10,6650.60,6653.50,6526.00,6618.00,101930.00,-0.00
2018-10-11,6618.00,6622.50,6206.20,6239.10,245280.00,-0.00
2018-10-12,6239.20,6344.80,6206.80,6291.30,147400.00,0.00
2018-10-13,6291.30,6329.30,6282.80,6321.70,94450.00,0.00
2018-10-14,6321.60,6390.90,6300.00,6326.80,99380.00,0.00
2018-10-15,6326.80,7358.40,6300.20,6699.80,443330.00,0.00
2018-10-16,6712.40,6836.70,6645.40,6705.30,155850.00,0.00
2018-10-17,6718.90,6745.90,6637.80,6686.60,136710.00,-0.00
2018-10-18,6690.10,6736.30,6530.60,6574.10,134150.00,-0.00
2018-10-19,6576.40,6603.20,6506.90,6512.00,121440.00,-0.00
2018-10-20,6511.70,6593.70,6495.90,6572.20,97770.00,0.00
2018-10-21,6575.90,6643.10,6568.00,6583.00,92940.00,0.00
2018-10-22,6583.00,6612.70,6529.50,6555.80,101570.00,-0.00
2018-10-23,6558.60,6573.60,6500.50,6528.70,108860.00,-0.00
2018-10-24,6531.20,6593.80,6522.60,6530.70,98740.00,0.00
2018-10-25,6532.50,6544.80,6491.50,6507.00,97430.00,-0.00
2018-10-26,6507.00,6570.50,6498.50,6510.00,97170.00,0.00
2018-10-27,6510.00,6534.00,6473.70,6494.20,76720.00,-0.00
2018-10-28,6494.60,6502.20,6461.20,6486.10,93970.00,-0.00
2018-10-29,6486.10,6498.40,6310.50,6335.00,160520.00,-0.00
2018-10-30,6336.70,6469.90,6316.50,6325.70,128210.00,-0.00
2018-10-31,6327.90,6405.70,6257.80,6365.90,129060.00,0.00
2018-11-01,6365.90,6421.80,6354.20,6400.50,124160.00,0.00
2018-11-02,6400.50,6444.30,6390.90,6424.70,135870.00,0.00
2018-11-03,6424.50,6429.50,6346.20,6386.20,112840.00,-0.00
2018-11-04,6386.20,6508.90,6359.70,6478.20,128760.00,0.00
2018-11-05,6478.20,6489.20,6431.70,6459.70,128510.00,-0.00
2018-11-06,6460.40,6509.60,6441.60,6502.80,154870.00,0.00
2018-11-07,6503.10,6594.30,6502.00,6565.30,170760.00,0.00
2018-11-08,6565.30,6577.30,6466.30,6474.00,159300.00,-0.00
2018-11-09,6473.80,6496.10,6390.00,6412.00,151600.00,-0.00
2018-11-10,6411.90,6461.70,6411.70,6427.10,115870.00,0.00
2018-11-11,6427.10,6451.70,6359.00,6446.10,127400.00,0.00
2018-11-12,6445.00,6475.90,6409.40,6435.00,130160.00,-0.00
2018-11-13,6435.00,6466.80,6386.70,6429.20,137600.00,-0.00
2018-11-14,6428.90,6453.30,5619.20,5842.40,438210.00,-0.00
2018-11-15,5854.00,5878.50,5384.10,5718.90,375860.00,-0.00
2018-11-16,5723.50,5747.70,5539.70,5636.20,224120.00,-0.00
2018-11-17,5636.20,5645.50,5561.40,5621.80,156510.00,-0.00
2018-11-18,5621.00,5727.90,5615.50,5658.30,158680.00,0.00
2018-11-19,5660.40,5662.50,4831.10,4883.80,478260.00,-0.00
2018-11-20,4883.60,5013.40,4272.30,4524.60,714080.00,-0.00
2018-11-21,4523.00,4743.70,4393.00,4638.70,412740.00,0.00
2018-11-22,4646.40,4695.70,4346.70,4356.00,261850.00,-0.00
2018-11-23,4360.90,4455.60,4223.70,4398.00,348990.00,0.00
2018-11-24,4397.30,4494.60,3821.50,3920.40,382720.00,-0.00
2018-11-25,3920.30,4198.40,3634.20,4062.20,619950.00,0.00
2018-11-26,4061.00,4179.00,3679.80,3837.00,571040.00,-0.00
2018-11-27,3840.30,3920.60,3687.80,3866.50,457270.00,0.00
2018-11-28,3866.40,4391.80,3866.40,4265.40,533040.00,0.00
2018-11-29,4265.50,4440.10,4140.60,4296.50,414460.00,0.00
2018-11-30,4296.80,4340.60,3954.50,4039.70,444520.00,-0.00
2018-12-01,4038.70,4299.10,3967.10,4196.20,316300.00,0.00
2018-12-02,4196.20,4316.10,4105.30,4160.40,298630.00,-0.00
2018-12-03,4160.30,4177.00,3839.90,3897.80,355100.00,-0.00
2018-12-04,3899.90,4082.90,3809.30,3958.50,326710.00,0.00
2018-12-05,3958.10,3974.10,3765.20,3771.60,341600.00,-0.00
2018-12-06,3771.40,3887.20,3505.70,3508.60,467540.00,-0.00
2018-12-07,3508.90,3626.60,3251.80,3422.20,639330.00,-0.00
2018-12-08,3422.30,3507.70,3302.90,3430.40,424400.00,0.00
2018-12-09,3430.30,3677.60,3424.20,3567.50,327930.00,0.00
2018-12-10,3566.90,3622.40,3412.70,3460.50,394490.00,-0.00
2018-12-11,3460.40,3485.90,3349.90,3407.70,418530.00,-0.00
2018-12-12,3390.20,3510.20,3379.40,3466.10,391170.00,0.00
2018-12-13,3466.20,3474.40,3284.80,3315.30,435890.00,-0.00
2018-12-14,3315.40,3336.60,3199.10,3247.80,445560.00,-0.00
2018-12-15,3247.80,3282.30,3177.00,3228.70,332950.00,-0.00
2018-12-16,3228.60,3305.00,3225.90,3247.90,335690.00,0.00
2018-12-17,3248.30,3597.40,3243.10,3526.10,534780.00,0.00
2018-12-18,3526.00,3683.10,3456.90,3668.00,698530.00,0.00
2018-12-19,3668.10,3924.70,3647.50,3687.10,792400.00,0.00
2018-12-20,3687.20,4140.30,3665.80,4076.00,958580.00,0.00
2018-12-21,4075.20,4153.10,3786.90,3850.90,748760.00,-0.00
2018-12-22,3850.90,3977.20,3803.70,3964.40,554590.00,0.00
2018-12-23,3964.30,4037.10,3904.60,3944.40,572210.00,-0.00
2018-12-24,3944.50,4208.20,3941.90,4026.10,716290.00,0.00
2018-12-25,4025.60,4030.70,3676.50,3762.50,670940.00,-0.00
2018-12-26,3762.80,3841.90,3680.30,3793.70,567110.00,0.00
2018-12-27,3793.40,3822.60,3560.80,3586.90,543440.00,-0.00
2018-12-28,3587.10,3900.30,3565.50,3861.60,565240.00,0.00
2018-12-29,3861.60,3899.60,3696.00,3706.80,505410.00,-0.00
2018-12-30,3708.20,3837.70,3682.50,3815.00,519170.00,0.00
2018-12-31,3815.10,3819.60,3658.80,3709.40,545830.00,-0.00
2019-01-01,3709.50,3814.30,3664.40,3809.40,469110.00,0.00
2019-01-02,3809.70,3894.80,3768.10,3873.80,554470.00,0.00
2019-01-03,3874.10,3875.80,3753.00,3780.10,450320.00,-0.00
2019-01-04,3780.50,3823.90,3720.00,3802.70,488700.00,0.00
2019-01-05,3802.80,3846.70,3769.00,3785.40,468450.00,-0.00
2019-01-06,3785.70,4034.10,3758.50,4004.10,529890.00,0.00
2019-01-07,4004.30,4028.00,3945.50,3985.90,500880.00,-0.00
2019-01-08,3985.80,4070.50,3943.10,3971.00,514080.00,-0.00
2019-01-09,3971.00,4014.20,3957.50,3978.00,473420.00,0.00
2019-01-10,3978.90,4007.70,3562.10,3603.70,697310.00,-0.00
2019-01-11,3603.30,3655.70,3563.10,3616.50,551640.00,0.00
2019-01-12,3616.60,3633.90,3561.30,3597.20,435060.00,-0.00
2019-01-13,3597.30,3617.60,3473.20,3490.20,452790.00,-0.00
2019-01-14,3490.40,3672.00,3490.40,3638.10,539930.00,0.00
2019-01-15,3637.50,3660.80,3545.70,3571.30,544850.00,-0.00
2019-01-16,3570.60,3644.10,3561.40,3588.00,487340.00,0.00
2019-01-17,3588.10,3636.70,3554.80,3626.40,525100.00,0.00
2019-01-18,3626.30,3627.90,3575.70,3605.60,488160.00,-0.00
2019-01-19,3605.80,3715.20,3604.10,3677.80,537060.00,0.00
2019-01-20,3676.20,3699.10,3503.90,3542.30,563310.00,-0.00
2019-01-21,3542.70,3561.40,3505.40,3536.70,394170.00,-0.00
2019-01-22,3536.90,3607.90,3465.20,3580.10,447700.00,0.00
2019-01-23,3580.10,3608.30,3532.80,3561.50,445870.00,-0.00
2019-01-24,3561.40,3587.00,3539.70,3574.30,428600.00,0.00
2019-01-25,3574.30,3582.60,3542.20,3572.00,448890.00,-0.00
2019-01-26,3572.00,3652.50,3556.10,3570.90,432550.00,-0.00
2019-01-27,3570.90,3583.20,3509.20,3555.60,464020.00,-0.00
2019-01-28,3555.80,3561.20,3395.70,3442.80,620850.00,-0.00
2019-01-29,3442.80,3450.10,3368.20,3414.80,585460.00,-0.00
2019-01-30,3414.60,3479.00,3394.20,3460.00,600250.00,0.00
2019-01-31,3460.00,3484.70,3427.00,3437.20,477070.00,-0.00
2019-02-01,3437.70,3485.70,3415.30,3467.90,481580.00,0.00
2019-02-02,3467.90,3514.50,3447.80,3502.50,443600.00,0.00
2019-02-03,3502.30,3507.80,3431.30,3459.10,451660.00,-0.00
2019-02-04,3459.00,3479.70,3437.10,3462.80,503920.00,0.00
2019-02-05,3463.00,3485.90,3450.30,3468.40,460950.00,0.00
2019-02-06,3468.50,3478.00,3383.90,3404.30,514210.00,-0.00
2019-02-07,3404.90,3421.80,3390.30,3397.70,471360.00,-0.00
2019-02-08,3397.30,3721.10,3382.50,3661.70,699230.00,0.00
2019-02-09,3661.60,3675.30,3633.20,3661.40,454800.00,-0.00
2019-02-10,3661.00,3680.60,3617.10,3679.00,501900.00,0.00
2019-02-11,3678.80,3681.10,3623.80,3631.80,517280.00,-0.00
2019-02-12,3631.80,3656.40,3594.40,3632.00,545820.00,0.00
2019-02-13,3632.00,3663.50,3599.20,3611.50,558020.00,-0.00
2019-02-14,3611.50,3624.50,3580.20,3592.60,498140.00,-0.00
2019-02-15,3592.60,3648.30,3581.40,3604.70,516210.00,0.00
2019-02-16,3604.70,3641.90,3599.70,3616.80,485630.00,0.00
2019-02-17,3616.80,3689.90,3607.90,3664.20,580510.00,0.00
2019-02-18,3664.20,3903.70,3655.10,3896.00,933150.00,0.00
2019-02-19,3896.40,3993.80,3863.70,3914.30,1440000.00,0.00
2019-02-20,3914.30,3983.60,3881.20,3972.40,698010.00,0.00
2019-02-21,3972.00,4011.50,3909.20,3936.60,668160.00,-0.00
2019-02-22,3937.40,3983.10,3931.70,3965.20,649550.00,0.00
2019-02-23,3965.20,4152.60,3939.40,4120.40,727850.00,0.00
2019-02-24,4120.50,4194.20,3738.70,3755.20,977780.00,-0.00
2019-02-25,3755.70,3870.70,3753.80,3833.70,765870.00,0.00
2019-02-26,3833.50,3845.50,3775.00,3810.30,2090000.00,-0.00
2019-02-27,3810.30,3836.40,3701.90,3814.60,2820000.00,0.00
2019-02-28,3814.60,3883.70,3783.30,3816.60,2310000.00,0.00
2019-03-01,3816.70,3855.80,3816.40,3821.90,1740000.00,0.00
2019-03-02,3821.90,3843.20,3783.60,3823.10,1610000.00,0.00
2019-03-03,3823.20,3836.60,3789.70,3809.50,1510000.00,-0.00
2019-03-04,3809.70,3828.40,3681.80,3715.90,2850000.00,-0.00
2019-03-05,3715.90,3873.20,3705.70,3857.20,3820000.00,0.00
2019-03-06,3857.20,3887.30,3816.70,3863.00,2520000.00,0.00
2019-03-07,3863.10,3907.40,3847.90,3875.10,2600000.00,0.00
2019-03-08,3875.10,3929.00,3810.70,3865.90,2960000.00,-0.00
2019-03-09,3865.60,3964.00,3859.70,3944.30,2480000.00,0.00
2019-03-10,3944.40,3944.50,3889.20,3915.20,1890000.00,-0.00
2019-03-11,3915.20,3935.50,3842.40,3870.30,3190000.00,-0.00
2019-03-12,3870.30,3900.10,3817.10,3886.00,2900000.00,0.00
2019-03-13,3885.90,3894.70,3847.40,3865.10,2280000.00,-0.00
2019-03-14,3865.10,3914.70,3828.40,3879.00,2860000.00,0.00
2019-03-15,3879.00,3935.70,3874.80,3924.30,3110000.00,0.00
2019-03-16,3924.40,4050.60,3923.70,4006.40,3460000.00,0.00
2019-03-17,4006.40,4009.80,3956.30,3981.50,1870000.00,-0.00
2019-03-18,3981.50,4032.30,3958.50,3990.20,2620000.00,0.00
2019-03-19,3990.20,4029.90,3972.40,4017.00,2990000.00,0.00
2019-03-20,4017.00,4050.00,3985.30,4041.20,3180000.00,0.00
2019-03-21,4041.20,4064.00,3923.80,3982.20,3880000.00,-0.00
2019-03-22,3982.20,4005.70,3971.80,3990.40,2830000.00,0.00
2019-03-23,3990.40,4018.20,3980.80,4002.50,2000000.00,0.00
2019-03-24,4002.60,4005.70,3967.00,3994.70,2040000.00,-0.00
2019-03-25,3994.80,4000.50,3897.90,3937.00,2860000.00,-0.00
2019-03-26,3937.10,3950.70,3899.90,3942.80,2530000.00,0.00
2019-03-27,3942.80,4043.30,3936.20,4041.70,2780000.00,0.00
2019-03-28,4041.70,4041.70,4008.40,4025.60,2110000.00,-0.00
2019-03-29,4025.70,4123.10,4022.60,4102.20,3300000.00,0.00
2019-03-30,4103.70,4138.10,4057.10,4111.80,2550000.00,0.00
2019-03-31,4111.80,4121.90,4082.20,4102.30,2430000.00,-0.00
2019-04-01,4102.30,4159.10,4076.80,4145.10,3220000.00,0.00
2019-04-02,4145.10,4899.60,4143.50,4859.30,14770000.00,0.00
2019-04-03,4859.30,5278.40,4814.00,4968.70,13830000.00,0.00
2019-04-04,4968.70,5042.50,4789.20,4902.40,1050000.00,-0.00
2019-04-05,4902.50,5029.40,4888.30,5010.20,851720.00,0.00
2019-04-06,5010.00,5198.40,4947.90,5046.20,952180.00,0.00
2019-04-07,5046.10,5219.50,5033.70,5173.60,841270.00,0.00
2019-04-08,5173.50,5300.60,5060.50,5245.20,928230.00,0.00
2019-04-09,5245.00,5245.90,5095.20,5158.40,784620.00,-0.00
2019-04-10,5158.40,5404.10,5142.90,5307.80,837510.00,0.00
2019-04-11,5307.70,5337.00,4948.00,5022.60,943490.00,-0.00
2019-04-12,5022.70,5080.50,4889.20,5054.20,779140.00,0.00
2019-04-13,5054.20,5093.40,5011.60,5051.80,577160.00,-0.00
2019-04-14,5052.00,5153.50,5010.70,5134.80,566380.00,0.00
2019-04-15,5135.10,5168.00,4964.20,5032.30,688200.00,-0.00
2019-04-16,5031.40,5198.40,5014.40,5180.90,631050.00,0.00
2019-04-17,5182.10,5230.90,5165.50,5208.30,806520.00,0.00
2019-04-18,5208.30,5293.10,5205.00,5264.70,727970.00,0.00
2019-04-19,5264.80,5282.40,5192.10,5241.00,787090.00,-0.00
2019-04-20,5241.00,5327.00,5240.20,5290.20,782320.00,0.00
2019-04-21,5290.20,5308.20,5189.80,5243.50,811410.00,-0.00
2019-04-22,5248.20,5370.20,5170.20,5346.70,920770.00,0.00
2019-04-23,5346.50,5594.40,5291.40,5511.60,900000.00,0.00
2019-04-24,5511.20,5589.60,5346.80,5415.60,994040.00,-0.00
2019-04-25,5415.60,5528.20,5137.40,5209.10,955360.00,-0.00
2019-04-26,5209.20,5469.30,5159.30,5298.30,1030000.00,0.00
2019-04-27,5298.20,5318.10,5225.40,5265.90,833130.00,-0.00
2019-04-28,5265.70,5332.50,5234.40,5302.30,681410.00,0.00
2019-04-29,5302.40,5322.90,5188.90,5235.00,775820.00,-0.00
2019-04-30,5235.40,5336.60,5195.90,5320.80,697420.00,0.00
2019-05-01,5321.10,5396.30,5319.50,5384.20,623640.00,0.00
2019-05-02,5384.60,5530.80,5370.00,5493.80,722230.00,0.00
2019-05-03,5493.60,5844.20,5478.70,5766.80,1040000.00,0.00
2019-05-04,5768.00,5899.20,5605.00,5830.90,920610.00,0.00
2019-05-05,5830.80,5838.20,5708.20,5774.90,709020.00,-0.00
2019-05-06,5775.10,5801.40,5630.50,5745.10,755390.00,-0.00
2019-05-07,5745.50,6019.80,5745.50,5849.50,955880.00,0.00
2019-05-08,5849.40,6011.30,5799.10,5990.30,757130.00,0.00
2019-05-09,5990.50,6206.00,5990.00,6191.50,799960.00,0.00
2019-05-10,6194.30,6466.60,6157.80,6386.00,907940.00,0.00
2019-05-11,6386.60,7373.80,6386.50,7190.30,1310000.00,0.00
2019-05-12,7190.00,7518.90,6802.60,6984.80,1350000.00,-0.00
2019-05-13,6984.70,8058.30,6893.10,7806.00,1200000.00,0.00
2019-05-14,7806.40,8323.90,7674.00,7994.60,1330000.00,0.00
2019-05-15,7994.80,8225.30,7856.50,8164.60,1130000.00,0.00
2019-05-16,8164.80,8293.30,7720.40,7871.80,1180000.00,-0.00
2019-05-17,7871.90,7924.00,6998.60,7359.50,1430000.00,-0.00
2019-05-18,7359.90,7458.50,7189.40,7262.60,865530.00,-0.00
2019-05-19,7261.90,8253.40,7252.30,8157.20,1080000.00,0.00
2019-05-20,8156.40,8156.40,7604.00,7965.30,958810.00,-0.00
2019-05-21,7965.00,8056.80,7813.20,7930.30,804880.00,-0.00
2019-05-22,7928.70,7999.00,7545.90,7635.70,821400.00,-0.00
2019-05-23,7637.20,7939.10,7486.80,7852.10,815140.00,0.00
2019-05-24,7852.80,8124.10,7775.40,7970.10,868470.00,0.00
2019-05-25,7971.40,8090.10,7919.10,8027.40,691270.00,0.00
2019-05-26,8029.60,8718.60,7866.50,8630.20,872120.00,0.00
2019-05-27,8628.90,8902.80,8607.30,8760.10,907960.00,0.00
2019-05-28,8759.40,8794.10,8568.80,8716.30,763200.00,-0.00
2019-05-29,8715.60,8747.20,8435.30,8647.80,15430000.00,-0.00
2019-05-30,8647.80,9045.90,8054.70,8271.90,1040000.00,-0.00
2019-05-31,8271.40,8578.80,8135.00,8558.30,858410.00,0.00
2019-06-01,8556.90,8615.80,8454.00,8545.70,686750.00,-0.00
2019-06-02,8545.80,8807.70,8534.80,8728.60,614540.00,0.00
2019-06-03,8728.60,8734.90,8102.70,8124.80,739450.00,-0.00
2019-06-04,8118.10,8118.10,7494.00,7685.50,966950.00,-0.00
2019-06-05,7685.60,7885.00,7590.40,7779.10,762940.00,0.00
2019-06-06,7779.60,7861.40,7480.40,7784.90,651820.00,0.00
2019-06-07,7785.80,8099.40,7749.40,7985.20,588870.00,0.00
2019-06-08,7985.30,8044.40,7770.50,7901.40,485810.00,-0.00
2019-06-09,7901.60,7937.50,7516.90,7635.00,554480.00,-0.00
2019-06-10,7635.00,8012.80,7523.60,7987.80,641380.00,0.00
2019-06-11,7987.80,8010.40,7714.50,7888.00,579000.00,-0.00
2019-06-12,7888.00,8198.10,7805.80,8133.10,607890.00,0.00
2019-06-13,8132.40,8306.10,8028.60,8219.00,574210.00,0.00
2019-06-14,8218.60,8685.30,8153.20,8656.10,643170.00,0.00
2019-06-15,8655.80,8856.70,8582.30,8812.50,608690.00,0.00
2019-06-16,8812.20,9332.00,8771.10,8962.50,849770.00,0.00
2019-06-17,8961.00,9438.10,8959.80,9318.80,738800.00,0.00
2019-06-18,9318.90,9336.10,8962.70,9080.60,723170.00,-0.00
2019-06-19,9080.70,9295.10,9044.00,9255.40,587570.00,0.00
2019-06-20,9255.00,9583.90,9188.40,9517.00,693620.00,0.00
2019-06-21,9517.70,10184.30,9517.40,10179.30,769120.00,0.00
2019-06-22,10178.10,11160.50,10031.30,10721.70,1090000.00,0.00
2019-06-23,10721.50,11361.30,10557.80,10897.10,683790.00,0.00
2019-06-24,10897.30,11114.40,10622.60,11046.40,566960.00,0.00
2019-06-25,11046.60,11833.90,11033.70,11809.90,781090.00,0.00
2019-06-26,11811.60,13929.80,11747.30,13063.80,1480000.00,0.00
2019-06-27,13062.40,13422.00,10493.50,11287.80,1590000.00,-0.00
2019-06-28,11288.40,12461.80,10970.50,12409.10,1090000.00,0.00
2019-06-29,12408.00,12422.90,11490.80,11906.50,834620.00,-0.00
2019-06-30,11906.00,12179.30,10765.40,10818.60,880770.00,-0.00
2019-07-01,10821.40,11254.50,10041.60,10616.60,1040000.00,-0.00
2019-07-02,10615.50,10923.50,9728.50,10835.90,1120000.00,0.00
2019-07-03,10835.90,11931.80,10835.90,11900.80,998730.00,0.00
2019-07-04,11899.30,11948.00,11087.10,11163.10,840340.00,-0.00
2019-07-05,11159.70,11381.80,10810.30,10970.20,772670.00,-0.00
2019-07-06,10969.80,11650.20,10967.90,11268.00,688960.00,0.00
2019-07-07,11267.90,11524.60,11108.10,11415.90,601930.00,0.00
2019-07-08,11415.80,12332.30,11304.80,12252.60,695600.00,0.00
2019-07-09,12250.60,12772.90,12111.20,12541.50,847840.00,0.00
2019-07-10,12542.80,13134.40,11594.90,12110.60,1110000.00,-0.00
2019-07-11,12111.60,12111.60,11029.00,11342.30,943130.00,-0.00
2019-07-12,11343.70,11881.40,11109.80,11762.10,738170.00,0.00
2019-07-13,11762.80,11798.40,10839.40,11364.90,747710.00,-0.00
2019-07-14,11364.30,11448.70,10128.90,10200.10,840760.00,-0.00
2019-07-15,10199.90,11064.70,9885.40,10845.90,956520.00,0.00
2019-07-16,10844.00,11019.50,9375.30,9424.80,1050000.00,-0.00
2019-07-17,9425.10,9983.60,9082.60,9723.20,1030000.00,0.00
2019-07-18,9723.10,10787.10,9390.00,10651.40,974490.00,0.00
2019-07-19,10651.60,10758.40,10160.70,10571.50,727790.00,-0.00
2019-07-20,10571.90,11155.60,10462.00,10826.70,668940.00,0.00
2019-07-21,10827.00,10883.80,10442.50,10714.40,562170.00,-0.00
2019-07-22,10715.10,10806.30,10196.50,10412.50,591270.00,-0.00
2019-07-23,10412.80,10414.70,9865.40,9888.70,663380.00,-0.00
2019-07-24,9887.20,9945.30,9584.00,9804.30,639540.00,-0.00
2019-07-25,9804.70,10203.50,9776.60,9945.30,545850.00,0.00
2019-07-26,9945.20,10436.10,9724.20,9831.00,493750.00,-0.00
2019-07-27,9830.40,10232.30,9389.10,9492.10,661890.00,-0.00
2019-07-28,9491.10,9798.50,9401.10,9727.80,518590.00,0.00
2019-07-29,9728.50,9835.40,9502.50,9580.90,510900.00,-0.00
2019-07-30,9580.00,9703.00,9483.00,9580.70,511510.00,0.00
2019-07-31,9580.30,10100.00,9562.40,10082.00,589840.00,0.00
2019-08-01,10081.90,10459.00,9890.60,10380.00,608370.00,0.00
2019-08-02,10380.50,10664.80,10330.50,10520.10,578290.00,0.00
2019-08-03,10519.90,10893.60,10504.50,10815.70,508750.00,0.00
2019-08-04,10816.10,11017.70,10568.80,10934.60,585710.00,0.00
2019-08-05,10934.80,11922.30,10934.80,11816.80,769630.00,0.00
2019-08-06,11817.60,12291.90,11237.00,11480.90,807580.00,-0.00
2019-08-07,11481.00,12114.50,11406.40,12013.90,702850.00,0.00
2019-08-08,12015.90,12236.60,11727.00,12191.60,592150.00,0.00
2019-08-09,12190.00,12225.30,11885.00,12089.80,558720.00,-0.00
2019-08-10,12090.50,12185.00,11281.60,11314.50,570740.00,-0.00
2019-08-11,11314.60,11728.40,11146.10,11517.20,435830.00,0.00
2019-08-12,11505.10,11508.60,11267.30,11394.20,391080.00,-0.00
2019-08-13,11395.00,11445.60,10793.20,10892.90,540780.00,-0.00
2019-08-14,10894.20,10894.50,9965.50,10049.40,745590.00,-0.00
2019-08-15,10053.30,10448.20,9580.10,10303.40,930050.00,0.00
2019-08-16,10300.90,10734.00,9788.60,10335.60,798670.00,0.00
2019-08-17,10335.50,10460.70,10016.30,10218.10,497770.00,-0.00
2019-08-18,10219.30,10494.90,10086.70,10312.70,441110.00,0.00
2019-08-19,10312.80,10923.90,10267.80,10910.70,519010.00,0.00
2019-08-20,10911.20,10941.60,10581.00,10752.60,515470.00,-0.00
2019-08-21,10753.30,10797.80,9908.00,10141.50,717650.00,-0.00
2019-08-22,10141.10,10218.20,9777.00,10105.00,520750.00,-0.00
2019-08-23,10104.90,10434.30,9921.40,10388.70,436260.00,0.00
2019-08-24,10389.40,10415.90,9917.50,10131.00,463850.00,-0.00
2019-08-25,10132.10,10307.00,9935.20,10136.30,422530.00,0.00
2019-08-26,10136.00,10568.20,10136.00,10371.80,568770.00,0.00
2019-08-27,10372.20,10387.60,10060.20,10184.80,419810.00,-0.00
2019-08-28,10184.70,10271.30,9629.60,9729.40,580290.00,-0.00
2019-08-29,9729.10,9729.10,9343.00,9491.00,509130.00,-0.00
2019-08-30,9494.10,9675.70,9370.20,9585.40,413920.00,0.00
2019-08-31,9585.50,9677.50,9457.30,9594.40,311490.00,0.00
2019-09-01,9594.70,9799.50,9533.60,9729.30,322660.00,0.00
2019-09-02,9728.80,10431.50,9720.30,10348.80,542790.00,0.00
2019-09-03,10348.10,10756.80,10283.50,10612.30,578790.00,0.00
2019-09-04,10611.60,10783.60,10388.60,10568.20,504450.00,-0.00
2019-09-05,10567.80,10630.70,10469.90,10566.90,402090.00,-0.00
2019-09-06,10566.70,10896.20,10227.40,10309.30,643020.00,-0.00
2019-09-07,10306.90,10556.40,10302.30,10461.10,393570.00,0.00
2019-09-08,10461.60,10578.00,10266.30,10402.80,339730.00,-0.00
2019-09-09,10402.10,10478.00,10095.70,10309.00,473760.00,-0.00
2019-09-10,10308.70,10379.80,9970.70,10105.40,383220.00,-0.00
2019-09-11,10104.90,10257.50,9908.90,10162.50,413060.00,0.00
2019-09-12,10162.40,10447.90,10051.00,10415.10,413220.00,0.00
2019-09-13,10415.20,10441.40,10174.10,10342.10,365520.00,-0.00
2019-09-14,10342.20,10421.40,10253.70,10337.30,326440.00,-0.00
2019-09-15,10337.30,10360.40,10272.00,10311.50,255790.00,-0.00
2019-09-16,10311.30,10360.50,10108.50,10255.50,372530.00,-0.00
2019-09-17,10254.60,10273.60,10153.50,10195.70,321640.00,-0.00
2019-09-18,10195.70,10257.50,10119.30,10164.70,318820.00,-0.00
2019-09-19,10164.60,10297.60,9707.60,10250.50,542250.00,0.00
2019-09-20,10251.50,10279.50,10088.60,10172.70,362070.00,-0.00
2019-09-21,10172.80,10177.90,9939.80,9993.00,326170.00,-0.00
2019-09-22,9993.00,10075.00,9870.90,10031.60,337060.00,0.00
2019-09-23,10031.30,10048.80,9656.30,9702.20,431100.00,-0.00
2019-09-24,9702.70,9793.80,8069.40,8513.90,933160.00,-0.00
2019-09-25,8512.30,8729.80,8245.10,8432.40,696110.00,-0.00
2019-09-26,8432.50,8463.10,7773.60,8063.80,731030.00,-0.00
2019-09-27,8063.80,8257.40,7882.10,8184.90,561400.00,0.00
2019-09-28,8184.50,8297.20,8031.10,8208.50,457790.00,0.00
2019-09-29,8208.00,8226.80,7922.10,8049.10,418480.00,-0.00
2019-09-30,8048.90,8318.50,7749.00,8284.30,600260.00,0.00
2019-10-01,8285.00,8486.20,8187.90,8302.70,533950.00,0.00
2019-10-02,8302.70,8374.00,8167.70,8364.10,405860.00,0.00
2019-10-03,8363.60,8391.70,8090.10,8226.90,460970.00,-0.00
2019-10-04,8227.60,8233.60,8041.40,8148.10,416920.00,-0.00
2019-10-05,8148.00,8185.10,8030.60,8127.30,360920.00,-0.00
2019-10-06,8127.30,8145.50,7834.90,7881.90,448800.00,-0.00
2019-10-07,7882.60,8293.50,7797.00,8198.60,604740.00,0.00
2019-10-08,8198.50,8323.10,8118.10,8182.90,469040.00,-0.00
2019-10-09,8180.10,8655.90,8122.70,8566.70,636430.00,0.00
2019-10-10,8566.80,8638.50,8438.70,8562.30,511460.00,-0.00
2019-10-11,8562.20,8751.10,8249.70,8267.80,667860.00,-0.00
2019-10-12,8267.60,8394.80,8260.90,8304.40,424020.00,0.00
2019-10-13,8304.30,8450.20,8190.60,8281.50,419870.00,-0.00
2019-10-14,8281.30,8374.30,8222.20,8353.30,505020.00,0.00
2019-10-15,8353.40,8400.20,8139.50,8167.20,469730.00,-0.00
2019-10-16,8167.10,8185.90,7929.80,8000.40,538920.00,-0.00
2019-10-17,8000.40,8118.20,7944.40,8073.30,444950.00,0.00
2019-10-18,8073.30,8116.40,7842.00,7948.50,505790.00,-0.00
2019-10-19,7948.30,8060.20,7892.40,7957.30,428830.00,0.00
2019-10-20,7957.40,8288.50,7889.60,8223.40,513910.00,0.00
2019-10-21,8224.10,8315.30,8155.70,8208.20,489400.00,-0.00
2019-10-22,8207.40,8289.10,8017.70,8031.40,570390.00,-0.00
2019-10-23,8031.00,8055.00,7329.20,7477.00,892080.00,-0.00
2019-10-24,7476.80,7501.50,7366.30,7422.70,586490.00,-0.00
2019-10-25,7422.80,8697.70,7404.90,8658.30,1180000.00,0.00
2019-10-26,8658.40,10540.00,8061.80,9230.60,1780000.00,0.00
2019-10-27,9230.60,9773.20,9081.00,9529.60,1160000.00,0.00
2019-10-28,9530.10,9866.90,9202.50,9207.20,1040000.00,-0.00
2019-10-29,9206.50,9531.30,9125.30,9411.30,918480.00,0.00
2019-10-30,9411.30,9411.30,9018.40,9157.90,789730.00,-0.00
2019-10-31,9157.90,9378.90,8959.60,9152.60,798930.00,-0.00
2019-11-01,9153.10,9270.40,9057.20,9230.10,689650.00,0.00
2019-11-02,9230.30,9356.70,9201.20,9300.60,570740.00,0.00
2019-11-03,9300.50,9359.10,9095.00,9198.30,536560.00,-0.00
2019-11-04,9198.70,9500.40,9134.10,9396.40,681010.00,0.00
2019-11-05,9396.10,9452.70,9193.90,9310.80,653420.00,-0.00
2019-11-06,9311.20,9424.60,9262.70,9338.90,578030.00,0.00
2019-11-07,9339.20,9367.00,9130.00,9223.50,603540.00,-0.00
2019-11-08,9223.60,9254.80,8722.40,8778.20,791790.00,-0.00
2019-11-09,8778.10,8877.50,8746.90,8804.50,512020.00,0.00
2019-11-10,8804.70,9092.90,8763.50,9036.80,581570.00,0.00
2019-11-11,9036.90,9066.40,8649.40,8736.90,601160.00,-0.00
2019-11-12,8737.40,8841.20,8615.70,8812.60,575160.00,0.00
2019-11-13,8813.20,8829.70,8721.10,8783.10,454330.00,-0.00
2019-11-14,8782.90,8799.80,8615.80,8661.20,515430.00,-0.00
2019-11-15,8660.80,8761.80,8437.10,8476.30,653710.00,-0.00
2019-11-16,8476.20,8532.80,8450.70,8497.30,471160.00,0.00
2019-11-17,8497.40,8631.70,8413.00,8509.80,531220.00,0.00
2019-11-18,8510.30,8516.30,8110.40,8208.40,692600.00,-0.00
2019-11-19,8207.70,8245.60,8032.80,8145.70,654270.00,-0.00
2019-11-20,8145.70,8223.00,8074.20,8099.30,607270.00,-0.00
2019-11-21,8099.40,8129.60,7519.70,7627.90,891500.00,-0.00
2019-11-22,7627.90,7700.90,6818.50,7272.50,1410000.00,-0.00
2019-11-23,7271.60,7342.50,7093.70,7324.10,783180.00,0.00
2019-11-24,7325.00,7344.10,6894.90,6924.70,904500.00,-0.00
2019-11-25,6924.70,7352.80,6534.80,7115.60,1290000.00,0.00
2019-11-26,7115.50,7329.50,7045.10,7162.80,844270.00,0.00
2019-11-27,7162.80,7636.90,6875.40,7510.60,996490.00,0.00
2019-11-28,7510.60,7639.50,7380.60,7426.70,737580.00,-0.00
2019-11-29,7426.60,7825.30,7412.30,7742.70,766710.00,0.00
2019-11-30,7742.70,7787.70,7472.70,7546.60,650600.00,-0.00
2019-12-01,7546.50,7546.50,7244.40,7396.40,777000.00,-0.00
2019-12-02,7395.90,7433.80,7173.60,7298.20,687780.00,-0.00
2019-12-03,7298.10,7389.40,7227.10,7291.80,548770.00,-0.00
2019-12-04,7291.90,7702.20,7113.60,7204.40,971750.00,-0.00
2019-12-05,7204.60,7476.30,7184.00,7399.20,780780.00,0.00
2019-12-06,7399.20,7552.10,7329.80,7530.80,706100.00,0.00
2019-12-07,7530.40,7595.70,7489.60,7510.90,557140.00,-0.00
2019-12-08,7510.80,7576.40,7416.70,7524.40,499040.00,0.00
2019-12-09,7524.80,7626.00,7321.60,7355.80,648660.00,-0.00
2019-12-10,7356.20,7400.30,7192.10,7235.70,609500.00,-0.00
2019-12-11,7235.80,7284.40,7168.80,7208.00,518400.00,-0.00
2019-12-12,7208.00,7272.40,7124.60,7208.00,611800.00,0.00
2019-12-13,7208.40,7288.00,7200.30,7255.20,503490.00,0.00
2019-12-14,7255.20,7267.40,7043.30,7080.80,524560.00,-0.00
2019-12-15,7080.80,7175.80,7033.80,7128.50,492580.00,0.00
2019-12-16,7128.50,7153.10,6864.60,6903.50,689560.00,-0.00
2019-12-17,6903.50,6943.50,6575.00,6613.30,894550.00,-0.00
2019-12-18,6613.50,7387.70,6462.20,7276.00,1140000.00,0.00
2019-12-19,7276.40,7354.00,7039.30,7165.50,778720.00,-0.00
2019-12-20,7165.50,7218.40,7107.70,7196.40,627040.00,0.00
2019-12-21,7196.40,7197.60,7129.60,7156.20,468740.00,-0.00
2019-12-22,7156.30,7501.10,7142.00,7495.80,677940.00,0.00
2019-12-23,7496.20,7684.00,7276.20,7322.80,952160.00,-0.00
2019-12-24,7322.40,7433.20,7185.70,7268.30,785540.00,-0.00
2019-12-25,7268.30,7542.40,7150.90,7224.80,625410.00,-0.00
2019-12-26,7225.00,7414.30,7177.30,7210.90,795090.00,-0.00
2019-12-27,7210.80,7293.80,7128.50,7261.70,718070.00,0.00
2019-12-28,7261.90,7375.90,7256.50,7321.50,610960.00,0.00
2019-12-29,7321.60,7518.90,7303.00,7397.50,611690.00,0.00
2019-12-30,7397.50,7420.90,7244.10,7261.80,606110.00,-0.00
2019-12-31,7261.50,7331.00,7167.40,7196.40,586600.00,-0.00
2020-01-01,7196.40,7259.40,7180.00,7199.80,420280.00,0.00
2020-01-02,7199.70,7209.60,6901.40,6967.00,632780.00,-0.00
2020-01-03,6967.10,7402.90,6884.10,7343.10,936290.00,0.00
2020-01-04,7345.10,7433.10,7291.40,7376.80,523910.00,0.00
2020-01-05,7376.80,7501.00,7345.60,7372.50,628140.00,-0.00
2020-01-06,7372.60,7783.10,7366.70,7759.10,786750.00,0.00
2020-01-07,7759.10,8182.00,7754.10,8155.70,1010000.00,0.00
2020-01-08,8154.20,8436.40,7900.80,8059.60,1190000.00,-0.00
2020-01-09,8060.00,8065.90,7779.20,7842.40,786500.00,-0.00
2020-01-10,7842.50,8187.40,7697.70,8187.10,1050000.00,0.00
2020-01-11,8187.80,8262.90,8008.40,8024.10,776750.00,-0.00
2020-01-12,8023.30,8189.90,7973.10,8187.60,595220.00,0.00
2020-01-13,8188.30,8196.70,8068.40,8111.40,610660.00,-0.00
2020-01-14,8111.20,8898.70,8111.20,8829.20,1480000.00,0.00
2020-01-15,8827.90,8904.00,8615.50,8818.30,1170000.00,-0.00
2020-01-16,8818.10,8850.00,8605.80,8726.90,748320.00,-0.00
2020-01-17,8726.70,9005.10,8675.90,8913.10,794110.00,0.00
2020-01-18,8913.00,8982.30,8814.60,8916.30,627740.00,0.00
2020-01-19,8916.30,9183.70,8552.80,8706.20,975010.00,-0.00
2020-01-20,8705.70,8740.10,8539.20,8641.90,599060.00,-0.00
2020-01-21,8642.00,8770.30,8524.00,8732.60,540200.00,0.00
2020-01-22,8733.00,8805.40,8610.80,8678.50,509060.00,-0.00
2020-01-23,8678.50,8687.30,8309.60,8405.10,722670.00,-0.00
2020-01-24,8404.90,8522.00,8242.60,8439.90,617020.00,0.00
2020-01-25,8439.90,8447.60,8277.20,8341.60,444000.00,-0.00
2020-01-26,8341.60,8607.80,8304.90,8607.80,468340.00,0.00
2020-01-27,8608.10,8983.10,8585.60,8866.60,706450.00,0.00
2020-01-28,8866.60,9389.50,8866.60,9377.30,954200.00,0.00
2020-01-29,9377.30,9428.70,9250.90,9298.90,749880.00,-0.00
2020-01-30,9299.10,9569.00,9209.20,9507.30,765210.00,0.00
2020-01-31,9508.30,9525.00,9222.30,9349.10,633370.00,-0.00
2020-02-01,9349.30,9458.80,9301.50,9381.60,458420.00,0.00
2020-02-02,9381.50,9465.40,9183.10,9334.90,683370.00,-0.00
2020-02-03,9334.60,9582.80,9243.10,9296.60,701390.00,-0.00
2020-02-04,9296.50,9347.50,9193.90,9193.90,651680.00,-0.00
2020-02-05,9194.10,9726.80,9179.90,9611.80,771460.00,0.00
2020-02-06,9611.80,9854.90,9536.10,9772.00,778670.00,0.00
2020-02-07,9771.90,9872.50,9738.70,9818.60,608960.00,0.00
2020-02-08,9817.30,9931.20,9673.20,9895.50,551310.00,0.00
2020-02-09,9895.40,10157.10,9882.70,10151.50,617350.00,0.00
2020-02-10,10151.50,10181.70,9774.80,9854.10,781220.00,-0.00
2020-02-11,9854.00,10314.10,9725.10,10229.50,791280.00,0.00
2020-02-12,10229.30,10435.60,10229.30,10317.70,803250.00,0.00
2020-02-13,10321.90,10482.60,10116.90,10235.10,940300.00,-0.00
2020-02-14,10235.50,10372.40,10125.20,10333.00,732510.00,0.00
2020-02-15,10336.00,10369.80,9831.70,9907.70,808810.00,-0.00
2020-02-16,9907.40,10056.40,9654.90,9932.30,808910.00,0.00
2020-02-17,9931.70,9951.50,9468.90,9701.40,961880.00,-0.00
2020-02-18,9701.50,10230.10,9601.60,10158.40,945910.00,0.00
2020-02-19,10158.60,10230.90,9424.30,9609.40,905950.00,-0.00
2020-02-20,9611.90,9681.40,9448.90,9602.40,870800.00,-0.00
2020-02-21,9602.20,9747.10,9574.50,9684.50,716610.00,0.00
2020-02-22,9684.50,9706.50,9569.80,9655.70,589880.00,-0.00
2020-02-23,9655.60,9965.60,9653.40,9942.70,775880.00,0.00
2020-02-24,9943.20,9981.00,9507.00,9662.70,980000.00,-0.00
2020-02-25,9662.60,9672.30,9269.80,9317.20,937970.00,-0.00
2020-02-26,9317.10,9368.10,8672.00,8800.30,1320000.00,-0.00
2020-02-27,8800.10,8968.30,8538.50,8818.60,1130000.00,0.00
2020-02-28,8820.10,8898.70,8451.90,8697.50,1080000.00,-0.00
2020-02-29,8697.10,8793.70,8539.80,8543.70,683440.00,-0.00
2020-03-01,8543.80,8737.20,8437.20,8540.00,784050.00,-0.00
2020-03-02,8537.50,8961.80,8503.10,8904.80,1020000.00,0.00
2020-03-03,8906.10,8911.70,8669.30,8761.40,1010000.00,-0.00
2020-03-04,8761.30,8840.30,8679.70,8757.90,759690.00,-0.00
2020-03-05,8757.90,9147.30,8751.50,9060.30,950760.00,0.00
2020-03-06,9060.60,9165.20,9004.90,9134.80,1040000.00,0.00
2020-03-07,9134.20,9180.80,8848.70,8887.80,750650.00,-0.00
2020-03-08,8887.80,8888.00,8015.30,8034.10,1110000.00,-0.00
2020-03-09,8035.80,8158.80,7648.70,7933.00,1540000.00,-0.00
2020-03-10,7933.00,8145.50,7740.20,7891.20,1200000.00,-0.00
2020-03-11,7892.10,7976.50,7606.00,7935.10,1100000.00,0.00
2020-03-12,7935.20,7963.10,4546.60,4826.00,3220000.00,-0.00
2020-03-13,4815.20,5934.30,3869.50,5584.30,4170000.00,0.00
2020-03-14,5589.40,5634.90,5072.20,5182.70,1690000.00,-0.00
2020-03-15,5182.90,5863.30,5120.60,5366.30,1610000.00,0.00
2020-03-16,5366.40,5369.30,4477.70,5030.00,2550000.00,-0.00
2020-03-17,5030.20,5432.80,4946.50,5261.10,1890000.00,0.00
2020-03-18,5260.70,5373.10,5020.90,5361.40,1800000.00,0.00
2020-03-19,5359.20,6379.50,5256.00,6172.00,2180000.00,0.00
2020-03-20,6171.60,6858.10,5748.20,6205.30,2220000.00,0.00
2020-03-21,6205.60,6438.30,5887.00,6186.20,1640000.00,-0.00
2020-03-22,6186.90,6394.40,5771.20,5822.10,1480000.00,-0.00
2020-03-23,5822.00,6564.70,5710.80,6468.90,1880000.00,0.00
2020-03-24,6468.80,6814.20,6380.80,6744.60,1730000.00,0.00
2020-03-25,6744.80,6930.20,6474.60,6678.90,1520000.00,-0.00
2020-03-26,6677.90,6772.90,6541.70,6725.10,1180000.00,0.00
2020-03-27,6725.50,6813.70,6322.30,6373.40,1160000.00,-0.00
2020-03-28,6373.40,6374.30,6046.50,6233.70,1260000.00,-0.00
2020-03-29,6233.20,6258.80,5889.30,5890.40,916170.00,-0.00
2020-03-30,5890.40,6576.50,5872.50,6391.00,1430000.00,0.00
2020-03-31,6391.10,6513.10,6346.30,6412.50,1050000.00,0.00
2020-04-01,6412.40,6661.30,6157.40,6638.50,1400000.00,0.00
2020-04-02,6638.80,7182.70,6567.90,6800.50,1740000.00,0.00
2020-04-03,6799.90,7026.30,6623.60,6735.90,1350000.00,-0.00
2020-04-04,6735.90,6958.60,6679.10,6857.40,1050000.00,0.00
2020-04-05,6857.50,6889.40,6686.00,6772.70,842330.00,-0.00
2020-04-06,6772.80,7335.00,6770.10,7332.30,1530000.00,0.00
2020-04-07,7332.30,7440.30,7101.70,7185.20,1320000.00,-0.00
2020-04-08,7185.60,7396.10,7153.10,7361.20,983940.00,0.00
2020-04-09,7361.10,7361.10,7140.30,7289.00,963550.00,-0.00
2020-04-10,7289.00,7294.40,6756.10,6863.10,1370000.00,-0.00
2020-04-11,6862.70,6931.40,6765.10,6867.80,845580.00,0.00
2020-04-12,6867.90,7158.80,6785.10,6917.60,1100000.00,0.00
2020-04-13,6918.10,6920.30,6618.50,6841.30,1250000.00,-0.00
2020-04-14,6841.80,6970.80,6768.60,6850.90,999530.00,0.00
2020-04-15,6851.30,6929.50,6615.90,6629.10,1000000.00,-0.00
2020-04-16,6629.10,7159.70,6520.50,7085.60,1540000.00,0.00
2020-04-17,7085.50,7142.80,7005.80,7035.80,810100.00,-0.00
2020-04-18,7035.90,7259.40,7031.50,7230.80,796450.00,0.00
2020-04-19,7230.90,7238.00,7079.10,7122.90,5930000.00,-0.00
2020-04-20,7122.90,7207.50,6771.20,6833.50,1260000.00,-0.00
2020-04-21,6833.40,6919.30,6774.30,6842.50,892570.00,0.00
2020-04-22,6842.50,7137.40,6821.80,7112.90,914180.00,0.00
2020-04-23,7112.80,7655.40,7036.50,7488.50,1340000.00,0.00
2020-04-24,7491.30,7583.50,7423.50,7503.80,951950.00,0.00
2020-04-25,7503.90,7684.60,7451.00,7540.40,861930.00,0.00
2020-04-26,7540.40,7679.40,7520.50,7678.90,921590.00,0.00
2020-04-27,7679.40,7768.50,7637.70,7766.00,980500.00,0.00
2020-04-28,7766.00,7770.10,7655.30,7746.90,808090.00,-0.00
2020-04-29,7746.70,8918.50,7729.70,8770.90,1830000.00,0.00
2020-04-30,8770.60,9437.50,8425.50,8629.00,2040000.00,-0.00
2020-05-01,8628.60,9040.30,8621.00,8821.60,1110000.00,0.00
2020-05-02,8821.60,8986.20,8771.30,8966.30,890340.00,0.00
2020-05-03,8966.20,9169.90,8742.20,8885.50,1150000.00,-0.00
2020-05-04,8885.50,8945.50,8553.20,8874.70,1120000.00,-0.00
2020-05-05,8874.20,9078.70,8800.40,9001.00,1050000.00,0.00
2020-05-06,9000.60,9373.70,8923.60,9151.40,1620000.00,0.00
2020-05-07,9152.70,10033.00,9064.80,9979.80,1910000.00,0.00
2020-05-08,9980.10,10018.20,9731.40,9806.20,1420000.00,-0.00
2020-05-09,9806.00,9910.50,9533.60,9554.60,1490000.00,-0.00
2020-05-10,9553.90,9569.40,8259.30,8738.80,2470000.00,-0.00
2020-05-11,8737.60,9129.60,8235.60,8579.80,2290000.00,-0.00
2020-05-12,8569.80,8964.50,8542.80,8813.80,1350000.00,0.00
2020-05-13,8813.90,9384.60,8799.10,9298.70,1500000.00,0.00
2020-05-14,9298.70,9887.50,9265.80,9778.40,1770000.00,0.00
2020-05-15,9778.60,9819.60,9223.20,9318.00,1560000.00,-0.00
2020-05-16,9318.10,9579.00,9233.00,9379.50,1100000.00,0.00
2020-05-17,9376.60,9866.00,9327.80,9677.70,1180000.00,0.00
2020-05-18,9678.40,9930.20,9524.40,9730.70,1180000.00,0.00
2020-05-19,9730.80,9883.90,9498.70,9773.30,1160000.00,0.00
2020-05-20,9773.00,9829.30,9368.40,9512.30,1150000.00,-0.00
2020-05-21,9511.60,9567.10,8833.60,9059.00,1410000.00,-0.00
2020-05-22,9058.20,9253.50,8952.10,9169.70,914590.00,0.00
2020-05-23,9169.80,9303.20,9098.90,9177.00,812560.00,0.00
2020-05-24,9177.90,9292.00,8724.10,8728.20,1110000.00,-0.00
2020-05-25,8728.00,8959.50,8666.10,8898.20,941890.00,0.00
2020-05-26,8897.70,8994.60,8713.90,8842.50,784920.00,-0.00
2020-05-27,8842.30,9210.90,8818.60,9199.10,810890.00,0.00
2020-05-28,9199.80,9610.80,9119.20,9572.20,948860.00,0.00
2020-05-29,9573.40,9596.50,9358.10,9424.80,814330.00,-0.00
2020-05-30,9424.80,9729.90,9352.70,9692.50,720620.00,0.00
2020-05-31,9692.90,9695.60,9406.20,9454.80,645270.00,-0.00
2020-06-01,9454.50,10301.80,9429.70,10189.30,796680.00,0.00
2020-06-02,10190.70,10207.30,9347.30,9527.60,1060000.00,-0.00
2020-06-03,9527.00,9667.20,9421.70,9667.20,558120.00,0.00
2020-06-04,9667.20,9864.40,9490.90,9794.40,593660.00,0.00
2020-06-05,9794.00,9846.10,9628.70,9631.20,527050.00,-0.00
2020-06-06,9630.80,9733.10,9549.50,9669.60,370850.00,0.00
2020-06-07,9669.60,9791.80,9417.40,9742.60,549200.00,0.00
2020-06-08,9743.40,9788.20,9662.30,9777.90,431040.00,0.00
2020-06-09,9777.70,9857.20,9616.60,9768.80,479550.00,-0.00
2020-06-10,9768.80,9970.90,9710.70,9878.80,533550.00,0.00
2020-06-11,9878.90,9945.20,9139.10,9283.20,919300.00,-0.00
2020-06-12,9283.70,9547.50,9249.40,9466.60,529280.00,0.00
2020-06-13,9466.50,9484.90,9369.90,9471.30,364970.00,0.00
2020-06-14,9470.70,9474.70,9264.40,9345.30,311270.00,-0.00
2020-06-15,9345.50,9489.70,8925.60,9425.40,750900.00,0.00
2020-06-16,9425.60,9577.10,9379.30,9523.50,545470.00,0.00
2020-06-17,9523.60,9543.60,9258.20,9464.60,446450.00,-0.00
2020-06-18,9464.60,9480.40,9289.30,9388.10,391670.00,-0.00
2020-06-19,9390.30,9424.00,9249.60,9314.00,478490.00,-0.00
2020-06-20,9314.00,9394.50,9199.80,9358.80,383440.00,0.00
2020-06-21,9358.80,9411.20,9288.50,9296.40,335990.00,-0.00
2020-06-22,9296.50,9751.90,9285.80,9683.70,523320.00,0.00
2020-06-23,9683.90,9715.60,9581.80,9624.60,375490.00,-0.00
2020-06-24,9624.60,9667.40,9223.00,9302.00,515780.00,-0.00
2020-06-25,9300.80,9327.30,9022.60,9247.50,524450.00,-0.00
2020-06-26,9247.50,9296.50,9060.10,9160.00,489840.00,-0.00
2020-06-27,9160.50,9190.50,8865.30,9008.30,441930.00,-0.00
2020-06-28,9008.40,9185.50,8950.20,9124.00,329010.00,0.00
2020-06-29,9122.80,9229.10,9033.60,9185.40,401120.00,0.00
2020-06-30,9186.00,9199.80,9075.30,9135.40,381730.00,-0.00
2020-07-01,9135.90,9289.00,9101.10,9229.90,366780.00,0.00
2020-07-02,9229.90,9259.70,8962.10,9085.10,483100.00,-0.00
2020-07-03,9085.00,9120.40,9050.90,9067.10,333880.00,-0.00
2020-07-04,9067.10,9182.30,9049.60,9134.40,261250.00,0.00
2020-07-05,9134.30,9149.60,8932.10,9081.00,314100.00,-0.00
2020-07-06,9080.40,9363.00,9063.20,9339.00,510270.00,0.00
2020-07-07,9338.80,9371.20,9209.30,9256.00,420550.00,-0.00
2020-07-08,9256.30,9458.30,9233.10,9429.90,509940.00,0.00
2020-07-09,9430.10,9434.50,9176.00,9235.70,444270.00,-0.00
2020-07-10,9239.00,9309.80,9131.90,9285.10,418470.00,0.00
2020-07-11,9285.80,9295.50,9184.20,9233.30,353920.00,-0.00
2020-07-12,9234.20,9337.80,9170.40,9300.80,366880.00,0.00
2020-07-13,9300.50,9329.60,9207.60,9243.60,456870.00,-0.00
2020-07-14,9243.10,9274.80,9135.70,9253.40,453830.00,0.00
2020-07-15,9253.60,9270.20,9168.70,9198.70,429840.00,-0.00
2020-07-16,9198.70,9224.20,9052.00,9135.30,429040.00,-0.00
2020-07-17,9135.40,9181.90,9091.50,9155.80,310920.00,0.00
2020-07-18,9155.80,9198.80,9126.70,9170.20,276400.00,0.00
2020-07-19,9170.10,9224.80,9106.40,9208.00,265250.00,0.00
2020-07-20,9208.10,9218.40,9139.90,9162.40,312980.00,-0.00
2020-07-21,9162.30,9426.90,9155.10,9387.30,458990.00,0.00
2020-07-22,9387.40,9523.10,9296.00,9513.70,386000.00,0.00
2020-07-23,9513.60,9646.50,9451.10,9599.60,425660.00,0.00
2020-07-24,9599.20,9626.20,9480.50,9546.40,359160.00,-0.00
2020-07-25,9546.70,9729.30,9536.20,9704.10,306290.00,0.00
2020-07-26,9690.00,10086.60,9645.90,9932.50,415070.00,0.00
2020-07-27,9932.70,11367.00,9894.60,11022.80,908990.00,0.00
2020-07-28,10961.10,11046.10,10873.60,10908.50,658370.00,-0.00
2020-07-29,10908.40,11336.50,10771.80,11105.90,576830.00,0.00
2020-07-30,11105.80,11164.40,10861.60,11096.20,501140.00,-0.00
2020-07-31,11096.50,11434.80,10964.60,11333.40,530950.00,0.00
2020-08-01,11333.20,11847.70,11226.10,11803.10,611470.00,0.00
2020-08-02,11802.60,12061.10,10730.70,11066.80,647950.00,-0.00
2020-08-03,11066.90,11461.10,10981.60,11224.40,470240.00,0.00
2020-08-04,11223.80,11407.80,11043.00,11184.70,485790.00,-0.00
2020-08-05,11184.80,11771.50,11114.50,11735.10,570830.00,0.00
2020-08-06,11735.00,11898.40,11563.00,11757.10,554850.00,0.00
2020-08-07,11757.10,11901.80,11352.40,11592.00,517000.00,-0.00
2020-08-08,11591.60,11805.50,11533.50,11764.30,317060.00,0.00
2020-08-09,11764.40,11792.80,11527.50,11681.20,303000.00,-0.00
2020-08-10,11681.10,12041.10,11546.90,11889.20,564110.00,0.00
2020-08-11,11889.20,11931.80,11146.70,11390.40,615900.00,-0.00
2020-08-12,11390.40,11605.40,11190.60,11557.20,549590.00,0.00
2020-08-13,11557.20,11772.90,11298.40,11770.90,545670.00,0.00
2020-08-14,11771.10,11835.50,11651.50,11750.80,435440.00,-0.00
2020-08-15,11751.10,11964.00,11711.50,11845.30,499100.00,0.00
2020-08-16,11845.50,11922.50,11688.90,11899.00,410810.00,0.00
2020-08-17,11898.80,12444.10,11764.00,12282.60,628410.00,0.00
2020-08-18,12283.00,12381.40,11842.00,11947.60,606790.00,-0.00
2020-08-19,11944.40,12013.20,11602.60,11750.20,550260.00,-0.00
2020-08-20,11751.00,11881.00,11672.70,11856.90,430930.00,0.00
2020-08-21,11856.90,11877.40,11495.60,11529.20,506380.00,-0.00
2020-08-22,11529.20,11677.00,11382.10,11661.30,433980.00,0.00
2020-08-23,11661.10,11705.40,11520.80,11641.60,377330.00,-0.00
2020-08-24,11641.60,11824.60,11587.10,11753.50,429130.00,0.00
2020-08-25,11752.90,11766.90,11131.00,11324.80,594070.00,-0.00
2020-08-26,11324.90,11533.60,11254.60,11462.30,513060.00,0.00
2020-08-27,11462.30,11580.30,11135.30,11327.40,560590.00,-0.00
2020-08-28,11327.50,11539.00,11281.90,11527.40,464940.00,0.00
2020-08-29,11527.80,11576.80,11433.50,11468.10,389850.00,-0.00
2020-08-30,11468.10,11704.20,11462.60,11702.00,409360.00,0.00
2020-08-31,11701.10,11760.20,11563.80,11644.20,496140.00,-0.00
2020-09-01,11644.20,12045.90,11544.60,11914.90,580690.00,0.00
2020-09-02,11914.40,11947.50,11244.90,11413.30,20260000.00,-0.00
2020-09-03,11413.20,11442.70,10009.50,10168.80,9650000.00,-0.00
2020-09-04,10168.70,10614.20,9960.30,10472.50,12500000.00,0.00
2020-09-05,10472.30,10558.70,9897.80,10092.20,14720000.00,-0.00
2020-09-06,10092.20,10337.70,10004.70,10296.40,12120000.00,0.00
2020-09-07,10296.40,10400.90,9887.00,10376.90,12400000.00,0.00
2020-09-08,10376.90,10434.40,9877.10,10126.60,113900.00,-0.00
2020-09-09,10126.80,10343.30,9984.60,10224.60,71370.00,0.00
2020-09-10,10224.30,10480.30,10219.20,10339.70,88010.00,0.00
2020-09-11,10339.80,10398.80,10212.60,10390.20,62280.00,0.00
2020-09-12,10390.20,10476.80,10275.90,10441.90,48490.00,0.00
2020-09-13,10441.70,10579.60,10219.40,10326.00,66120.00,-0.00
2020-09-14,10332.70,10744.30,10264.50,10675.30,96640.00,0.00
2020-09-15,10675.20,10931.80,10627.80,10785.30,91700.00,0.00
2020-09-16,10785.20,11093.30,10669.20,10949.50,94940.00,0.00
2020-09-17,10950.10,11039.30,10755.20,10941.30,77220.00,-0.00
2020-09-18,10941.30,11029.70,10818.70,10933.00,63480.00,-0.00
2020-09-19,10933.00,11177.10,10890.70,11081.80,51630.00,0.00
2020-09-20,11081.60,11081.60,10772.70,10921.50,53390.00,-0.00
2020-09-21,10919.90,10987.20,10328.50,10416.80,109850.00,-0.00
2020-09-22,10419.40,10570.70,10361.70,10531.50,63520.00,0.00
2020-09-23,10531.50,10535.40,10146.60,10237.30,74950.00,-0.00
2020-09-24,10238.10,10787.80,10201.00,10739.40,82950.00,0.00
2020-09-25,10739.90,10756.00,10558.90,10688.80,71430.00,-0.00
2020-09-26,10688.90,10793.30,10650.20,10727.90,37850.00,0.00
2020-09-27,10727.90,10799.20,10602.70,10776.20,40920.00,0.00
2020-09-28,10776.40,10946.60,10685.20,10693.20,72290.00,-0.00
2020-09-29,10694.30,10858.40,10642.40,10840.90,59640.00,0.00
2020-09-30,10843.40,10847.70,10667.60,10776.10,55550.00,-0.00
2020-10-01,10776.60,10913.70,10462.70,10620.50,95330.00,-0.00
2020-10-02,10619.60,10662.90,10387.60,10572.30,77940.00,-0.00
2020-10-03,10572.20,10597.80,10501.20,10544.20,29100.00,-0.00
2020-10-04,10544.40,10693.30,10520.80,10672.90,31400.00,0.00
2020-10-05,10672.50,10789.60,10623.40,10789.50,48860.00,0.00
2020-10-06,10790.20,10800.30,10530.80,10602.60,69070.00,-0.00
2020-10-07,10601.00,10680.10,10553.30,10670.90,49270.00,0.00
2020-10-08,10670.70,10948.60,10549.60,10924.10,79780.00,0.00
2020-10-09,10923.50,11103.00,10836.90,11054.20,70950.00,0.00
2020-10-10,11053.50,11475.00,11053.10,11298.40,65810.00,0.00
2020-10-11,11295.60,11439.40,11277.60,11371.00,41060.00,0.00
2020-10-12,11370.80,11715.90,11227.40,11533.90,84020.00,0.00
2020-10-13,11533.50,11558.00,11315.90,11423.80,64670.00,-0.00
2020-10-14,11424.40,11541.00,11293.50,11420.40,59120.00,-0.00
2020-10-15,11421.40,11590.90,11276.70,11503.00,70840.00,0.00
2020-10-16,11503.20,11542.20,11224.60,11322.00,71420.00,-0.00
2020-10-17,11321.80,11402.70,11274.40,11362.10,29860.00,0.00
2020-10-18,11362.10,11506.90,11349.80,11506.90,31510.00,0.00
2020-10-19,11507.10,11823.30,11413.90,11753.40,73040.00,0.00
2020-10-20,11753.90,12029.40,11685.70,11913.50,94590.00,0.00
2020-10-21,11913.60,13213.50,11894.60,12808.70,197720.00,0.00
2020-10-22,12805.50,13183.90,12698.20,12974.60,113310.00,0.00
2020-10-23,12972.70,13025.50,12738.90,12934.10,73940.00,-0.00
2020-10-24,12933.60,13161.50,12876.40,13117.20,51200.00,0.00
2020-10-25,13117.00,13345.30,12900.40,13032.20,59730.00,-0.00
2020-10-26,13033.00,13229.70,12792.40,13061.60,89470.00,0.00
2020-10-27,13061.50,13782.30,13050.30,13657.80,128640.00,0.00
2020-10-28,13658.30,13851.70,12907.60,13278.90,144180.00,-0.00
2020-10-29,13278.30,13640.00,12982.90,13457.20,111230.00,0.00
2020-10-30,13457.00,13667.90,13134.50,13559.90,108770.00,0.00
2020-10-31,13560.20,14065.40,13441.70,13797.30,102750.00,0.00
2020-11-01,13795.50,13889.50,13628.70,13759.40,51710.00,-0.00
2020-11-02,13759.70,13828.40,13214.20,13561.40,97760.00,-0.00
2020-11-03,13560.50,14054.00,13294.60,14019.90,108170.00,0.00
2020-11-04,14023.00,14238.80,13544.40,14145.60,140800.00,0.00
2020-11-05,14145.60,15739.90,14099.70,15587.10,227490.00,0.00
2020-11-06,15593.90,15955.20,15223.50,15577.90,186130.00,-0.00
2020-11-07,15578.20,15754.40,14385.10,14828.40,160730.00,-0.00
2020-11-08,14826.60,15648.30,14720.70,15483.70,94990.00,0.00
2020-11-09,15483.30,15819.60,14816.90,15327.20,165040.00,-0.00
2020-11-10,15328.00,15465.30,15096.50,15303.60,93360.00,-0.00
2020-11-11,15303.10,15953.90,15281.00,15695.80,119070.00,0.00
2020-11-12,15695.80,16342.70,15483.50,16294.70,165540.00,0.00
2020-11-13,16293.00,16474.10,15973.40,16324.20,113750.00,0.00
2020-11-14,16323.10,16328.20,15717.70,16071.00,83640.00,-0.00
2020-11-15,16074.70,16158.10,15782.30,15953.00,58430.00,-0.00
2020-11-16,15954.10,16880.70,15870.70,16715.80,118090.00,0.00
2020-11-17,16715.80,17845.40,16562.00,17662.30,175870.00,0.00
2020-11-18,17662.30,18466.10,17258.90,17774.60,233430.00,0.00
2020-11-19,17775.10,18166.00,17380.10,17803.50,135940.00,0.00
2020-11-20,17805.50,18811.00,17758.40,18675.20,134420.00,0.00
2020-11-21,18673.80,18966.00,18397.50,18687.20,108910.00,0.00
2020-11-22,18689.30,18751.50,17644.60,18412.90,121760.00,-0.00
2020-11-23,18428.10,18756.80,18016.00,18379.60,127350.00,-0.00
2020-11-24,18394.60,19416.60,18074.80,19152.60,180790.00,0.00
2020-11-25,19151.50,19486.70,18527.70,18723.00,146120.00,-0.00
2020-11-26,18721.90,18894.90,16235.20,17162.00,312070.00,-0.00
2020-11-27,17160.90,17450.30,16481.60,17127.10,138800.00,-0.00
2020-11-28,17142.60,17874.40,16874.40,17730.70,95200.00,0.00
2020-11-29,17729.70,18336.30,17530.40,18185.50,79120.00,0.00
2020-11-30,18186.00,19831.20,18186.00,19698.10,185590.00,0.00
2020-12-01,19697.80,19897.40,18257.00,18770.70,208720.00,-0.00
2020-12-02,18767.90,19335.50,18346.70,19218.80,91920.00,0.00
2020-12-03,19219.80,19596.60,18883.70,19433.30,99970.00,0.00
2020-12-04,19431.10,19529.50,18610.80,18658.10,110630.00,-0.00
2020-12-05,18657.50,19172.70,18507.10,19146.50,59440.00,0.00
2020-12-06,19146.00,19417.10,18873.00,19379.90,54560.00,0.00
2020-12-07,19368.40,19424.60,18908.80,19170.70,61980.00,-0.00
2020-12-08,19170.80,19288.60,18229.20,18326.60,101410.00,-0.00
2020-12-09,18322.40,18637.90,17658.80,18546.00,129720.00,0.00
2020-12-10,18546.10,18551.80,17926.80,18247.20,85310.00,-0.00
2020-12-11,18250.50,18288.30,17600.10,18023.60,111530.00,-0.00
2020-12-12,18026.70,18936.20,18025.10,18808.90,71370.00,0.00
2020-12-13,18808.10,19403.60,18716.80,19176.80,82450.00,0.00
2020-12-14,19176.40,19346.50,19007.00,19273.80,67110.00,0.00
2020-12-15,19273.90,19556.30,19076.20,19434.90,98390.00,0.00
2020-12-16,19434.70,21525.30,19299.70,21352.20,199810.00,0.00
2020-12-17,21352.30,23738.00,21243.10,22825.40,310740.00,0.00
2020-12-18,22823.30,23272.80,22361.50,23127.90,131800.00,0.00
2020-12-19,23127.60,24107.10,22797.00,23844.00,133880.00,0.00
2020-12-20,23843.60,24280.90,23098.90,23474.90,114090.00,-0.00
2020-12-21,23474.10,24101.90,22015.50,22728.50,154690.00,-0.00
2020-12-22,22730.40,23825.40,22388.60,23823.20,130750.00,0.00
2020-12-23,23820.80,24063.70,22694.70,23257.90,178470.00,-0.00
2020-12-24,23253.20,23783.70,22737.30,23736.50,104590.00,0.00
2020-12-25,23728.70,24778.90,23445.30,24689.60,2400.00,0.00
2020-12-26,24714.70,26826.00,24515.10,26454.40,155770.00,0.00
2020-12-27,26460.30,28360.30,25858.20,26261.30,231230.00,-0.00
2020-12-28,26259.20,27444.90,26144.30,27057.80,126980.00,0.00
2020-12-29,27065.30,27390.70,25902.80,27376.00,119570.00,0.00
2020-12-30,27374.50,28979.30,27374.50,28868.70,159820.00,0.00
2020-12-31,28866.80,29298.80,28025.00,28949.40,136690.00,0.00
2021-01-01,28951.70,29627.10,28712.40,29359.90,100900.00,0.00
2021-01-02,29359.70,33233.50,29008.00,32193.30,240870.00,0.00
2021-01-03,32192.90,34755.90,32029.60,32958.90,155210.00,0.00
2021-01-04,33016.60,33587.50,28204.50,32022.60,255270.00,-0.00
2021-01-05,32015.40,34414.70,30010.50,33991.50,202130.00,0.00
2021-01-06,33999.30,36934.80,33408.30,36793.20,227560.00,0.00
2021-01-07,36798.50,40340.90,36361.20,39460.20,249600.00,0.00
2021-01-08,39466.40,41921.70,36613.40,40599.30,251290.00,0.00
2021-01-09,40607.20,41363.50,38775.10,40151.90,128420.00,-0.00
2021-01-10,40149.70,41362.40,35141.60,38192.20,215780.00,-0.00
2021-01-11,38195.30,38217.20,30411.60,35544.30,251040.00,-0.00
2021-01-12,35426.00,36598.70,32572.70,34076.10,241930.00,-0.00
2021-01-13,34061.20,37764.60,32451.90,37382.20,209930.00,0.00
2021-01-14,37383.40,40054.30,36772.10,39175.70,172400.00,0.00
2021-01-15,39175.70,39715.00,34488.70,36845.80,118420.00,-0.00
2021-01-16,36751.80,37931.70,35408.40,36019.50,137020.00,-0.00
2021-01-17,36020.10,36801.30,33883.50,35839.60,126820.00,-0.00
2021-01-18,35838.20,37436.80,34801.00,36613.20,111520.00,0.00
2021-01-19,36630.60,37821.00,36001.40,36002.90,79110.00,-0.00
2021-01-20,35862.10,36384.40,33444.50,35476.30,153610.00,-0.00
2021-01-21,35472.30,35591.10,30101.80,30842.10,253270.00,-0.00
2021-01-22,30838.70,33821.20,28871.20,33000.50,243090.00,0.00
2021-01-23,32994.10,33441.40,31418.20,32088.90,100700.00,-0.00
2021-01-24,32088.50,33034.80,30982.90,32241.30,88210.00,0.00
2021-01-25,32244.30,34854.30,31967.40,32252.30,142430.00,0.00
2021-01-26,32244.10,32917.70,30850.00,32502.10,139840.00,0.00
2021-01-27,32499.60,32545.40,29290.40,30404.00,194350.00,-0.00
2021-01-28,30408.90,33790.80,29911.90,33374.80,167390.00,0.00
2021-01-29,33381.70,38546.00,31953.30,34301.80,297730.00,0.00
2021-01-30,34300.00,34920.90,32908.50,34283.10,128570.00,-0.00
2021-01-31,34281.60,34348.30,32189.90,33108.10,101920.00,-0.00
2021-02-01,33106.80,34685.60,32324.90,33515.70,126320.00,0.00
2021-02-02,33514.00,35976.10,33462.40,35485.20,120850.00,0.00
2021-02-03,35486.90,37646.80,35401.50,37646.80,131030.00,0.00
2021-02-04,37648.90,38707.90,36380.80,36982.10,151440.00,-0.00
2021-02-05,36976.40,38303.60,36640.00,38297.60,100600.00,0.00
2021-02-06,38300.60,40939.70,38275.30,39256.60,156020.00,0.00
2021-02-07,39228.90,39691.70,37381.60,38852.90,125370.00,-0.00
2021-02-08,38853.60,46596.40,38057.00,46395.70,248470.00,0.00
2021-02-09,46396.40,48143.50,45104.70,46508.60,193870.00,0.00
2021-02-10,46507.80,47295.30,43800.50,44836.00,151830.00,-0.00
2021-02-11,44834.80,48622.10,44041.10,47990.70,145770.00,0.00
2021-02-12,47995.00,48927.40,46218.60,47371.70,133730.00,-0.00
2021-02-13,47373.10,48097.30,46270.50,47168.70,89420.00,-0.00
2021-02-14,47172.10,49695.10,47051.90,48643.40,106500.00,0.00
2021-02-15,48611.10,48936.50,45786.10,47936.30,123180.00,-0.00
2021-02-16,47934.20,50515.80,47044.40,49169.70,141370.00,0.00
2021-02-17,49161.30,52577.70,49018.10,52079.20,140030.00,0.00
2021-02-18,52094.50,52524.00,50941.60,51582.20,94350.00,-0.00
2021-02-19,51590.10,56238.50,50816.80,55906.60,139430.00,0.00
2021-02-20,55922.00,57523.80,54124.10,55923.70,127850.00,0.00
2021-02-21,55907.60,58335.10,55502.70,57433.80,87260.00,0.00
2021-02-22,57437.60,57480.80,48353.80,54111.80,244950.00,-0.00
2021-02-23,54114.10,54115.00,45093.80,48911.20,315070.00,-0.00
2021-02-24,48911.10,51311.80,47031.70,49697.50,153750.00,0.00
2021-02-25,49695.90,52013.80,46773.70,46928.50,83220.00,-0.00
2021-02-26,46928.50,48413.90,44248.20,46345.60,189410.00,-0.00
2021-02-27,46333.10,48335.10,45059.40,46136.70,98750.00,-0.00
2021-02-28,46136.00,46582.00,43100.60,45164.00,135080.00,-0.00
2021-03-01,45160.50,49774.00,45008.80,49595.50,137520.00,0.00
2021-03-02,49595.60,50191.90,47100.60,48424.20,102100.00,-0.00
2021-03-03,48422.20,52567.90,48159.20,50395.10,44930.00,0.00
2021-03-04,50388.00,51757.70,47521.80,48428.00,9560.00,-0.00
2021-03-05,48363.60,49429.40,46370.10,48792.50,113640.00,0.00
2021-03-06,48798.70,49191.80,47132.80,48855.60,66660.00,0.00
2021-03-07,48899.00,51434.10,48890.60,50982.30,82910.00,0.00
2021-03-08,50988.90,52384.90,49338.10,52311.00,68140.00,0.00
2021-03-09,52352.40,54880.60,51941.30,54879.00,114060.00,0.00
2021-03-10,54882.70,57328.70,53073.60,55851.90,140960.00,0.00
2021-03-11,55851.20,58135.00,54351.80,57799.50,129630.00,0.00
2021-03-12,57806.20,58052.30,55134.50,57265.10,116960.00,-0.00
2021-03-13,57267.40,61795.80,56118.80,61195.30,134640.00,0.00
2021-03-14,61192.70,61673.70,59113.70,59113.70,80290.00,-0.00
2021-03-15,59117.40,60565.90,55088.80,55791.30,117710.00,-0.00
2021-03-16,55619.50,56889.70,53342.60,56889.70,128510.00,0.00
2021-03-17,56892.90,58933.20,54253.20,58913.50,118260.00,0.00
2021-03-18,58911.80,60088.00,57099.60,57656.00,102620.00,-0.00
2021-03-19,57645.00,59448.30,56305.10,58088.00,83980.00,0.00
2021-03-20,58084.10,59882.10,57863.00,58093.40,67830.00,0.00
2021-03-21,58097.40,58583.80,55583.30,57383.80,77470.00,-0.00
2021-03-22,57379.30,58379.90,53784.20,54158.30,95530.00,-0.00
2021-03-23,54117.50,55813.80,52992.30,54452.50,84840.00,0.00
2021-03-24,54309.10,57169.40,51725.40,52325.40,137910.00,-0.00
2021-03-25,52330.00,53175.40,50441.30,51322.30,143350.00,-0.00
2021-03-26,51317.40,55074.10,51302.00,55036.10,100300.00,0.00
2021-03-27,55033.80,56531.10,54010.20,55862.90,73870.00,0.00
2021-03-28,55856.90,56504.20,54711.30,55765.20,58710.00,-0.00
2021-03-29,55764.70,58392.60,54951.10,57616.20,107910.00,0.00
2021-03-30,57614.60,59366.90,57077.10,58771.30,86210.00,0.00
2021-03-31,58771.40,59795.60,56991.60,58763.70,98060.00,-0.00
2021-04-01,58763.20,59406.50,58040.70,58718.30,69040.00,-0.00
2021-04-02,58718.20,60134.90,58466.50,58977.30,72370.00,0.00
2021-04-03,58976.80,59770.50,56906.70,57059.90,68740.00,-0.00
2021-04-04,57059.70,58464.80,56470.60,58199.90,57210.00,0.00
2021-04-05,58202.30,59205.10,56842.70,58993.40,54130.00,0.00
2021-04-06,59169.00,59487.00,57403.30,57996.30,77150.00,-0.00
2021-04-07,57996.30,58627.70,55489.30,55948.70,110690.00,-0.00
2021-04-08,55948.00,58136.70,55721.60,58077.40,64780.00,0.00
2021-04-09,58076.80,58890.90,57686.00,58118.70,59220.00,0.00
2021-04-10,58127.40,61229.00,57900.00,59748.40,103720.00,0.00
2021-04-11,59772.40,60667.10,59250.30,59978.70,58200.00,0.00
2021-04-12,59982.10,61259.90,59569.20,59863.80,81880.00,-0.00
2021-04-13,59863.60,63659.00,59839.40,63540.90,126560.00,0.00
2021-04-14,63544.20,64778.00,61366.30,62980.40,130430.00,-0.00
2021-04-15,62978.60,63729.10,62067.50,63216.00,76970.00,0.00
2021-04-16,63211.60,63518.50,60027.30,61379.70,136850.00,-0.00
2021-04-17,61358.30,62509.10,59672.10,60041.90,84080.00,-0.00
2021-04-18,60043.20,60362.10,51817.60,56207.10,216810.00,-0.00
2021-04-19,56208.10,57517.00,54272.30,55646.10,117510.00,-0.00
2021-04-20,55645.10,57054.90,53422.50,56483.20,115490.00,0.00
2021-04-21,56479.50,56764.40,53657.60,53820.20,100260.00,-0.00
2021-04-22,53821.30,55408.40,50590.90,51729.50,168130.00,-0.00
2021-04-23,51707.10,52099.90,47659.40,51143.60,214460.00,-0.00
2021-04-24,51140.80,51183.00,48775.20,50088.90,82250.00,-0.00
2021-04-25,50088.20,50532.40,47098.50,48963.60,59200.00,-0.00
2021-04-26,48963.50,54320.90,48815.90,54020.50,129760.00,0.00
2021-04-27,54011.10,55427.80,53345.00,55036.50,84080.00,0.00
2021-04-28,55036.00,56419.90,53876.40,54841.40,86960.00,-0.00
2021-04-29,54838.60,55173.70,52400.00,53560.80,83900.00,-0.00
2021-04-30,53562.30,57925.60,53088.70,57720.30,103740.00,0.00
2021-05-01,57719.10,58449.40,57029.50,57807.10,63410.00,0.00
2021-05-02,57807.20,57868.40,56110.50,56603.80,53610.00,-0.00
2021-05-03,56605.80,58925.10,56562.40,57169.80,89240.00,0.00
2021-05-04,57170.60,57201.30,53741.50,53741.50,132330.00,-0.00
2021-05-05,53872.50,57936.40,53872.50,57441.30,119820.00,0.00
2021-05-06,57441.00,58364.90,55294.50,56405.40,109020.00,-0.00
2021-05-07,56411.40,58639.30,55300.10,57337.20,110010.00,0.00
2021-05-08,57330.30,59471.10,56972.20,58840.10,101270.00,0.00
2021-05-09,58840.60,59227.00,56414.40,58238.30,103590.00,-0.00
2021-05-10,58251.20,59523.90,53678.30,55848.90,142610.00,-0.00
2021-05-11,55846.10,56871.10,54550.40,56695.70,96470.00,0.00
2021-05-12,56694.50,57938.50,49187.00,49384.20,160740.00,-0.00
2021-05-13,49398.20,51337.30,46331.10,49704.60,236710.00,0.00
2021-05-14,49704.90,51459.20,48874.00,49839.80,118840.00,0.00
2021-05-15,49839.10,50640.90,46650.20,46708.80,131910.00,-0.00
2021-05-16,46729.30,49764.30,43920.80,46426.40,180070.00,-0.00
2021-05-17,46424.20,46545.40,42201.50,43541.30,274760.00,-0.00
2021-05-18,43538.50,45770.90,42293.90,42897.30,154960.00,-0.00
2021-05-19,42898.30,43516.60,30261.70,36720.50,607100.00,-0.00
2021-05-20,36706.80,42425.90,35010.40,40717.20,269750.00,0.00
2021-05-21,40611.20,42108.30,33592.30,37297.40,315500.00,-0.00
2021-05-22,37291.00,38776.00,35314.90,37448.30,185830.00,0.00
2021-05-23,37446.80,38248.70,31192.40,34679.70,325730.00,-0.00
2021-05-24,34720.30,39851.70,34474.60,38750.60,244880.00,0.00
2021-05-25,38753.60,39740.80,36540.70,38378.30,163010.00,-0.00
2021-05-26,38375.70,40750.00,37847.00,39249.20,153800.00,0.00
2021-05-27,39249.00,40322.20,37190.80,38417.30,122930.00,-0.00
2021-05-28,38543.20,38844.10,34772.40,35662.50,199580.00,-0.00
2021-05-29,35664.50,37227.10,33664.20,34584.60,160430.00,-0.00
2021-05-30,34589.30,36388.60,33441.00,35652.80,104180.00,0.00
2021-05-31,35644.00,37480.70,34213.20,37298.60,131700.00,0.00
2021-06-01,37294.30,37850.30,35742.70,36687.60,113480.00,-0.00
2021-06-02,36687.70,38199.90,35981.10,37555.80,96890.00,0.00
2021-06-03,37555.70,39462.30,37193.60,39187.30,106440.00,0.00
2021-06-04,39191.40,39255.40,35659.90,36851.30,127710.00,-0.00
2021-06-05,36841.20,37887.60,34832.00,35520.00,101480.00,-0.00
2021-06-06,35518.70,36434.00,35265.30,35815.40,62200.00,0.00
2021-06-07,35815.40,36754.60,33410.10,33578.00,119500.00,-0.00
2021-06-08,33574.60,34047.80,31158.10,33382.90,193540.00,-0.00
2021-06-09,33385.50,37517.60,32428.60,37332.20,209820.00,0.00
2021-06-10,37375.20,38340.80,35824.00,36649.40,154320.00,-0.00
2021-06-11,36654.30,37641.10,36003.30,37314.60,109150.00,0.00
2021-06-12,37334.40,37437.30,34703.30,35467.50,87730.00,-0.00
2021-06-13,35467.50,39321.60,34827.00,39022.90,123320.00,0.00
2021-06-14,39024.10,40970.40,38769.90,40529.40,157350.00,0.00
2021-06-15,40522.50,41318.00,39589.90,40156.10,117550.00,-0.00
2021-06-16,40148.10,40494.40,38156.40,38336.00,123520.00,-0.00
2021-06-17,38337.80,39529.90,37425.30,38052.00,109580.00,-0.00
2021-06-18,38045.50,38166.00,35198.50,35749.40,102840.00,-0.00
2021-06-19,35770.00,36357.30,34845.50,35513.40,105460.00,-0.00
2021-06-20,35510.90,36097.90,33378.00,35595.80,137480.00,0.00
2021-06-21,35597.90,35708.40,31284.10,31692.00,256870.00,-0.00
2021-06-22,31682.70,33272.50,28901.80,32496.40,309650.00,0.00
2021-06-23,32498.30,34784.30,31736.50,33674.30,173340.00,0.00
2021-06-24,33678.10,35249.90,32356.70,34665.80,119250.00,0.00
2021-06-25,34660.50,35490.90,31337.90,31594.00,193430.00,-0.00
2021-06-26,31592.10,32643.00,30206.90,32243.40,156670.00,0.00
2021-06-27,32247.10,34685.50,32041.70,34678.50,148800.00,0.00
2021-06-28,34682.20,35231.20,33944.90,34475.90,112000.00,-0.00
2021-06-29,34477.30,36590.30,34247.60,35834.70,97270.00,0.00
2021-06-30,35832.60,36089.50,34126.60,35026.90,107070.00,-0.00
2021-07-01,35030.70,35032.70,32839.20,33543.60,27410.00,-0.00
2021-07-02,33542.20,33925.90,32734.60,33813.40,78930.00,0.00
2021-07-03,33814.20,34909.80,33363.30,34742.80,55690.00,0.00
2021-07-04,34742.80,35957.60,34740.10,35298.20,56130.00,0.00
2021-07-05,35297.00,35300.50,33164.10,33687.80,88360.00,-0.00
2021-07-06,33688.50,35062.00,33581.70,34225.60,83630.00,0.00
2021-07-07,34228.70,35036.60,33801.30,33867.80,72030.00,-0.00
2021-07-08,33859.40,33923.20,32146.90,32866.30,108090.00,-0.00
2021-07-09,32866.30,34079.20,32367.00,33797.40,67140.00,0.00
2021-07-10,33797.70,34221.00,33056.80,33510.60,50940.00,-0.00
2021-07-11,33510.80,34580.60,33319.80,34227.70,35720.00,0.00
2021-07-12,34228.30,34598.00,32662.80,33113.00,63240.00,-0.00
2021-07-13,33106.10,33307.70,32259.50,32728.10,60040.00,-0.00
2021-07-14,32727.80,33051.90,31611.20,32820.70,69560.00,0.00
2021-07-15,32820.50,33157.00,31175.80,31840.50,76950.00,-0.00
2021-07-16,31842.30,32239.80,31062.20,31394.00,70480.00,-0.00
2021-07-17,31384.40,31914.80,31207.80,31518.60,58060.00,0.00
2021-07-18,31517.90,32408.20,31220.60,31785.40,57010.00,0.00
2021-07-19,31782.90,31887.00,30478.20,30837.20,77480.00,-0.00
2021-07-20,30835.40,31040.80,29310.20,29793.80,97460.00,-0.00
2021-07-21,29794.70,32794.60,29519.30,32131.40,118340.00,0.00
2021-07-22,32131.70,32585.40,31729.40,32298.90,64870.00,0.00
2021-07-23,32297.90,33605.60,32041.10,33603.30,66150.00,0.00
2021-07-24,33600.50,33955.00,33412.90,33824.80,67140.00,0.00
2021-07-25,34392.50,35391.10,33881.30,35391.10,65100.00,0.00
2021-07-26,35392.30,40522.90,35236.70,37276.60,177630.00,0.00
2021-07-27,37294.30,39455.90,36427.40,39452.00,100240.00,0.00
2021-07-28,39450.40,40862.20,38883.80,40003.20,148920.00,0.00
2021-07-29,40009.00,40630.70,39340.80,40001.40,75300.00,0.00
2021-07-30,40001.10,42264.40,38358.40,42203.40,98450.00,0.00
2021-07-31,42201.40,42285.30,41066.40,41553.70,44650.00,-0.00
2021-08-01,41510.00,42565.00,39556.50,39878.30,80330.00,-0.00
2021-08-02,39869.80,40449.00,38692.50,39168.40,74810.00,-0.00
2021-08-03,39167.40,39766.60,37688.20,38130.30,260.00,-0.00
2021-08-04,38188.40,39956.50,37556.00,39736.90,79220.00,0.00
2021-08-05,39734.40,41366.30,37365.40,40867.20,130600.00,0.00
2021-08-06,40868.40,43253.40,39905.40,42795.40,111930.00,0.00
2021-08-07,42784.70,44697.30,42611.00,44614.20,112840.00,0.00
2021-08-08,44584.90,45284.10,43314.40,43792.80,105250.00,-0.00
2021-08-09,43794.90,46460.70,42824.10,46284.30,117080.00,0.00
2021-08-10,46281.80,46663.40,44681.20,45593.80,80550.00,-0.00
2021-08-11,45593.20,46736.50,45367.90,45564.30,75430.00,-0.00
2021-08-12,45562.30,46213.80,43814.70,44403.40,81070.00,-0.00
2021-08-13,44404.00,47836.00,44242.40,47809.10,75270.00,0.00
2021-08-14,47809.60,48090.90,46117.20,47081.50,64290.00,-0.00
2021-08-15,47082.60,47344.10,45564.10,46991.30,58110.00,-0.00
2021-08-16,46991.60,48002.40,45672.10,45996.30,2410.00,-0.00
2021-08-17,45907.50,47140.60,44441.30,44691.60,84140.00,-0.00
2021-08-18,44691.10,46004.90,44230.00,44723.80,22360.00,0.00
2021-08-19,44725.90,47012.30,43986.70,46755.90,77920.00,0.00
2021-08-20,46756.70,49343.30,46646.80,49324.00,83190.00,0.00
2021-08-21,49330.00,49719.10,48293.50,48875.80,18200.00,-0.00
2021-08-22,48870.40,49480.30,48151.00,49254.50,49320.00,0.00
2021-08-23,49255.40,50498.80,49038.60,49539.70,75370.00,0.00
2021-08-24,49532.50,49847.40,47623.60,47714.70,74260.00,-0.00
2021-08-25,47707.40,49230.20,47163.30,48994.50,63540.00,0.00
2021-08-26,48994.40,49347.80,46360.40,46831.60,73790.00,-0.00
2021-08-27,46830.20,49142.00,46371.50,49064.30,62470.00,0.00
2021-08-28,49062.80,49289.40,48428.50,48897.10,36730.00,-0.00
2021-08-29,48899.70,49621.70,47870.10,48777.40,47620.00,-0.00
2021-08-30,48777.10,48886.00,46876.90,46992.70,61680.00,-0.00
2021-08-31,46989.10,48217.00,46709.30,47130.40,71480.00,0.00
2021-09-01,47129.20,49121.00,46533.10,48819.40,74380.00,0.00
2021-09-02,48817.80,50355.30,48612.90,49274.30,80210.00,0.00
2021-09-03,49269.50,51008.80,48377.30,49999.00,88080.00,0.00
2021-09-04,49999.30,50534.60,49461.40,49918.40,48140.00,-0.00
2021-09-05,49918.70,51878.20,49492.40,51768.60,57300.00,0.00
2021-09-06,51769.40,52726.20,51002.80,52672.10,69460.00,0.00
2021-09-07,52674.20,52885.30,43072.40,46779.60,187560.00,-0.00
2021-09-08,46774.10,47316.90,44493.70,46061.40,100480.00,-0.00
2021-09-09,46057.60,47305.70,45609.00,46385.60,73630.00,0.00
2021-09-10,46385.90,47021.60,44283.60,44842.80,75620.00,-0.00
2021-09-11,44844.90,45975.60,44766.60,45161.90,41580.00,0.00
2021-09-12,45162.60,46386.40,44755.20,46062.30,44520.00,0.00
2021-09-13,46060.80,46807.70,43463.20,44949.50,96150.00,-0.00
2021-09-14,44950.20,47247.60,44718.70,47077.50,65330.00,0.00
2021-09-15,47070.80,48436.50,46743.90,48130.60,63400.00,0.00
2021-09-16,48132.30,48480.60,47040.30,47748.00,60910.00,-0.00
2021-09-17,47748.20,48155.90,46788.80,47282.80,50160.00,-0.00
2021-09-18,47283.90,48761.00,47070.50,48306.70,43640.00,0.00
2021-09-19,48299.90,48341.90,46866.60,47238.70,41980.00,-0.00
2021-09-20,47240.80,47323.90,42547.10,42870.60,77960.00,-0.00
2021-09-21,43012.30,43619.30,39646.80,40651.30,142550.00,-0.00
2021-09-22,40660.80,43976.70,40585.70,43551.60,93980.00,0.00
2021-09-23,43550.70,44949.80,43090.10,44869.20,74540.00,0.00
2021-09-24,44867.40,45112.00,40908.50,42819.90,128880.00,-0.00
2021-09-25,42818.70,42959.30,41714.50,42686.80,46350.00,-0.00
2021-09-26,42685.80,43907.30,40786.60,43203.40,69910.00,0.00
2021-09-27,43200.90,44293.20,42143.90,42172.60,54120.00,-0.00
2021-09-28,42169.90,42758.80,40906.40,41022.30,60010.00,-0.00
2021-09-29,41023.10,42571.20,40815.00,41536.80,48210.00,0.00
2021-09-30,41534.50,44101.20,41416.70,43823.30,64320.00,0.00
2021-10-01,43824.40,48435.20,43292.90,48146.00,94660.00,0.00
2021-10-02,48147.20,48306.90,47451.70,47666.90,39820.00,-0.00
2021-10-03,47665.40,49165.20,47123.00,48200.10,42410.00,0.00
2021-10-04,48200.40,49481.70,46958.60,49227.30,66920.00,0.00
2021-10-05,49229.50,51872.40,49060.10,51469.30,76630.00,0.00
2021-10-06,51470.00,55676.10,50439.50,55323.20,116260.00,0.00
2021-10-07,55325.20,55325.60,53476.40,53783.90,75680.00,-0.00
2021-10-08,53785.50,55977.90,53659.30,53914.70,64050.00,0.00
2021-10-09,53924.10,55430.80,53711.70,54942.50,64650.00,0.00
2021-10-10,54942.50,56432.20,54100.80,54687.70,104430.00,-0.00
2021-10-11,54686.90,57814.10,54457.80,57477.30,73840.00,0.00
2021-10-12,57480.60,57635.70,54155.40,56015.90,74850.00,-0.00
2021-10-13,56014.50,57697.40,54314.40,57380.10,73620.00,0.00
2021-10-14,57370.40,58506.50,56866.80,57345.80,59840.00,-0.00
2021-10-15,57348.20,62892.80,56874.80,61672.50,121480.00,0.00
2021-10-16,61669.20,62329.20,60161.90,60861.10,49930.00,-0.00
2021-10-17,60865.50,61651.40,59143.40,61527.50,53390.00,0.00
2021-10-18,61525.80,62623.60,60026.90,62056.30,80150.00,0.00
2021-10-19,62030.20,64454.00,61451.00,64278.50,80160.00,0.00
2021-10-20,64276.90,66967.10,63543.70,65979.10,79870.00,0.00
2021-10-21,66004.60,66616.90,62092.10,62210.20,105380.00,-0.00
2021-10-22,62200.80,63699.70,60055.70,60690.30,75690.00,-0.00
2021-10-23,60693.20,61728.70,59738.30,61312.50,37050.00,0.00
2021-10-24,61308.20,61469.90,59523.70,60866.50,42670.00,-0.00
2021-10-25,60864.30,63694.80,60655.80,63067.00,51060.00,0.00
2021-10-26,63067.50,63275.10,59907.30,60310.80,57130.00,-0.00
2021-10-27,60312.50,61452.90,58112.60,58438.10,88110.00,-0.00
2021-10-28,58437.20,62251.30,58128.10,60582.50,88470.00,0.00
2021-10-29,60579.90,62952.20,60322.20,62242.80,63390.00,0.00
2021-10-30,62245.00,62338.50,60786.00,61840.10,40510.00,-0.00
2021-10-31,61842.20,62393.70,60005.70,61309.60,50060.00,-0.00
2021-11-01,61310.10,62430.10,59612.70,60915.30,61210.00,-0.00
2021-11-02,60912.20,64256.40,60651.50,63221.70,65260.00,0.00
2021-11-03,63223.50,63508.60,60883.00,62918.50,61050.00,-0.00
2021-11-04,62915.40,63077.60,60742.90,61412.60,49910.00,-0.00
2021-11-05,61411.50,62560.30,60742.40,60974.30,44460.00,-0.00
2021-11-06,60973.20,61543.20,60093.60,61483.90,34890.00,0.00
2021-11-07,61483.80,63273.20,61347.20,63273.20,34340.00,0.00
2021-11-08,63276.40,67763.30,63276.40,67527.90,81080.00,0.00
2021-11-09,67528.70,68493.30,66334.90,66904.40,66130.00,-0.00
2021-11-10,66942.60,68990.60,62951.30,64932.60,96210.00,-0.00
2021-11-11,64922.80,65583.30,64121.90,64806.70,50370.00,-0.00
2021-11-12,64782.60,65449.70,62309.70,64134.50,63270.00,-0.00
2021-11-13,64133.30,64906.00,63381.40,64398.60,30340.00,0.00
2021-11-14,64397.20,65508.20,63608.30,65508.20,33980.00,0.00
2021-11-15,65514.90,66311.20,63439.50,63597.90,53530.00,-0.00
2021-11-16,63605.10,63605.60,58655.90,60089.10,115360.00,-0.00
2021-11-17,60074.20,60814.50,58531.90,60367.80,73930.00,0.00
2021-11-18,60368.20,60936.90,56524.40,56955.30,100370.00,-0.00
2021-11-19,56908.30,58335.90,55626.30,58083.40,74440.00,0.00
2021-11-20,58080.80,59854.60,57435.30,59717.60,44530.00,0.00
2021-11-21,59724.00,60002.60,58528.30,58714.30,40980.00,-0.00
2021-11-22,58719.70,59288.30,55656.80,56308.80,76450.00,-0.00
2021-11-23,56304.80,57855.10,55542.50,57573.20,72480.00,0.00
2021-11-24,57559.40,57697.40,55910.60,57171.70,56680.00,-0.00
2021-11-25,57167.10,59387.30,57029.80,58935.10,56790.00,0.00
2021-11-26,58937.30,59151.10,53533.50,53730.90,104030.00,-0.00
2021-11-27,53747.20,55280.30,53654.30,54765.90,40710.00,0.00
2021-11-28,54758.00,57392.30,53448.30,57291.50,49280.00,0.00
2021-11-29,57288.10,58855.20,56726.70,57794.80,58650.00,0.00
2021-11-30,57795.20,59174.40,55936.90,56882.90,73660.00,-0.00
2021-12-01,56891.70,59064.30,56496.50,57210.30,66750.00,0.00
2021-12-02,57207.80,57377.50,55807.90,56496.00,54940.00,-0.00
2021-12-03,56495.20,57543.60,52008.90,53631.50,89200.00,-0.00
2021-12-04,53620.70,53847.20,42587.80,49195.20,168000.00,-0.00
2021-12-05,49196.40,49689.30,47797.80,49405.50,72030.00,0.00
2021-12-06,49412.10,50913.30,47237.90,50562.10,89680.00,0.00
2021-12-07,50547.40,51918.60,50070.90,50595.20,56290.00,0.00
2021-12-08,50596.60,51204.70,48700.70,50473.90,55590.00,-0.00
2021-12-09,50477.60,50790.20,47341.90,47596.60,58690.00,-0.00
2021-12-10,47591.70,49974.80,47007.10,47137.20,68060.00,-0.00
2021-12-11,47138.40,49487.00,46834.00,49314.50,45230.00,0.00
2021-12-12,49332.50,50779.20,48670.50,50081.00,40300.00,0.00
2021-12-13,50075.90,50196.10,45848.20,46703.60,80370.00,-0.00
2021-12-14,46709.80,48635.00,46338.30,48366.50,62540.00,0.00
2021-12-15,48366.20,49477.90,46572.60,48871.50,80280.00,0.00
2021-12-16,48876.60,49387.80,47543.90,47628.20,48200.00,-0.00
2021-12-17,47630.40,47997.20,45523.80,46172.20,67500.00,-0.00
2021-12-18,46171.80,47330.20,45513.40,46856.20,36930.00,0.00
2021-12-19,46855.70,48270.20,46438.40,46704.50,44050.00,-0.00
2021-12-20,46703.40,47488.90,45577.30,46895.20,57530.00,0.00
2021-12-21,46900.10,49306.10,46654.00,48902.00,57880.00,0.00
2021-12-22,48898.70,49540.30,48449.70,48599.70,40890.00,-0.00
2021-12-23,48599.60,51355.60,48053.40,50801.00,56240.00,0.00
2021-12-24,50807.40,51795.30,50428.40,50786.10,45970.00,-0.00
2021-12-25,50789.60,51140.20,50196.80,50406.40,26670.00,-0.00
2021-12-26,50404.00,51247.00,49527.00,50779.90,32340.00,0.00
2021-12-27,50783.60,52016.30,50459.00,50678.20,43900.00,-0.00
2021-12-28,50703.40,50703.80,47345.70,47545.20,74390.00,-0.00
2021-12-29,47548.40,48121.70,46127.80,46461.70,63920.00,-0.00
2021-12-30,46470.70,47901.40,46003.00,47123.30,60960.00,0.00
2021-12-31,47123.30,48553.90,45693.60,46219.50,58180.00,-0.00
2022-01-01,46217.50,47917.60,46217.50,47738.00,31240.00,0.00
2022-01-02,47738.70,47944.90,46718.20,47311.80,27020.00,-0.00
2022-01-03,47293.90,47556.00,45704.00,46430.20,41060.00,-0.00
2022-01-04,46435.70,47505.40,45602.10,45837.30,55590.00,-0.00
2022-01-05,45833.10,47019.40,42535.10,43425.90,83740.00,-0.00
2022-01-06,43431.60,43772.30,42481.10,43097.50,63080.00,-0.00
2022-01-07,43097.90,43127.70,40810.00,41546.70,88360.00,-0.00
2022-01-08,41551.30,42304.40,40574.30,41672.00,52540.00,0.00
2022-01-09,41681.20,42764.40,41260.90,41848.30,37510.00,0.00
2022-01-10,41848.90,42243.80,39697.00,41832.20,85500.00,-0.00
2022-01-11,41829.10,43090.20,41287.60,42733.20,61780.00,0.00
2022-01-12,42735.00,44243.60,42476.70,43901.00,53950.00,0.00
2022-01-13,43900.00,44404.70,42337.50,42560.00,53420.00,-0.00
2022-01-14,42562.20,43435.10,41848.70,43073.30,50500.00,0.00
2022-01-15,43073.60,43777.90,42586.10,43097.00,31440.00,0.00
2022-01-16,43079.20,43462.00,42643.30,43079.10,28660.00,-0.00
2022-01-17,43080.50,43179.60,41559.40,42209.30,41440.00,-0.00
2022-01-18,42209.90,42674.20,41300.70,42364.60,47320.00,0.00
2022-01-19,42365.30,42558.00,41160.90,41677.80,53770.00,-0.00
2022-01-20,41683.60,43487.10,40568.30,40715.90,65280.00,-0.00
2022-01-21,40698.10,41104.60,35503.90,36475.50,155800.00,-0.00
2022-01-22,36467.70,36749.80,34116.00,35075.20,138090.00,-0.00
2022-01-23,35072.90,36513.00,34655.20,36269.50,70430.00,0.00
2022-01-24,36268.60,37424.00,32985.60,36686.30,153770.00,0.00
2022-01-25,36691.30,37501.80,35729.30,36950.60,79680.00,0.00
2022-01-26,36962.30,38862.60,36280.00,36800.40,107870.00,-0.00
2022-01-27,36800.10,37215.40,35543.20,37164.30,83520.00,0.00
2022-01-28,37195.60,37995.90,36176.50,37745.10,69450.00,0.00
2022-01-29,37736.50,38663.70,37350.20,38170.80,42770.00,0.00
2022-01-30,38167.50,38313.30,37390.60,37917.70,34100.00,-0.00
2022-01-31,37923.80,38701.40,36672.80,38498.60,61270.00,0.00
2022-02-01,38475.60,39230.00,38037.90,38709.70,55200.00,0.00
2022-02-02,38711.20,38853.80,36682.30,36890.20,53740.00,-0.00
2022-02-03,36890.20,37304.30,36297.30,37287.80,50350.00,0.00
2022-02-04,37287.80,41689.00,37041.10,41567.60,95490.00,0.00
2022-02-05,41566.50,41899.80,40963.30,41412.10,46320.00,-0.00
2022-02-06,41411.90,42614.80,41176.30,42392.20,31200.00,0.00
2022-02-07,42385.20,44468.30,41695.40,43833.90,76600.00,0.00
2022-02-08,43833.90,45399.80,42705.00,44038.20,92880.00,0.00
2022-02-09,44038.20,44800.40,43163.00,44388.90,50920.00,0.00
2022-02-10,44388.90,45755.20,43242.50,43521.00,89690.00,-0.00
2022-02-11,43519.30,43915.10,42023.40,42388.40,69950.00,-0.00
2022-02-12,42388.40,43006.40,41776.80,42205.20,37880.00,-0.00
2022-02-13,42205.50,42725.10,41880.10,42061.10,25880.00,-0.00
2022-02-14,42061.10,42799.70,41591.30,42550.30,53600.00,0.00
2022-02-15,42550.30,44722.60,42460.10,44544.40,56340.00,0.00
2022-02-16,44540.90,44552.90,43377.60,43883.60,41400.00,-0.00
2022-02-17,43885.50,44167.10,40103.80,40552.80,72630.00,-0.00
2022-02-18,40532.50,40935.50,39505.00,40000.10,64960.00,-0.00
2022-02-19,40000.10,40434.30,39666.60,40090.30,25780.00,0.00
2022-02-20,40089.60,40120.30,38042.20,38355.00,47920.00,-0.00
2022-02-21,38355.00,39444.10,36868.90,37017.70,91820.00,-0.00
2022-02-22,37018.30,38414.90,36399.60,38248.20,82750.00,0.00
2022-02-23,38248.20,39194.50,37099.50,37224.60,64840.00,-0.00
2022-02-24,37250.20,39351.60,34357.40,38339.20,180470.00,0.00
2022-02-25,38339.20,39683.70,38042.60,39209.60,83780.00,0.00
2022-02-26,39221.60,40094.50,38639.10,39115.50,41550.00,-0.00
2022-02-27,39116.60,39838.50,37062.30,37689.10,66140.00,-0.00
2022-02-28,37707.20,43977.80,37458.90,43188.20,108070.00,0.00
2022-03-01,43187.20,44900.50,42876.60,44420.30,90670.00,0.00
2022-03-02,44420.30,45294.20,43361.30,43912.80,80820.00,-0.00
2022-03-03,43912.80,44077.20,41840.80,42463.00,74110.00,-0.00
2022-03-04,42463.00,42848.70,38594.90,39142.70,3210000000.00,-0.00
2022-03-05,39142.80,39600.20,38626.10,39395.80,1500000000.00,0.00
2022-03-06,39396.30,39668.10,38115.00,38403.10,1930000000.00,-0.00
2022-03-07,38420.60,39532.00,37182.10,38024.80,3020000000.00,-0.00
2022-03-08,38020.60,39351.50,37886.60,38744.80,2670000000.00,0.00
2022-03-09,38731.50,42538.50,38663.30,41929.00,3600000000.00,0.00
2022-03-10,41933.90,42029.10,38603.50,39416.30,3620000000.00,-0.00
2022-03-11,39422.50,40177.00,38236.40,38730.20,2790000000.00,-0.00
2022-03-12,38730.20,39355.30,38666.50,38814.30,1110000000.00,0.00
2022-03-13,38813.20,39272.30,37603.40,37792.40,1550000000.00,-0.00
2022-03-14,37789.50,39914.30,37613.60,39671.10,2330000000.00,0.00
2022-03-15,39673.00,39854.70,38220.90,39285.70,2250000000.00,-0.00
2022-03-16,39282.50,41701.60,38953.20,41118.70,4470000000.00,0.00
2022-03-17,41118.70,41406.00,40557.80,40914.80,1900000000.00,-0.00
2022-03-18,40914.60,42308.40,40234.80,41767.80,2310000000.00,0.00
2022-03-19,41768.00,42386.00,41529.60,42233.00,224590000.00,0.00
2022-03-20,42241.00,42301.00,40922.00,41276.00,308450000.00,-0.00
2022-03-21,41282.00,41532.00,40530.00,41022.00,406620000.00,-0.00
2022-03-22,41022.00,43327.90,40893.00,42373.00,537060000.00,0.00
2022-03-23,42373.00,43027.00,41795.00,42912.00,433960000.00,0.00
2022-03-24,42911.00,44251.00,42658.00,44013.00,491660000.00,0.00
2022-03-25,44013.00,45112.00,43622.00,44331.00,494090000.00,0.00
2022-03-26,44331.00,44818.00,44090.00,44548.00,196300000.00,0.00
2022-03-27,44542.00,46947.00,44445.00,46859.00,388790000.00,0.00
2022-03-28,46859.00,48199.00,46672.00,47105.00,610270000.00,0.00
2022-03-29,47126.00,48127.00,47029.00,47449.00,478820000.00,0.00
2022-03-30,47449.00,47714.00,46601.00,47075.00,467760000.00,-0.00
2022-03-31,47071.00,47624.00,45228.00,45525.00,520000000.00,-0.00
2022-04-01,45529.00,46728.00,44261.00,46297.00,632930000.00,0.00
2022-04-02,46299.00,47212.00,45641.00,45811.00,345930000.00,-0.00
2022-04-03,45813.00,47435.00,45554.00,46407.00,398860000.00,0.00
2022-04-04,46407.00,46899.00,45152.00,46629.00,446120000.00,0.00
2022-04-05,46614.00,47201.00,45388.00,45506.00,421110000.00,-0.00
2022-04-06,45494.00,45519.00,43122.00,43173.00,649520000.00,-0.00
2022-04-07,43166.00,43893.00,42747.00,43448.00,390850000.00,0.00
2022-04-08,43450.00,43979.00,42113.00,42275.00,467830000.00,-0.00
2022-04-09,42275.00,42809.00,42129.00,42767.00,165160000.00,0.00
2022-04-10,42760.00,43421.00,41884.00,42138.00,255830000.00,-0.00
2022-04-11,42144.00,42418.00,39202.00,39497.00,608380000.00,-0.00
2022-04-12,39507.00,40678.00,39265.00,40078.00,468270000.00,0.00
2022-04-13,40072.00,41515.00,39581.00,41133.00,406700000.00,0.00
2022-04-14,41133.00,41494.00,39585.00,39936.00,294290000.00,-0.00
2022-04-15,39936.00,40850.00,39781.00,40560.00,233090000.00,0.00
2022-04-16,40571.00,40691.00,40003.00,40382.00,151310000.00,-0.00
2022-04-17,40382.00,40599.00,39561.00,39703.00,210010000.00,-0.00
2022-04-18,39700.00,41095.00,38577.00,40803.00,484260000.00,0.00
2022-04-19,40809.00,41746.00,40585.00,41503.00,268280000.00,0.00
2022-04-20,41499.00,42203.00,40915.00,41368.00,382840000.00,-0.00
2022-04-21,41370.00,42969.00,39793.00,40482.00,493050000.00,-0.00
2022-04-22,40487.00,40792.00,39200.00,39709.00,421300000.00,-0.00
2022-04-23,39709.00,39973.00,39291.00,39418.00,190600000.00,-0.00
2022-04-24,39434.00,39929.00,39033.00,39464.00,283630000.00,0.00
2022-04-25,39464.00,40599.00,38233.00,40427.00,654600000.00,0.00
2022-04-26,40443.00,40770.00,37708.00,38113.00,681470000.00,-0.00
2022-04-27,38113.00,39447.00,37869.00,39243.00,426830000.00,0.00
2022-04-28,39243.00,40382.00,38888.00,39748.00,542390000.00,0.00
2022-04-29,39748.00,39919.00,38175.00,38581.00,382900000.00,-0.00
2022-04-30,38590.00,38776.00,37596.00,37650.00,248220000.00,-0.00
2022-05-01,37642.00,38676.00,37397.00,38461.00,276990000.00,0.00
2022-05-02,38472.00,39134.00,38061.00,38514.00,580790000.00,0.00
2022-05-03,38515.00,38647.00,37513.00,37718.00,367210000.00,-0.00
2022-05-04,37717.00,40021.00,37660.00,39688.00,691490000.00,0.00
2022-05-05,39686.00,39833.00,36183.00,36544.00,1040000000.00,-0.00
2022-05-06,36540.00,36646.00,35267.00,36009.00,752840000.00,-0.00
2022-05-07,36003.00,36119.00,34773.00,35468.00,288860000.00,-0.00
2022-05-08,35468.00,35497.00,33727.00,34060.00,671050000.00,-0.00
2022-05-09,34041.00,34227.00,30095.00,30095.00,268090.00,-0.00
2022-05-10,30098.20,32621.20,29831.00,31007.50,235610.00,0.00
2022-05-11,31008.00,32113.60,27835.50,29068.20,296900.00,-0.00
2022-05-12,29073.40,30136.70,26500.50,28976.00,309480.00,-0.00
2022-05-13,28994.30,31002.70,28755.00,29284.40,141230.00,0.00
2022-05-14,29285.20,30277.40,28666.70,30080.40,70460.00,0.00
2022-05-15,30078.60,31383.80,29499.40,31308.70,65440.00,0.00
2022-05-16,31308.30,31312.40,29135.80,29849.00,100250.00,-0.00
2022-05-17,29856.70,30720.10,29484.50,30437.50,79630.00,0.00
2022-05-18,30437.50,30687.90,28648.10,28683.70,92030.00,-0.00
2022-05-19,28700.40,30525.10,28682.10,30305.90,101380.00,0.00
2022-05-20,30305.90,30735.10,28738.50,29178.60,98780.00,-0.00
2022-05-21,29188.70,29623.20,28953.90,29434.60,32270.00,0.00
2022-05-22,29433.00,30462.00,29260.10,30286.60,50600.00,0.00
2022-05-23,30287.30,30644.80,28913.60,29093.30,92100.00,-0.00
2022-05-24,29091.60,29810.80,28706.10,29648.70,79420.00,0.00
2022-05-25,29648.70,30202.30,29353.50,29540.60,78850.00,-0.00
2022-05-26,29537.90,29868.90,28077.90,29203.50,126710.00,-0.00
2022-05-27,29194.00,29377.10,28282.20,28601.20,116410.00,-0.00
2022-05-28,28620.10,29194.40,28537.20,29027.10,43870.00,0.00
2022-05-29,29027.10,29556.50,28838.70,29465.20,36870.00,0.00
2022-05-30,29465.20,32185.60,29307.20,31723.30,129560.00,0.00
2022-05-31,31730.20,32377.50,31221.20,31793.40,86600.00,0.00
2022-06-01,31793.10,31969.90,29396.60,29798.50,135090.00,-0.00
2022-06-02,29798.60,30638.50,29604.40,30455.50,81400.00,0.00
2022-06-03,30455.70,30674.80,29330.80,29700.90,72130.00,-0.00
2022-06-04,29700.90,29963.80,29489.50,29864.30,33510.00,0.00
2022-06-05,29865.10,30166.90,29539.00,29913.00,30330.00,0.00
2022-06-06,29911.20,31753.40,29888.60,31367.60,94010.00,0.00
2022-06-07,31370.30,31556.60,29235.00,31128.80,140320.00,-0.00
2022-06-08,31127.20,31312.10,29874.80,30201.60,87960.00,-0.00
2022-06-09,30202.10,30691.40,29953.80,30097.80,61720.00,-0.00
2022-06-10,30097.40,30325.60,28884.90,29083.30,104260.00,-0.00
2022-06-11,29083.30,29426.60,28161.80,28403.40,82920.00,-0.00
2022-06-12,28404.00,28534.80,26606.30,26606.30,120020.00,-0.00
2022-06-13,26606.30,26857.60,22006.30,22448.00,379260.00,-0.00
2022-06-14,22449.10,23200.30,20860.90,22157.30,251010.00,-0.00
2022-06-15,22137.50,22754.40,20125.80,22577.90,280410.00,0.00
2022-06-16,22577.90,22942.10,20231.10,20386.60,144000.00,-0.00
2022-06-17,20391.30,21315.40,20244.10,20444.60,136270.00,0.00
2022-06-18,20446.40,20744.70,17630.50,18986.50,267250.00,-0.00
2022-06-19,18983.40,20763.50,17983.70,20577.20,169390.00,0.00
2022-06-20,20576.90,20996.80,19658.80,20572.30,140600.00,-0.00
2022-06-21,20571.60,21689.30,20371.70,20720.40,136320.00,0.00
2022-06-22,20720.20,20864.30,19780.20,19965.80,125940.00,-0.00
2022-06-23,19967.30,21189.80,19907.50,21100.70,110700.00,0.00
2022-06-24,21100.90,21488.70,20743.90,21226.90,104560.00,0.00
2022-06-25,21226.90,21553.40,20917.50,21489.90,66630.00,0.00
2022-06-26,21489.90,21837.40,20989.70,21043.50,67210.00,-0.00
2022-06-27,21037.70,21497.50,20568.00,20730.20,84690.00,-0.00
2022-06-28,20727.90,21200.20,20210.50,20278.00,83830.00,-0.00
2022-06-29,20278.00,20415.80,19880.70,20111.30,98970.00,-0.00
2022-06-30,20111.30,20155.10,18682.70,19926.60,127730.00,-0.00
2022-07-01,19926.60,20785.60,18980.10,19262.90,150180.00,-0.00
2022-07-02,19275.40,19425.40,19006.40,19243.20,58570.00,-0.00
2022-07-03,19243.40,19626.40,18794.40,19309.90,65270.00,0.00
2022-07-04,19310.60,20303.80,19052.50,20215.80,92790.00,0.00
2022-07-05,20215.80,20706.90,19315.40,20200.60,122430.00,-0.00
2022-07-06,20180.40,20654.90,19785.30,20561.10,105240.00,0.00
2022-07-07,20557.90,21817.80,20282.70,21637.80,115810.00,0.00
2022-07-08,21637.10,22482.10,21207.00,21611.20,439900.00,-0.00
2022-07-09,21610.40,21944.10,21338.40,21587.50,190110.00,-0.00
2022-07-10,21587.40,21599.20,20689.70,20847.40,204680.00,-0.00
2022-07-11,20847.20,20855.00,19897.00,19963.20,160200.00,-0.00
2022-07-12,19963.20,20051.70,19279.60,19330.90,167910.00,-0.00
2022-07-13,19331.60,20250.80,18942.20,20250.00,249380.00,0.00
2022-07-14,20250.00,20862.20,19664.90,20586.00,205280.00,0.00
2022-07-15,20586.10,21178.10,20393.40,20825.10,164670.00,0.00
2022-07-16,20825.20,21561.30,20484.40,21209.90,136890.00,0.00
2022-07-17,21209.80,21654.40,20755.20,20785.60,132810.00,-0.00
2022-07-18,20785.60,22714.90,20770.60,22525.80,279720.00,0.00
2022-07-19,22529.30,23757.30,21581.80,23410.20,308910.00,0.00
2022-07-20,23412.00,24258.00,22944.40,23215.20,281310.00,-0.00
2022-07-21,23219.90,23403.80,22360.20,23153.00,217080.00,-0.00
2022-07-22,23150.00,23741.40,22524.20,22675.20,197540.00,-0.00
2022-07-23,22683.60,22991.00,21971.70,22460.40,137420.00,-0.00
2022-07-24,22449.80,22987.90,22281.30,22582.10,126660.00,0.00
2022-07-25,22582.30,22653.30,21275.40,21301.90,206930.00,-0.00
2022-07-26,21301.60,21322.30,20737.30,21248.70,201570.00,-0.00
2022-07-27,21248.00,23027.80,21047.50,22958.30,242660.00,0.00
2022-07-28,22957.70,24190.50,22611.60,23850.00,268320.00,0.00
2022-07-29,23850.20,24340.00,23451.40,23774.30,221660.00,-0.00
2022-07-30,23774.20,24605.30,23521.80,23634.20,168720.00,-0.00
2022-07-31,23634.20,24179.30,23236.20,23303.40,138840.00,-0.00
2022-08-01,23303.40,23484.40,22863.80,23271.20,162330.00,-0.00
2022-08-02,23271.10,23423.30,22670.80,22988.60,177300.00,-0.00
2022-08-03,22988.70,23623.70,22698.60,22820.80,174660.00,-0.00
2022-08-04,22822.20,23214.50,22438.70,22612.10,181190.00,-0.00
2022-08-05,22613.30,23447.60,22593.50,23308.20,208900.00,0.00
2022-08-06,23308.20,23344.40,22923.60,22944.20,94440.00,-0.00
2022-08-07,22944.20,23387.70,22852.30,23175.30,99360.00,0.00
2022-08-08,23175.30,24234.10,23160.60,23816.30,197940.00,0.00
2022-08-09,23818.10,23912.00,22886.50,23146.70,169620.00,-0.00
2022-08-10,23150.30,24209.90,22714.70,23962.90,243610.00,0.00
2022-08-11,23963.30,24873.50,23864.00,23935.30,285360.00,-0.00
2022-08-12,23935.30,24440.80,23616.40,24398.70,194960.00,0.00
2022-08-13,24398.90,24882.90,24318.70,24442.50,170590.00,0.00
2022-08-14,24442.10,24997.30,24172.20,24302.80,177250.00,-0.00
2022-08-15,24303.30,25205.70,23784.50,24101.70,279280.00,-0.00
2022-08-16,24102.60,24240.80,23693.80,23856.80,201700.00,-0.00
2022-08-17,23855.80,24423.50,23191.60,23338.00,239530.00,-0.00
2022-08-18,23337.70,23578.00,23131.30,23203.60,160970.00,-0.00
2022-08-19,23201.60,23202.30,20807.80,20831.30,339470.00,-0.00
2022-08-20,20830.70,21357.40,20784.80,21138.90,206940.00,0.00
2022-08-21,21138.90,21692.40,21077.40,21517.20,177520.00,0.00
2022-08-22,21516.80,21517.40,20912.10,21416.30,251830.00,-0.00
2022-08-23,21416.50,21661.00,20919.60,21517.20,228650.00,0.00
2022-08-24,21516.20,21832.30,21171.10,21365.20,202400.00,-0.00
2022-08-25,21365.40,21801.20,21324.80,21565.40,190150.00,0.00
2022-08-26,21564.20,21815.30,20122.40,20249.90,322160.00,-0.00
2022-08-27,20249.90,20343.60,19849.80,20033.90,187340.00,-0.00
2022-08-28,20034.20,20150.80,19542.90,19550.20,159600.00,-0.00
2022-08-29,19551.30,20394.50,19551.20,20295.80,248040.00,0.00
2022-08-30,20295.60,20558.20,19559.70,19792.60,308410.00,-0.00
2022-08-31,19793.40,20469.10,19793.40,20043.90,318170.00,0.00
2022-09-01,20049.90,20202.70,19584.40,20126.10,275080.00,0.00
2022-09-02,20131.60,20428.20,19764.70,19952.70,272220.00,-0.00
2022-09-03,19952.80,20043.80,19660.70,19831.40,157850.00,-0.00
2022-09-04,19832.20,20017.80,19594.70,19999.90,158270.00,0.00
2022-09-05,19999.90,20042.90,19650.70,19793.10,238710.00,-0.00
2022-09-06,19793.40,20169.30,18723.30,18786.40,402430.00,-0.00
2022-09-07,18786.30,19445.90,18548.40,19281.50,319100.00,0.00
2022-09-08,19281.50,19444.70,19034.50,19317.40,291430.00,0.00
2022-09-09,19318.80,21545.70,19294.10,21365.20,480370.00,0.00
2022-09-10,21363.80,21790.60,21139.90,21650.40,331120.00,0.00
2022-09-11,21650.40,21836.40,21363.00,21834.90,297120.00,0.00
2022-09-12,21836.60,22465.40,21581.60,22395.30,431980.00,0.00
2022-09-13,22395.30,22702.50,19909.60,20175.50,485320.00,-0.00
2022-09-14,20175.50,20503.70,19654.20,20222.50,374220.00,0.00
2022-09-15,20222.30,20321.40,19532.30,19701.70,358420.00,-0.00
2022-09-16,19701.90,19883.00,19352.90,19802.40,315590.00,0.00
2022-09-17,19802.80,20178.60,19761.00,20113.50,204580.00,0.00
2022-09-18,20113.90,20113.90,19347.70,19418.80,273110.00,-0.00
2022-09-19,19417.40,19666.60,18277.80,19538.90,423430.00,0.00
2022-09-20,19538.90,19626.30,18742.60,18872.40,361180.00,-0.00
2022-09-21,18875.10,19758.40,18191.80,18489.00,446850.00,-0.00
2022-09-22,18488.10,19490.90,18371.00,19404.00,448630.00,0.00
2022-09-23,19404.10,19477.30,18554.80,19293.50,431150.00,-0.00
2022-09-24,19288.40,19310.60,18812.00,18925.20,258500.00,-0.00
2022-09-25,18925.10,19125.10,18659.60,18803.20,209710.00,-0.00
2022-09-26,18803.10,19304.80,18695.20,19225.70,516030.00,0.00
2022-09-27,19228.80,20361.20,18850.40,19081.00,660120.00,-0.00
2022-09-28,19083.40,19757.80,18505.30,19411.00,581190.00,0.00
2022-09-29,19420.20,19631.50,18877.90,19593.00,449570.00,0.00
2022-09-30,19593.40,20174.90,19208.90,19423.00,490290.00,-0.00
2022-10-01,19422.90,19480.30,19172.60,19311.90,173910.00,-0.00
2022-10-02,19311.90,19389.90,18937.30,19052.20,222820.00,-0.00
2022-10-03,19057.60,19676.00,19001.30,19628.30,333030.00,0.00
2022-10-04,19629.70,20436.10,19506.40,20340.20,368170.00,0.00
2022-10-05,20340.50,20353.80,19761.70,20157.50,352760.00,-0.00
2022-10-06,20157.50,20436.70,19873.70,19956.70,370600.00,-0.00
2022-10-07,19962.40,20051.40,19352.10,19531.30,263500.00,-0.00
2022-10-08,19530.20,19612.20,19274.70,19415.00,113500.00,-0.00
2022-10-09,19416.30,19552.10,19329.60,19441.00,127530.00,0.00
2022-10-10,19441.70,19520.70,19057.00,19134.60,243770.00,-0.00
2022-10-11,19134.30,19261.30,18868.70,19059.10,288570.00,-0.00
2022-10-12,19058.50,19212.60,19010.60,19154.80,242180.00,0.00
2022-10-13,19154.60,19494.40,18207.90,19379.80,455130.00,0.00
2022-10-14,19379.80,19933.90,19098.60,19181.80,400450.00,-0.00
2022-10-15,19181.70,19218.70,19000.80,19068.70,123660.00,-0.00
2022-10-16,19068.80,19411.90,19066.00,19261.90,140950.00,0.00
2022-10-17,19262.20,19663.50,19163.60,19548.20,248400.00,0.00
2022-10-18,19548.40,19692.90,19102.80,19328.20,290070.00,-0.00
2022-10-19,19328.20,19358.60,19101.20,19123.90,209280.00,-0.00
2022-10-20,19125.10,19334.50,18935.60,19042.90,253200.00,-0.00
2022-10-21,19042.90,19245.50,18703.30,19162.60,294660.00,0.00
2022-10-22,19162.60,19249.90,19116.10,19204.80,118240.00,0.00
2022-10-23,19204.80,19680.90,19092.50,19571.20,180630.00,0.00
2022-10-24,19571.20,19588.60,19177.20,19331.50,286940.00,-0.00
2022-10-25,19331.80,20406.90,19249.00,20082.70,371540.00,0.00
2022-10-26,20086.80,20981.50,20062.90,20769.50,427990.00,0.00
2022-10-27,20769.50,20867.90,20231.60,20292.90,365490.00,-0.00
2022-10-28,20293.00,20744.00,20058.20,20594.40,318900.00,0.00
2022-10-29,20594.20,21038.10,20561.90,20809.80,276540.00,0.00
2022-10-30,20809.40,20922.30,20522.50,20626.30,207630.00,-0.00
2022-10-31,20626.00,20822.40,20260.00,20496.30,327470.00,-0.00
2022-11-01,20496.10,20676.60,20348.10,20483.50,302720.00,-0.00
2022-11-02,20482.90,20778.30,20065.80,20154.40,420230.00,-0.00
2022-11-03,20154.00,20384.50,20066.60,20206.40,347230.00,0.00
2022-11-04,20206.40,21281.90,20184.60,21145.90,499500.00,0.00
2022-11-05,21145.70,21464.70,21084.10,21301.60,261230.00,0.00
2022-11-06,21298.70,21360.40,20901.00,20916.30,242260.00,-0.00
2022-11-07,20916.30,21055.40,20410.50,20589.00,414240.00,-0.00
2022-11-08,20589.00,20667.50,17260.00,18527.40,865100.00,-0.00
2022-11-09,18538.90,18583.80,15603.30,15886.90,869570.00,-0.00
2022-11-10,15887.00,18138.20,15799.30,17589.10,720740.00,0.00
2022-11-11,17589.10,17679.40,16435.50,17049.90,466350.00,-0.00
2022-11-12,17049.90,17100.80,16633.90,16795.20,192910.00,-0.00
2022-11-13,16803.90,16946.50,16274.90,16324.50,210800.00,-0.00
2022-11-14,16325.00,17158.40,15834.00,16613.70,442460.00,0.00
2022-11-15,16615.00,17112.00,16543.90,16895.10,337150.00,0.00
2022-11-16,16895.40,16993.40,16408.20,16540.50,295730.00,-0.00
2022-11-17,16540.50,16739.70,16425.80,16691.20,257000.00,0.00
2022-11-18,16715.40,16846.30,16553.00,16638.30,241960.00,-0.00
2022-11-19,16652.20,16814.90,16608.90,16699.20,114890.00,0.00
2022-11-20,16699.30,16749.30,16209.20,16286.70,172830.00,-0.00
2022-11-21,16278.60,16287.90,15504.20,15776.20,372150.00,-0.00
2022-11-22,15776.60,16274.60,15620.40,16212.90,287210.00,0.00
2022-11-23,16216.90,16677.60,16162.30,16623.90,305080.00,0.00
2022-11-24,16604.90,16785.60,16472.00,16601.20,229590.00,-0.00
2022-11-25,16600.60,16611.80,16360.90,16512.30,204070.00,-0.00
2022-11-26,16512.30,16686.30,16387.90,16456.50,194940.00,-0.00
2022-11-27,16456.40,16595.40,16414.60,16425.60,173250.00,-0.00
2022-11-28,16426.10,16481.40,16013.50,16211.70,284840.00,-0.00
2022-11-29,16211.90,16531.40,16100.10,16440.40,271580.00,0.00
2022-11-30,16440.80,17215.50,16433.20,17163.90,348220.00,0.00
2022-12-01,17163.40,17244.70,16868.90,16972.00,266140.00,-0.00
2022-12-02,16972.20,17096.20,16799.90,17093.60,227010.00,0.00
2022-12-03,17093.40,17132.60,16862.10,16884.50,169290.00,-0.00
2022-12-04,16884.80,17198.10,16881.60,17112.60,197120.00,0.00
2022-12-05,17106.90,17395.20,16886.90,16966.50,268720.00,-0.00
2022-12-06,16966.30,17101.10,16914.90,17089.30,246190.00,0.00
2022-12-07,17089.40,17126.70,16715.30,16835.20,244360.00,-0.00
2022-12-08,16835.20,17294.20,16765.80,17225.70,261640.00,0.00
2022-12-09,17225.60,17288.60,17082.10,17125.70,260840.00,-0.00
2022-12-10,17125.70,17220.50,17105.70,17127.20,148810.00,0.00
2022-12-11,17127.00,17262.90,17080.60,17093.30,167200.00,-0.00
2022-12-12,17093.20,17232.50,16878.50,17210.40,249390.00,0.00
2022-12-13,17210.90,17951.60,17094.50,17778.60,328710.00,0.00
2022-12-14,17778.60,18351.80,17682.10,17796.40,318980.00,0.00
2022-12-15,17796.40,17846.10,17298.20,17356.10,263440.00,-0.00
2022-12-16,17356.70,17518.50,16542.40,16629.60,303560.00,-0.00
2022-12-17,16629.00,16794.40,16587.00,16777.10,164490.00,0.00
2022-12-18,16777.00,16825.70,16666.50,16741.10,124290.00,-0.00
2022-12-19,16741.10,16809.50,16331.20,16441.30,207930.00,-0.00
2022-12-20,16441.30,17031.30,16400.70,16902.80,284570.00,0.00
2022-12-21,16902.70,16919.40,16735.00,16831.80,174340.00,-0.00
2022-12-22,16831.80,16862.20,16566.10,16820.60,198280.00,-0.00
2022-12-23,16820.50,16910.70,16768.00,16779.10,184120.00,-0.00
2022-12-24,16778.60,16855.80,16777.80,16837.20,110120.00,0.00
2022-12-25,16835.70,16852.90,16733.00,16831.80,132890.00,-0.00
2022-12-26,16831.80,16936.10,16799.40,16918.10,133360.00,0.00
2022-12-27,16918.20,16964.00,16610.10,16706.10,192180.00,-0.00
2022-12-28,16705.90,16781.10,16474.20,16546.20,217960.00,-0.00
2022-12-29,16546.20,16659.10,16496.60,16636.40,181470.00,0.00
2022-12-30,16636.40,16644.40,16360.00,16607.20,192760.00,-0.00
2022-12-31,16607.20,16635.90,16487.30,16537.40,130440.00,-0.00
2023-01-01,16537.50,16621.90,16499.70,16618.40,107840.00,0.00
2023-01-02,16618.40,16766.90,16551.00,16674.30,136030.00,0.00
2023-01-03,16673.10,16773.20,16607.20,16674.20,178730.00,0.00
2023-01-04,16674.20,16976.50,16656.50,16852.10,247390.00,0.00
2023-01-05,16852.20,16877.90,16772.30,16829.80,178960.00,-0.00
2023-01-06,16829.80,17012.30,16707.60,16950.90,233470.00,0.00
2023-01-07,16950.90,16979.60,16909.70,16943.60,110480.00,-0.00
2023-01-08,16943.60,17119.00,16913.80,17119.00,144840.00,0.00
2023-01-09,17119.00,17390.80,17107.10,17180.10,301240.00,0.00
2023-01-10,17180.10,17491.00,17151.70,17439.10,247140.00,0.00
2023-01-11,17440.50,17989.80,17323.90,17942.30,291530.00,0.00
2023-01-12,17941.00,19055.30,17915.50,18851.30,522010.00,0.00
2023-01-13,18850.80,19981.60,18723.80,19927.00,426670.00,0.00
2023-01-14,19926.90,21185.60,19898.60,20958.20,458210.00,0.00
2023-01-15,20956.00,21032.20,20585.70,20879.80,205800.00,-0.00
2023-01-16,20880.10,21416.80,20698.90,21184.20,337460.00,0.00
2023-01-17,21184.40,21506.40,20926.20,21137.10,310040.00,-0.00
2023-01-18,21137.10,21584.10,20448.30,20670.60,388670.00,-0.00
2023-01-19,20670.60,21169.40,20669.70,21081.20,275760.00,0.00
2023-01-20,21074.90,22718.50,20879.30,22677.20,373740.00,0.00
2023-01-21,22677.50,23304.50,22461.10,22775.70,382690.00,0.00
2023-01-22,22775.70,23068.70,22323.00,22707.80,280640.00,-0.00
2023-01-23,22709.00,23161.80,22527.90,22915.50,327850.00,0.00
2023-01-24,22916.30,23156.10,22517.10,22632.50,334170.00,-0.00
2023-01-25,22632.50,23779.00,22366.30,23055.10,388180.00,0.00
2023-01-26,23055.20,23259.50,22869.00,23016.00,320970.00,-0.00
2023-01-27,23016.00,23480.30,22602.90,23074.60,310360.00,0.00
2023-01-28,23074.60,23182.30,22889.80,23027.90,156960.00,-0.00
2023-01-29,23023.50,23952.90,22973.30,23753.10,320860.00,0.00
2023-01-30,23746.00,23794.00,22560.00,22832.20,339620.00,-0.00
2023-01-31,22832.20,23262.90,22724.90,23125.10,289380.00,0.00
2023-02-01,23124.70,23784.50,22809.60,23725.60,333180.00,0.00
2023-02-02,23726.20,24207.20,23398.10,23427.60,382860.00,-0.00
2023-02-03,23429.10,23694.10,23233.80,23431.20,349360.00,0.00
2023-02-04,23431.20,23571.80,23269.80,23323.80,170270.00,-0.00
2023-02-05,23326.90,23423.40,22766.50,22936.00,217260.00,-0.00
2023-02-06,22936.00,23130.60,22633.70,22761.80,278580.00,-0.00
2023-02-07,22761.80,23338.80,22748.20,23251.70,318980.00,0.00
2023-02-08,23251.70,23425.10,22691.70,22964.60,289120.00,-0.00
2023-02-09,22964.60,23003.60,21744.60,21792.50,425440.00,-0.00
2023-02-10,21792.50,21933.60,21491.70,21635.00,352790.00,-0.00
2023-02-11,21627.40,21902.90,21605.30,21859.80,182070.00,0.00
2023-02-12,21859.90,22080.70,21653.10,21786.80,211650.00,-0.00
2023-02-13,21782.70,21887.50,21418.70,21772.60,312040.00,-0.00
2023-02-14,21776.90,22308.60,21556.20,22198.50,378390.00,0.00
2023-02-15,22198.50,24330.90,22050.80,24327.90,401530.00,0.00
2023-02-16,24328.10,25233.80,23525.90,23539.60,484500.00,-0.00
2023-02-17,23538.20,24984.70,23373.00,24573.50,523850.00,0.00
2023-02-18,24573.50,24838.90,24457.00,24631.40,223770.00,0.00
2023-02-19,24631.30,25175.20,24273.70,24302.90,312640.00,-0.00
2023-02-20,24302.80,25085.40,23868.60,24839.50,363020.00,0.00
2023-02-21,24839.50,25236.80,24160.80,24450.70,395970.00,-0.00
2023-02-22,24450.70,24474.30,23593.40,24186.60,400240.00,-0.00
2023-02-23,24186.60,24590.40,23637.90,23936.30,417460.00,-0.00
2023-02-24,23936.40,24123.40,22970.30,23191.50,367990.00,-0.00
2023-02-25,23191.30,23215.30,22777.40,23166.10,198350.00,-0.00
2023-02-26,23166.10,23671.80,23066.00,23558.70,209120.00,0.00
2023-02-27,23558.70,23876.20,23166.80,23494.10,297650.00,-0.00
2023-02-28,23494.00,23595.00,23033.80,23130.50,275100.00,-0.00
2023-03-01,23130.60,23914.10,23025.30,23642.20,328770.00,0.00
2023-03-02,23642.20,23780.50,23208.70,23465.40,249260.00,-0.00
2023-03-03,23465.60,23473.40,22051.90,22354.40,344630.00,-0.00
2023-03-04,22354.70,22403.70,22167.40,22347.10,123930.00,-0.00
2023-03-05,22347.10,22636.70,22213.50,22428.30,160570.00,0.00
2023-03-06,22428.20,22595.40,22320.10,22410.00,215310.00,-0.00
2023-03-07,22410.10,22535.10,21968.60,22197.80,304750.00,-0.00
2023-03-08,22197.80,22274.30,21661.30,21710.80,316510.00,-0.00
2023-03-09,21710.80,21826.50,20079.60,20361.80,468760.00,-0.00
2023-03-10,20362.00,20362.60,19591.80,20156.70,655270.00,-0.00
2023-03-11,20156.50,20669.50,19796.70,20467.50,453460.00,0.00
2023-03-12,20465.00,22028.60,20294.20,21994.80,455690.00,0.00
2023-03-13,21994.80,24406.20,21859.60,24114.40,733630.00,0.00
2023-03-14,24121.50,26365.90,23994.60,24699.70,753060.00,0.00
2023-03-15,24699.60,25108.90,23932.40,24282.70,614310.00,-0.00
2023-03-16,24283.20,25139.00,24147.90,25004.10,462580.00,0.00
2023-03-17,25004.40,27742.20,24900.10,27391.80,674960.00,0.00
2023-03-18,27391.90,27659.10,26688.70,26914.50,392470.00,-0.00
2023-03-19,26914.50,28347.30,26844.60,27958.70,393270.00,0.00
2023-03-20,27958.90,28457.80,27157.00,27720.50,503900.00,-0.00
2023-03-21,27719.80,28437.80,27350.60,28114.00,438780.00,0.00
2023-03-22,28114.20,28760.30,26668.70,27261.70,262030.00,-0.00
2023-03-23,27262.80,28734.10,27144.60,28310.70,158460.00,0.00
2023-03-24,28306.90,28374.50,27026.50,27462.20,110360.00,-0.00
2023-03-25,27462.20,27761.90,27176.70,27475.60,61360.00,0.00
2023-03-26,27474.90,28153.70,27429.10,27973.50,60640.00,0.00
2023-03-27,27974.80,28023.30,26611.50,27129.80,107240.00,-0.00
2023-03-28,27127.80,27465.00,26665.60,27262.20,94160.00,0.00
2023-03-29,27262.90,28627.40,27249.80,28350.40,109320.00,0.00
2023-03-30,28350.30,29160.40,27716.70,28029.50,122510.00,-0.00
2023-03-31,28029.30,28646.30,27587.50,28473.70,98440.00,0.00
2023-04-01,28473.70,28795.10,28285.60,28456.10,38090.00,-0.00
2023-04-02,28456.10,28522.80,27871.70,28198.30,45040.00,-0.00
2023-04-03,28194.70,28458.40,27256.90,27802.10,98000.00,-0.00
2023-04-04,27802.20,28429.10,27668.90,28164.40,64060.00,0.00
2023-04-05,28164.40,28744.40,27823.50,28173.50,77320.00,0.00
2023-04-06,28173.50,28173.50,27734.50,28036.70,51290.00,-0.00
2023-04-07,28037.60,28102.50,27779.40,27910.40,30940.00,-0.00
2023-04-08,27910.40,28153.10,27863.80,27941.20,23730.00,0.00
2023-04-09,27941.20,28522.70,27809.20,28326.60,39350.00,0.00
2023-04-10,28326.50,29755.40,28182.90,29641.00,85730.00,0.00
2023-04-11,29641.00,30484.60,29597.80,30209.60,89380.00,0.00
2023-04-12,30209.80,30473.00,29679.50,29886.40,78690.00,-0.00
2023-04-13,29892.40,30524.10,29864.50,30387.40,65870.00,0.00
2023-04-14,30387.40,30964.90,30026.00,30472.50,98380.00,0.00
2023-04-15,30472.60,30586.50,30208.80,30299.60,31710.00,-0.00
2023-04-16,30299.20,30545.30,30134.60,30310.30,34480.00,0.00
2023-04-17,30310.80,30312.20,29274.00,29434.90,71900.00,-0.00
2023-04-18,29434.10,30470.10,29149.20,30382.20,76580.00,0.00
2023-04-19,30382.20,30408.40,28641.10,28813.70,111270.00,-0.00
2023-04-20,28813.70,29082.10,28032.40,28240.50,95450.00,-0.00
2023-04-21,28240.50,28353.40,27171.10,27264.80,98720.00,-0.00
2023-04-22,27264.80,27872.00,27165.70,27813.90,44300.00,0.00
2023-04-23,27813.80,27815.00,27388.50,27591.40,41770.00,-0.00
2023-04-24,27591.40,27978.80,27054.30,27509.30,66740.00,-0.00
2023-04-25,27510.10,28375.60,27201.10,28298.80,65310.00,0.00
2023-04-26,28298.80,29995.70,27307.80,28424.60,164310.00,0.00
2023-04-27,28424.50,29859.80,28392.40,29475.90,121630.00,0.00
2023-04-28,29475.90,29587.20,28927.80,29321.80,69880.00,-0.00
2023-04-29,29318.40,29425.50,29058.50,29234.10,25720.00,-0.00
2023-04-30,29235.10,29941.30,29095.00,29252.10,47620.00,0.00
2023-05-01,29252.10,29329.60,27685.90,28077.60,84360.00,-0.00
2023-05-02,28079.00,28877.40,27913.20,28669.10,65330.00,0.00
2023-05-03,28669.10,29244.70,28164.40,29023.60,81220.00,0.00
2023-05-04,29023.60,29352.70,28687.40,28842.10,53800.00,-0.00
2023-05-05,28842.20,29653.90,28825.30,29513.20,74520.00,0.00
2023-05-06,29512.80,29816.40,28414.90,28857.10,58940.00,-0.00
2023-05-07,28857.10,29122.00,28419.60,28424.80,36500.00,-0.00
2023-05-08,28424.80,28627.80,27280.30,27670.50,85720.00,-0.00
2023-05-09,27670.50,27816.00,27366.30,27634.90,49750.00,-0.00
2023-05-10,27634.30,28311.70,26885.70,27603.30,91450.00,-0.00
2023-05-11,27604.30,27607.40,26766.20,26983.50,62850.00,-0.00
2023-05-12,26983.10,27044.00,25853.10,26799.20,87490.00,-0.00
2023-05-13,26798.70,27011.90,26695.60,26777.50,27950.00,-0.00
2023-05-14,26777.40,27176.10,26609.90,26920.00,26350.00,0.00
2023-05-15,26920.40,27651.70,26752.10,27183.90,53270.00,0.00
2023-05-16,27183.90,27295.30,26881.90,27035.30,45290.00,-0.00
2023-05-17,27035.50,27465.30,26597.70,27403.10,58140.00,0.00
2023-05-18,27403.80,27467.00,26449.80,26828.00,63390.00,-0.00
2023-05-19,26828.20,27154.70,26711.30,26882.90,36670.00,0.00
2023-05-20,26883.00,27147.20,26831.30,27116.20,17720.00,0.00
2023-05-21,27116.20,27257.10,26677.60,26749.90,27420.00,-0.00
2023-05-22,26749.90,27048.90,26546.10,26847.30,35560.00,0.00
2023-05-23,26851.60,27448.10,26804.10,27220.70,50890.00,0.00
2023-05-24,27220.70,27220.70,26088.70,26328.40,72650.00,-0.00
2023-05-25,26327.10,26589.20,25892.50,26475.80,50170.00,0.00
2023-05-26,26475.50,26911.60,26330.00,26711.50,45880.00,0.00
2023-05-27,26711.20,26882.90,26591.20,26857.50,18680.00,0.00
2023-05-28,26855.30,28181.90,26788.50,28071.20,55230.00,0.00
2023-05-29,28068.40,28431.20,27548.80,27739.40,54560.00,-0.00
2023-05-30,27738.90,28033.60,27583.80,27698.20,45190.00,-0.00
2023-05-31,27696.90,27825.00,26865.10,27216.10,63080.00,-0.00
2023-06-01,27216.40,27340.90,26662.30,26819.00,51980.00,-0.00
2023-06-02,26819.00,27299.40,26541.30,27244.70,49370.00,0.00
2023-06-03,27246.00,27317.50,26931.40,27072.00,20620.00,-0.00
2023-06-04,27070.90,27410.20,26956.10,27122.30,23810.00,0.00
2023-06-05,27122.30,27125.50,25437.50,25747.40,85420.00,-0.00
2023-06-06,25745.60,27325.20,25425.60,27230.20,88610.00,0.00
2023-06-07,27230.20,27342.00,26141.00,26342.50,77480.00,-0.00
2023-06-08,26341.80,26784.40,26231.30,26501.10,39950.00,0.00
2023-06-09,26501.10,26773.90,26326.70,26479.30,38960.00,-0.00
2023-06-10,26479.30,26525.10,25468.30,25844.00,83570.00,-0.00
2023-06-11,25843.30,26190.10,25660.80,25928.40,39200.00,0.00
2023-06-12,25927.90,26080.70,25635.00,25906.80,40750.00,-0.00
2023-06-13,25906.90,26428.90,25726.40,25929.40,56240.00,0.00
2023-06-14,25929.00,26051.70,24847.40,25129.50,60820.00,-0.00
2023-06-15,25129.50,25732.80,24838.00,25591.30,68380.00,0.00
2023-06-16,25591.90,26472.80,25276.00,26341.30,69240.00,0.00
2023-06-17,26341.30,26767.30,26183.50,26515.00,35860.00,0.00
2023-06-18,26515.00,26679.30,26290.60,26339.70,27310.00,-0.00
2023-06-19,26339.70,27029.70,26295.10,26845.90,46450.00,0.00
2023-06-20,26845.90,28393.00,26665.50,28307.70,100550.00,0.00
2023-06-21,28307.70,30769.50,28270.50,29996.90,143490.00,0.00
2023-06-22,29992.80,30497.80,29590.40,29890.50,79220.00,-0.00
2023-06-23,29890.20,31395.40,29822.60,30679.40,98850.00,0.00
2023-06-24,30680.70,30795.30,30269.40,30533.60,38150.00,-0.00
2023-06-25,30533.60,31040.20,30315.80,30465.30,37120.00,-0.00
2023-06-26,30466.30,30645.90,29986.30,30267.00,58710.00,-0.00
2023-06-27,30267.00,30993.70,30231.30,30689.10,55820.00,0.00
2023-06-28,30691.90,30703.40,29919.50,30078.60,51060.00,-0.00
2023-06-29,30077.30,30823.10,30051.30,30445.70,49570.00,0.00
2023-06-30,30445.70,31275.50,29714.50,30472.90,118650.00,0.00
2023-07-01,30472.90,30649.90,30329.00,30586.80,22460.00,0.00
2023-07-02,30587.10,30769.00,30227.90,30617.70,28820.00,0.00
2023-07-03,30617.50,31377.00,30581.50,31151.30,56490.00,0.00
2023-07-04,31152.00,31326.50,30657.80,30768.40,42120.00,-0.00
2023-07-05,30768.60,30875.60,30233.30,30512.80,43230.00,-0.00
2023-07-06,30512.80,31463.60,29869.00,29913.10,90810.00,-0.00
2023-07-07,29912.70,30442.00,29757.40,30346.40,46420.00,0.00
2023-07-08,30346.80,30379.90,30055.90,30288.80,17410.00,-0.00
2023-07-09,30288.80,30425.50,30071.90,30166.90,20050.00,-0.00
2023-07-10,30166.90,31019.60,29969.10,30415.30,55240.00,0.00
2023-07-11,30414.20,30782.20,30333.80,30623.30,39840.00,0.00
2023-07-12,30623.30,30951.30,30231.70,30387.30,54060.00,-0.00
2023-07-13,30387.30,31764.50,30260.00,31466.10,99810.00,0.00
2023-07-14,31465.40,31602.60,29944.30,30317.40,82420.00,-0.00
2023-07-15,30316.80,30395.40,30246.90,30291.40,17060.00,-0.00
2023-07-16,30291.80,30435.00,30075.40,30235.50,20310.00,-0.00
2023-07-17,30235.50,30335.90,29693.30,30139.70,42840.00,-0.00
2023-07-18,30139.70,30242.40,29624.60,29866.80,42400.00,-0.00
2023-07-19,29866.70,30185.50,29789.30,29909.70,34960.00,0.00
2023-07-20,29909.70,30408.00,29621.40,29801.00,50330.00,-0.00
2023-07-21,29801.00,30058.90,29739.90,29903.10,32590.00,0.00
2023-07-22,29904.50,29988.00,29657.30,29788.90,18470.00,-0.00
2023-07-23,29788.90,30337.00,29735.70,30085.90,23320.00,0.00
2023-07-24,30085.90,30098.20,28890.70,29178.10,55730.00,-0.00
2023-07-25,29178.30,29365.40,29058.70,29228.60,29050.00,0.00
2023-07-26,29228.80,29681.80,29109.70,29352.20,44330.00,0.00
2023-07-27,29352.90,29568.80,29094.00,29222.70,30420.00,-0.00
2023-07-28,29222.70,29533.00,29125.10,29315.00,31420.00,0.00
2023-07-29,29315.00,29400.10,29256.90,29353.50,13900.00,0.00
2023-07-30,29354.20,29446.60,29054.50,29281.70,20580.00,-0.00
2023-07-31,29282.00,29502.30,29128.30,29232.40,31840.00,-0.00
2023-08-01,29232.30,29712.20,28611.00,29712.20,64010.00,0.00
2023-08-02,29711.80,30025.90,28961.60,29173.70,67410.00,-0.00
2023-08-03,29180.90,29409.80,28981.00,29189.30,36080.00,0.00
2023-08-04,29189.10,29319.10,28875.80,29105.50,31430.00,-0.00
2023-08-05,29105.60,29139.30,28983.00,29068.10,14550.00,-0.00
2023-08-06,29067.90,29198.90,28987.40,29081.30,16030.00,0.00
2023-08-07,29081.30,29270.20,28721.00,29204.20,41190.00,0.00
2023-08-08,29204.20,30168.60,29137.70,29777.40,62570.00,0.00
2023-08-09,29771.30,30104.00,29384.20,29578.00,49670.00,-0.00
2023-08-10,29578.00,29719.40,29377.50,29449.00,32000.00,-0.00
2023-08-11,29448.90,29544.90,29271.20,29420.80,27710.00,-0.00
2023-08-12,29420.80,29480.80,29375.40,29428.20,11070.00,0.00
2023-08-13,29428.20,29468.50,29272.30,29300.10,13490.00,-0.00
2023-08-14,29300.10,29689.00,29116.00,29426.70,39300.00,0.00
2023-08-15,29426.70,29472.00,29118.60,29195.30,33810.00,-0.00
2023-08-16,29195.30,29251.10,28717.60,28726.30,43710.00,-0.00
2023-08-17,28726.10,28771.80,25489.40,26635.70,132920.00,-0.00
2023-08-18,26635.70,26801.90,25691.00,26053.20,93050.00,-0.00
2023-08-19,26053.30,26262.20,25799.50,26099.40,33040.00,0.00
2023-08-20,26099.50,26269.10,25998.50,26190.80,24000.00,0.00
2023-08-21,26190.80,26220.90,25850.80,26126.00,41100.00,-0.00
2023-08-22,26126.80,26138.80,25481.90,26039.90,47720.00,-0.00
2023-08-23,26042.00,26807.70,25812.60,26436.20,60960.00,0.00
2023-08-24,26436.20,26560.50,25943.60,26177.00,41040.00,-0.00
2023-08-25,26176.10,26265.70,25811.60,26057.20,39960.00,-0.00
2023-08-26,26057.20,26114.10,25993.50,26017.10,12090.00,-0.00
2023-08-27,26017.10,26176.80,25968.70,26100.60,14290.00,0.00
2023-08-28,26100.60,26215.70,25891.00,26118.90,28840.00,0.00
2023-08-29,26118.10,28046.00,25919.80,27723.90,98320.00,0.00
2023-08-30,27723.90,27757.30,27043.20,27298.80,46540.00,-0.00
2023-08-31,27300.60,27464.50,25731.00,25937.30,69110.00,-0.00
2023-09-01,25938.30,26144.90,25361.90,25803.20,58080.00,-0.00
2023-09-02,25803.50,25977.40,25752.70,25869.70,21240.00,0.00
2023-09-03,25869.70,26090.40,25816.60,25971.00,21360.00,0.00
2023-09-04,25971.00,26094.20,25660.90,25823.30,27130.00,-0.00
2023-09-05,25824.40,25864.00,25596.30,25790.20,28400.00,-0.00
2023-09-06,25790.10,26018.40,25411.70,25758.00,37780.00,-0.00
2023-09-07,25758.00,26417.70,25626.50,26249.80,39770.00,0.00
2023-09-08,26248.50,26415.40,25701.60,25909.50,41010.00,-0.00
2023-09-09,25909.50,25938.50,25814.30,25901.10,13480.00,-0.00
2023-09-10,25901.10,25995.10,25626.70,25840.20,23600.00,-0.00
2023-09-11,25840.20,25897.40,24923.10,25166.40,56320.00,-0.00
2023-09-12,25166.40,26472.60,25133.50,25834.50,78710.00,0.00
2023-09-13,25836.10,26382.30,25766.90,26223.00,42580.00,0.00
2023-09-14,26223.00,26760.30,26148.60,26524.70,53820.00,0.00
2023-09-15,26523.30,26837.40,26233.10,26601.00,36470.00,0.00
2023-09-16,26599.90,26769.00,26463.50,26562.00,18450.00,-0.00
2023-09-17,26562.00,26614.40,26408.70,26529.10,16570.00,-0.00
2023-09-18,26530.30,27413.30,26405.20,26763.50,63350.00,0.00
2023-09-19,26759.00,27480.70,26672.20,27209.20,52170.00,0.00
2023-09-20,27209.20,27378.60,26851.80,27125.00,47230.00,-0.00
2023-09-21,27125.20,27155.60,26382.30,26570.00,47810.00,-0.00
2023-09-22,26569.50,26736.40,26488.50,26581.90,28790.00,0.00
2023-09-23,26581.70,26636.20,26517.50,26579.20,12920.00,-0.00
2023-09-24,26579.00,26727.60,26162.20,26251.50,22320.00,-0.00
2023-09-25,26251.60,26423.60,26013.60,26302.70,38200.00,0.00
2023-09-26,26303.10,26396.20,26093.40,26218.90,26410.00,-0.00
2023-09-27,26218.90,26836.90,26109.10,26366.10,50800.00,0.00
2023-09-28,26368.20,27283.60,26339.40,27022.60,64560.00,0.00
2023-09-29,27022.60,27229.50,26728.80,26909.80,42240.00,-0.00
2023-09-30,26908.10,27085.70,26887.50,26962.70,17550.00,0.00
2023-10-01,26962.50,28038.40,26955.70,27974.50,35110.00,0.00
2023-10-02,27974.60,28556.60,27325.20,27505.30,84300.00,-0.00
2023-10-03,27501.60,27670.80,27194.10,27428.40,44060.00,-0.00
2023-10-04,27428.70,27832.70,27242.50,27790.90,40930.00,0.00
2023-10-05,27783.50,28089.10,27371.70,27410.30,46260.00,-0.00
2023-10-06,27410.30,28223.60,27195.70,27936.90,52510.00,0.00
2023-10-07,27935.50,28021.30,27859.00,27961.10,17290.00,0.00
2023-10-08,27961.10,28097.50,27714.40,27922.70,24110.00,-0.00
2023-10-09,27922.70,27986.40,27279.50,27581.40,44810.00,-0.00
2023-10-10,27581.50,27728.10,27300.10,27391.00,34320.00,-0.00
2023-10-11,27391.90,27475.90,26558.40,26876.60,55780.00,-0.00
2023-10-12,26878.20,26942.80,26565.30,26761.10,32750.00,-0.00
2023-10-13,26761.10,27114.80,26682.90,26863.50,33660.00,0.00
2023-10-14,26863.50,26975.70,26805.10,26852.80,13560.00,-0.00
2023-10-15,26852.80,27286.90,26812.60,27161.20,21950.00,0.00
2023-10-16,27161.20,29969.50,27119.70,28509.70,119180.00,0.00
2023-10-17,28508.30,28608.50,28096.90,28403.60,53420.00,-0.00
2023-10-18,28405.20,28876.00,28169.00,28321.70,45010.00,-0.00
2023-10-19,28321.80,28883.80,28170.20,28723.00,50100.00,0.00
2023-10-20,28724.00,30165.90,28586.10,29674.50,82680.00,0.00
2023-10-21,29674.70,30264.80,29469.10,29912.90,34680.00,0.00
2023-10-22,29912.70,30193.40,29713.60,29984.20,29070.00,0.00
2023-10-23,29984.20,34375.60,29891.40,33041.80,133460.00,0.00
2023-10-24,33037.30,35191.40,32866.50,33917.00,159080.00,0.00
2023-10-25,33917.00,35123.90,33713.40,34496.80,75810.00,0.00
2023-10-26,34497.60,34826.00,33749.90,34153.70,56620.00,-0.00
2023-10-27,34153.70,34245.80,33423.60,33901.80,47330.00,-0.00
2023-10-28,33901.60,34387.80,33867.30,34082.60,22000.00,0.00
2023-10-29,34082.60,34737.90,33937.60,34526.70,27720.00,0.00
2023-10-30,34526.70,34853.30,34089.50,34477.90,45200.00,-0.00
2023-10-31,34478.90,34704.60,34053.90,34650.60,43400.00,0.00
2023-11-01,34648.30,35557.50,34138.70,35423.80,71660.00,0.00
2023-11-02,35423.80,35907.60,34357.40,34931.40,63660.00,-0.00
2023-11-03,34931.40,34940.60,34124.20,34718.70,54540.00,-0.00
2023-11-04,34718.60,35242.20,34601.10,35065.80,23800.00,0.00
2023-11-05,35065.80,35360.20,34550.00,35019.40,31020.00,-0.00
2023-11-06,35020.30,35275.60,34742.90,35042.00,29810.00,0.00
2023-11-07,35042.10,35877.90,34536.90,35426.10,53490.00,0.00
2023-11-08,35426.20,36050.20,35148.80,35636.90,46330.00,0.00
2023-11-09,35636.90,37942.00,35578.10,36700.50,115560.00,0.00
2023-11-10,36700.50,37496.10,36347.20,37303.00,59560.00,0.00
2023-11-11,37306.30,37401.30,36767.60,37150.50,29530.00,-0.00
2023-11-12,37149.00,37215.30,36761.90,37064.40,21450.00,-0.00
2023-11-13,37067.80,37404.60,36358.40,36478.30,44550.00,-0.00
2023-11-14,36478.30,36744.50,34984.30,35549.30,63560.00,-0.00
2023-11-15,35549.30,37954.10,35379.60,37874.90,75510.00,0.00
2023-11-16,37873.90,37907.60,35561.60,36161.20,66920.00,-0.00
2023-11-17,36161.80,36690.60,35875.20,36595.40,51370.00,0.00
2023-11-18,36617.50,36845.20,36220.60,36568.60,20880.00,-0.00
2023-11-19,36568.60,37504.60,36393.30,37354.20,26140.00,0.00
2023-11-20,37356.60,37735.60,36857.60,37454.10,51800.00,0.00
2023-11-21,37452.70,37631.20,35799.20,35813.60,71070.00,-0.00
2023-11-22,35797.50,37862.50,35695.60,37410.80,64810.00,0.00
2023-11-23,37410.80,37642.50,36915.30,37293.10,32350.00,-0.00
2023-11-24,37295.00,38400.80,37257.40,37717.30,65830.00,0.00
2023-11-25,37718.60,37887.40,37599.90,37787.00,16090.00,0.00
2023-11-26,37786.40,37819.10,37166.30,37451.80,29200.00,-0.00
2023-11-27,37451.80,37563.30,36751.50,37248.60,45240.00,-0.00
2023-11-28,37244.30,38379.40,36881.10,37823.30,57500.00,0.00
2023-11-29,37823.30,38362.90,37607.60,37855.50,49340.00,0.00
2023-11-30,37857.60,38144.40,37509.20,37712.90,33530.00,-0.00
2023-12-01,37712.90,38950.80,37618.30,38688.20,62500.00,0.00
2023-12-02,38688.20,39673.40,38646.50,39458.40,37090.00,0.00
2023-12-03,39456.80,40178.90,39280.30,39970.20,35270.00,0.00
2023-12-04,39968.60,42394.40,39968.60,41987.80,104210.00,0.00
2023-12-05,41989.60,44424.10,41424.90,44076.20,96840.00,0.00
2023-12-06,44076.20,44283.70,43466.70,43776.30,72520.00,-0.00
2023-12-07,43774.40,44046.40,42860.50,43289.70,63090.00,-0.00
2023-12-08,43288.30,44697.60,43108.40,44175.50,58440.00,0.00
2023-12-09,44175.50,44361.20,43617.40,43718.40,31670.00,-0.00
2023-12-10,43716.60,44045.40,43576.80,43791.00,23810.00,0.00
2023-12-11,43791.00,43806.30,40277.10,41256.10,105190.00,-0.00
2023-12-12,41256.10,42070.90,40691.50,41487.00,57040.00,0.00
2023-12-13,41487.00,43417.50,40649.30,42884.50,63110.00,0.00
2023-12-14,42886.30,43392.70,41591.20,43025.90,59150.00,0.00
2023-12-15,43025.20,43080.70,41697.90,41929.00,45280.00,-0.00
2023-12-16,41929.00,42690.30,41698.20,42271.70,30110.00,0.00
2023-12-17,42271.70,42413.20,41276.90,41368.70,35460.00,-0.00
2023-12-18,41369.10,42728.00,40554.00,42659.70,61580.00,0.00
2023-12-19,42659.70,43473.30,41842.70,42259.30,55290.00,-0.00
2023-12-20,42259.50,44278.70,42217.20,43662.80,70190.00,0.00
2023-12-21,43660.30,44241.80,43310.20,43865.90,48960.00,0.00
2023-12-22,43865.90,44394.60,43419.30,43968.90,44500.00,0.00
2023-12-23,43968.90,43994.60,43325.70,43710.40,21290.00,-0.00
2023-12-24,43710.40,43935.70,42748.50,42981.50,30860.00,-0.00
2023-12-25,42982.00,43792.70,42745.30,43578.50,32670.00,0.00
2023-12-26,43579.90,43594.90,41796.60,42513.30,56030.00,-0.00
2023-12-27,42514.30,43676.70,42115.30,43446.50,50100.00,0.00
2023-12-28,43446.50,43782.60,42309.30,42581.10,49840.00,-0.00
2023-12-29,42581.10,42931.80,42160.60,42850.50,46700.00,0.00
2023-12-30,42066.90,42209.20,41540.70,41623.00,,-0.00
2023-12-31,42140.30,42899.00,41965.80,42283.60,,0.00
2024-01-01,42283.60,42780.00,42180.80,42646.60,,0.00
2024-01-02,44179.60,45879.60,44148.30,45734.20,,0.00
2024-01-03,44946.90,45500.00,40750.00,42845.20,,-0.00
2024-01-04,42845.20,44729.60,42613.80,44151.10,,0.00
2024-01-05,44151.10,44183.20,44138.40,44172.20,36.80,0.00
2024-01-06,44145.10,44214.40,43397.10,43968.30,,-0.00
2024-01-07,43968.30,44480.60,43572.10,43929.00,,-0.00
2024-01-08,43929.00,47249.00,43175.00,46951.00,,0.00
2024-01-09,46951.00,47972.00,44748.70,46110.00,,-0.00
2024-01-10,46110.00,47695.90,44300.40,46654.00,,0.00
2024-01-11,46654.00,46750.00,45618.10,46238.00,,-0.00
2024-01-12,46339.20,46515.50,44032.00,44133.60,,-0.00
2024-01-13,42782.70,43257.00,42436.10,42848.00,,0.00
2024-01-14,42848.00,43079.00,41720.00,41732.30,,-0.00
2024-01-15,41732.30,42161.20,41718.10,42150.10,883.10,0.00
2024-01-16,42511.10,43553.20,42050.00,43553.20,,0.00
2024-01-17,43137.90,43198.00,42200.70,42776.10,,-0.00
2024-01-18,42776.10,42930.00,40683.30,41327.50,,-0.00
2024-01-19,41327.50,42196.90,40280.00,41659.00,,0.00
2024-01-20,41659.00,41872.60,41456.30,41696.00,,0.00
2024-01-21,41696.10,41881.40,41501.00,41580.30,,-0.00
2024-01-22,41580.30,41689.70,39431.60,39568.00,,-0.00
2024-01-23,39568.00,40176.70,38555.00,39897.60,,0.00
2024-01-24,39897.60,40555.00,39484.20,40084.90,,0.00
2024-01-25,40084.90,40300.20,39792.00,39942.00,,-0.00
2024-01-26,39961.10,42246.80,39822.50,41823.50,,0.00
2024-01-27,41823.50,42200.00,41394.30,42120.60,,0.00
2024-01-28,42120.60,42842.70,41620.80,42031.10,,-0.00
2024-01-29,42031.10,43333.00,41804.90,43302.70,,0.00
2024-01-30,43302.70,43882.40,42684.00,42941.10,,-0.00
2024-01-31,42941.10,43107.80,42355.00,42674.20,,-0.00
2024-02-01,42580.00,43285.10,41884.30,43082.90,,0.00
2024-02-02,43082.90,43488.00,42546.80,43200.00,,0.00
2024-02-03,43200.00,43380.00,42880.00,43011.10,,-0.00
2024-02-04,43011.10,43119.00,42222.00,42582.90,,-0.00
2024-02-05,42582.90,43269.00,42258.10,43213.90,,0.00
2024-02-06,42708.70,43400.00,42574.00,43098.90,,0.00
2024-02-07,43099.00,44396.50,42788.00,44349.60,,0.00
2024-02-08,44349.60,45614.30,44331.10,45288.70,,0.00
2024-02-09,45288.70,48200.00,45242.10,47132.80,,0.00
2024-02-10,47132.80,48170.00,46800.00,47751.10,,0.00
2024-02-11,47751.10,48592.70,47557.20,48300.00,,0.00
2024-02-12,48300.00,50334.80,47710.00,49917.30,,0.00
2024-02-13,49917.30,50368.60,48300.90,49699.60,,-0.00
2024-02-14,49699.60,52043.70,49225.00,51795.20,,0.00
2024-02-15,51795.20,52816.60,51314.00,51880.00,,0.00
2024-02-16,51880.00,52572.10,51566.00,52124.10,,0.00
2024-02-17,52124.10,52162.80,50625.00,51642.60,,-0.00
2024-02-18,51642.60,52377.00,51163.30,52137.70,,0.00
2024-02-19,52137.70,52488.80,51677.00,51774.70,,-0.00
2024-02-20,51774.70,52985.00,50760.40,52258.80,,0.00
2024-02-21,52258.80,52366.80,50625.00,51849.40,,-0.00
2024-02-22,51849.40,52065.80,50940.80,51288.40,,-0.00
2024-02-23,51288.40,51548.50,50521.00,50744.20,,-0.00
2024-02-24,50744.20,51698.00,50585.00,51568.20,,0.00
2024-02-25,51568.20,51958.60,51279.80,51728.80,,0.00
2024-02-26,51728.80,54910.00,50901.40,54476.50,,0.00
2024-02-27,54476.50,57588.20,54450.10,57037.30,,0.00
2024-02-28,57037.30,64000.00,56691.80,62432.10,,0.00
2024-02-29,62432.10,63676.30,60364.70,61131.00,,-0.00
2024-03-01,61131.00,63114.20,60777.00,62387.90,,0.00
2024-03-02,62387.90,62433.20,61561.10,61987.30,,-0.00
2024-03-03,61987.30,63231.90,61320.00,63114.00,,0.00
2024-03-04,63114.00,68499.00,62300.00,68245.70,,0.00
2024-03-05,68245.70,69000.00,59005.00,63724.00,,-0.00
2024-03-06,63724.00,67641.10,62779.10,66074.00,,0.00
2024-03-07,66074.00,67980.00,65551.00,66823.20,,0.00
2024-03-08,66823.20,69990.00,66082.70,68124.20,,0.00
2024-03-09,68124.20,68541.10,67861.10,68313.30,,0.00
2024-03-10,68313.30,69887.60,68094.80,68955.90,,0.00
2024-03-11,68955.90,72800.00,67025.00,72078.10,,0.00
2024-03-12,72078.10,73000.00,68620.80,71452.00,,-0.00
2024-03-13,71452.00,73650.20,71333.30,73072.40,,0.00
2024-03-14,73072.40,73777.00,68555.00,71388.90,,-0.00
2024-03-15,71388.90,72419.70,65600.00,69499.90,,-0.00
2024-03-16,69499.80,70043.00,64780.00,65300.60,,-0.00
2024-03-17,65300.60,68904.40,64533.00,68463.40,,0.00
2024-03-18,68393.50,68956.00,66565.20,67610.00,,-0.00
2024-03-19,67610.00,68124.10,61555.00,61937.40,,-0.00
2024-03-20,61937.40,68100.00,60775.00,67840.50,,0.00
2024-03-21,67840.50,68240.50,64529.00,65501.30,,-0.00
2024-03-22,65501.30,66649.60,62260.00,63796.60,,-0.00
2024-03-23,63796.60,65999.00,63000.00,63990.00,,0.00
2024-03-24,63990.00,67628.70,63772.30,67210.00,,0.00
2024-03-25,67210.00,71150.00,66385.10,69880.00,,0.00
2024-03-26,69880.00,71561.10,69280.00,69988.00,,0.00
2024-03-27,69988.00,71769.50,68359.20,69470.00,,-0.00
2024-03-28,69470.00,71552.10,68903.60,70780.60,,0.00
2024-03-29,70780.60,70916.20,69009.00,69850.50,,-0.00
2024-03-30,69850.50,70321.10,69540.00,69582.20,,-0.00
2024-03-31,69582.20,71366.00,69563.00,71280.00,,0.00
2024-04-01,71280.00,71288.20,68062.90,69649.80,,-0.00
2024-04-02,69649.80,69674.20,64550.00,65464.00,,-0.00
2024-04-03,65464.00,66903.60,64493.10,65963.30,,0.00
2024-04-04,65963.30,69309.90,65064.50,68487.80,,0.00
2024-04-05,68487.80,68756.70,65952.60,67820.60,,-0.00
2024-04-06,67820.60,69692.00,67447.80,68896.00,,0.00
2024-04-07,68896.00,70326.30,68824.00,69360.40,,0.00
2024-04-08,69360.40,72798.00,69043.20,71620.00,,0.00
2024-04-09,71620.00,71758.20,68210.00,69146.00,,-0.00
2024-04-10,69146.00,71172.10,67518.00,70631.10,,0.00
2024-04-11,70631.10,71305.90,69567.20,70006.20,,-0.00
2024-04-12,70006.20,71227.50,65086.90,67116.50,,-0.00
2024-04-13,67116.50,67929.00,60660.60,63924.50,,-0.00
2024-04-14,63924.50,65840.00,62134.00,65661.80,,0.00
2024-04-15,65661.90,66867.10,62274.40,63420.00,,-0.00
2024-04-16,63420.00,64365.00,61600.00,63793.40,,0.00
2024-04-17,63793.40,64499.00,59678.20,61277.40,,-0.00
2024-04-18,61277.40,64117.10,60803.30,63470.10,,0.00
2024-04-19,63470.10,65450.00,59600.00,63818.00,,0.00
2024-04-20,63818.00,65419.00,63090.10,64940.60,,0.00
2024-04-21,64940.60,65695.60,64237.50,64941.20,,0.00
2024-04-22,64941.20,67232.40,64500.00,66819.30,,0.00
2024-04-23,66819.30,67183.00,65765.80,66414.00,,-0.00
2024-04-24,66414.00,67070.40,63606.10,64289.60,,-0.00
2024-04-25,64289.60,65297.90,62794.00,64498.30,,0.00
2024-04-26,64498.30,64820.00,63297.50,63770.00,,-0.00
2024-04-27,63770.00,63923.40,62391.20,63462.00,,-0.00
2024-04-28,63462.00,64370.00,63345.60,63654.80,,0.00
2024-04-29,63118.60,64228.30,61765.50,63866.00,,0.00
2024-04-30,63866.00,64734.00,59191.60,60672.00,,-0.00
2024-05-01,60672.00,60841.60,56552.80,58365.00,,-0.00
2024-05-02,58365.00,59625.00,56911.80,59060.60,,0.00
2024-05-03,59060.60,63333.00,58811.30,62882.00,,0.00
2024-05-04,62882.00,64540.00,62541.00,63892.00,,0.00
2024-05-05,63892.00,64646.00,62822.20,64012.00,,0.00
2024-05-06,64012.00,65500.00,62700.00,63165.20,,-0.00
2024-05-07,63165.20,64422.40,62261.00,62312.10,,-0.00
2024-05-08,62312.10,63020.20,60888.00,61193.00,,-0.00
2024-05-09,61193.00,63429.00,60630.00,63074.00,,0.00
2024-05-10,63074.00,63469.10,60187.10,60800.00,,-0.00
2024-05-11,60800.00,61515.00,60487.10,60826.00,,0.00
2024-05-12,60826.00,61888.00,60610.00,61484.00,,0.00
2024-05-13,61484.00,63450.00,60749.20,62940.10,,0.00
2024-05-14,62940.10,63118.40,61142.80,61577.50,,-0.00
2024-05-15,61577.50,66444.20,61319.50,66206.50,,0.00
2024-05-16,66206.50,66752.00,64602.80,65235.20,,-0.00
2024-05-17,65235.20,67451.20,65106.40,67024.00,,0.00
2024-05-18,67024.00,67400.00,66600.00,66915.20,,-0.00
2024-05-19,66915.20,67700.00,65857.20,66274.00,,-0.00
2024-05-20,66274.00,71515.60,66060.30,71446.60,,0.00
2024-05-21,71446.60,71979.00,69162.90,70148.30,,-0.00
2024-05-22,70148.30,70666.00,68842.20,69166.60,,-0.00
2024-05-23,69166.60,70096.10,66312.20,67969.60,,-0.00
2024-05-24,67969.70,69250.00,66600.10,68550.00,,0.00
2024-05-25,68550.00,69610.00,68500.00,69290.60,,0.00
2024-05-26,69290.60,69562.20,68128.00,68507.70,,-0.00
2024-05-27,68507.70,70687.60,68250.00,69436.40,,0.00
2024-05-28,69436.40,69591.80,67277.90,68398.40,,-0.00
2024-05-29,68398.40,68935.70,67124.60,67652.40,,-0.00
2024-05-30,67652.40,69500.00,67128.00,68352.20,,0.00
2024-05-31,68352.20,69044.10,66670.00,67540.00,,-0.00
2024-06-01,67540.00,67900.00,67428.40,67766.90,,0.00
2024-06-02,67766.80,68460.00,67257.50,67765.60,,-0.00
2024-06-03,67765.60,70288.00,67612.50,68809.90,,0.00
2024-06-04,68809.90,71063.40,68567.30,70537.80,,0.00
2024-06-05,70537.80,71758.00,70383.70,71108.00,,0.00
2024-06-06,71108.00,71700.00,70117.60,70799.10,,-0.00
2024-06-07,70799.10,71997.00,68420.00,69355.60,,-0.00
2024-06-08,69355.60,69582.20,69168.00,69310.50,,-0.00
2024-06-09,69310.50,69857.10,69130.20,69648.10,,0.00
2024-06-10,69648.10,70195.90,69172.30,69540.00,,-0.00
2024-06-11,69540.00,69590.00,66051.00,67314.20,,-0.00
2024-06-12,67314.20,69999.00,66905.00,68264.00,,0.00
2024-06-13,68264.00,68449.30,66251.80,66773.00,,-0.00
2024-06-14,66773.00,67370.20,65078.00,66044.00,,-0.00
2024-06-15,66044.00,66478.50,65857.10,66228.20,,0.00
2024-06-16,66228.20,66998.70,66034.50,66676.90,,0.00
2024-06-17,66676.90,67298.80,65130.00,66504.30,,-0.00
2024-06-18,66504.30,66588.20,64060.00,65175.30,,-0.00
2024-06-19,65175.30,65727.50,64666.00,64974.40,,-0.00
2024-06-20,64974.40,66482.90,64559.20,64870.00,,-0.00
2024-06-21,64870.00,65066.70,63379.30,64143.60,,-0.00
2024-06-22,64143.60,64546.80,63943.80,64262.00,,0.00
2024-06-23,64262.00,64521.00,63178.30,63210.00,,-0.00
2024-06-24,63210.00,63369.80,58402.00,60293.30,,-0.00
2024-06-25,60293.30,62420.00,60257.10,61909.50,,0.00
2024-06-26,61806.00,62487.80,60712.00,60865.00,,-0.00
2024-06-27,60865.00,62389.20,60606.60,61706.50,,0.00
2024-06-28,61706.50,62225.30,60063.00,60427.80,,-0.00
2024-06-29,60427.80,61224.00,60383.80,60986.70,,0.00
2024-06-30,60986.70,63058.80,60712.20,62772.00,,0.00
2024-07-01,62772.00,63861.80,62497.20,62900.00,,0.00
2024-07-02,62900.00,63288.80,61806.30,62135.50,,-0.00
2024-07-03,62135.50,62285.90,59400.00,60208.60,,-0.00
2024-07-04,60208.60,60498.20,56771.00,57050.00,,-0.00
2024-07-05,57050.00,57546.00,53485.90,56628.80,,-0.00
2024-07-06,56628.80,58475.00,56018.00,58230.10,,0.00
2024-07-07,58230.10,58449.50,55724.40,55857.80,,-0.00
2024-07-08,55857.80,58236.70,54260.20,56714.60,,0.00
2024-07-09,56714.60,58296.00,56289.40,58050.00,,0.00
2024-07-10,58050.00,59470.00,57157.80,57725.80,,-0.00
2024-07-11,57725.80,59650.00,57050.00,57339.90,,-0.00
2024-07-12,57339.90,58526.70,56542.50,57889.10,,0.00
2024-07-13,57889.10,59850.00,57756.60,59204.00,,0.00
2024-07-14,59204.00,61420.70,59194.00,60797.90,,0.00
2024-07-15,60797.90,64900.00,60632.30,64724.10,,0.00
2024-07-16,64724.10,64993.90,62373.20,63870.20,,-0.00
2024-07-17,65044.00,66128.60,63854.00,64088.00,,-0.00
2024-07-18,64088.00,65133.30,63238.50,63610.00,,-0.00
2024-07-19,63987.90,67386.00,63300.70,66660.00,,0.00
2024-07-20,66660.00,67598.00,66222.50,67140.00,,0.00
2024-07-21,67140.00,67436.20,66592.10,66890.00,,-0.00
2024-07-22,68165.40,68474.60,66944.10,67364.00,,-0.00
2024-07-23,67532.00,67751.00,65441.10,65936.00,,-0.00
2024-07-24,65936.00,67102.00,65111.00,65376.00,,-0.00
2024-07-25,65376.00,66175.50,63456.70,65799.90,,0.00
2024-07-26,65799.90,68200.00,65722.60,67908.00,,0.00
2024-07-27,67908.00,69400.00,66650.00,67896.50,,-0.00
2024-07-28,67896.50,68318.40,67066.70,68249.90,,0.00
2024-07-29,68249.90,70080.00,66428.00,66784.70,,-0.00
2024-07-30,66784.70,67000.00,65302.70,66188.00,,-0.00
2024-07-31,66188.00,66849.20,64530.00,64628.00,,-0.00
2024-08-01,64628.00,65659.80,62302.00,65354.00,,0.00
2024-08-02,65354.00,65596.10,61230.00,61498.30,,-0.00
2024-08-03,61498.30,62198.20,59850.00,60698.00,,-0.00
2024-08-04,60698.00,61117.60,57122.80,58161.00,,-0.00
2024-08-05,58161.00,58305.60,49000.00,54018.80,,-0.00
2024-08-06,54018.80,57041.00,53950.00,56022.00,,0.00
2024-08-07,56022.00,57736.10,54558.60,55134.20,,-0.00
2024-08-08,55133.80,62745.10,54730.00,61686.00,,0.00
2024-08-09,61686.00,61744.40,59535.00,60838.00,,-0.00
2024-08-10,60838.00,61470.60,60242.00,60923.50,,0.00
2024-08-11,60923.50,61858.00,58286.70,58712.60,,-0.00
2024-08-12,58712.60,60711.10,57642.20,59346.60,,0.00
2024-08-13,59346.60,61578.10,58392.90,60587.20,,0.00
2024-08-14,60587.20,61800.00,58433.20,58683.40,,-0.00
2024-08-15,58683.40,59849.40,56078.50,57465.80,,-0.00
2024-08-16,57541.10,59817.80,57098.60,58874.60,,0.00
2024-08-17,58874.60,59700.00,58785.10,59492.00,,0.00
2024-08-18,59492.00,60285.00,58408.90,58427.30,,-0.00
2024-08-19,58427.30,59290.00,57787.30,59055.00,,0.00
2024-08-20,59438.50,61400.00,59363.30,60848.00,,0.00
2024-08-21,59013.80,59924.10,58783.50,59480.00,,0.00
2024-08-22,61156.00,61400.00,59724.90,60375.80,,-0.00
2024-08-23,60375.80,64955.00,60342.10,64037.20,,0.00
2024-08-24,64037.20,64494.50,63626.60,64144.80,,0.00
2024-08-25,64157.00,65000.00,63773.30,64220.00,,0.00
2024-08-26,64220.00,64481.00,62800.00,62834.00,,-0.00
2024-08-27,62834.00,63212.00,62657.00,63135.80,,0.00
2024-08-28,59415.00,60235.00,58516.00,60082.20,,0.00
2024-08-29,59034.90,61167.00,58713.10,59359.00,,0.00
2024-08-30,59359.00,59944.10,57701.10,59124.00,,-0.00
2024-08-31,59124.00,59462.40,58744.00,58929.50,,-0.00
2024-09-01,58974.00,59076.60,57201.00,57301.90,,-0.00
2024-09-02,57301.80,59425.70,57128.00,59132.10,,0.00
2024-09-03,59132.10,59809.70,58706.10,58739.00,,-0.00
2024-09-04,57487.70,58519.00,55606.00,57970.90,,0.00
2024-09-05,57970.90,58327.10,56541.70,56851.00,,-0.00
2024-09-06,56180.00,57008.00,52550.00,53963.00,,-0.00
2024-09-07,53963.00,54850.00,53745.50,54160.90,,0.00
2024-09-08,54160.90,55318.00,53629.00,54869.90,,0.00
2024-09-09,54869.90,58088.00,54592.00,57042.00,,0.00
2024-09-10,57042.00,58044.40,56386.40,57636.00,,0.00
2024-09-11,57636.00,57981.70,55545.20,57338.00,,-0.00
2024-09-12,57338.00,58588.00,57324.00,58132.30,,0.00
2024-09-13,58132.30,60625.00,57632.60,60498.00,,0.00
2024-09-14,60498.00,60610.40,59400.00,59993.00,,-0.00
2024-09-15,59993.00,60395.80,58691.10,59132.00,,-0.00
2024-09-16,59132.00,59210.70,57493.30,58214.00,,-0.00
2024-09-17,58214.00,61320.00,57610.00,60314.00,,0.00
2024-09-18,60314.00,61786.20,59174.80,61760.00,,0.00
2024-09-19,61760.00,63850.00,61555.00,62948.00,,0.00
2024-09-20,62948.00,64133.30,62350.00,63201.10,,0.00
2024-09-21,63201.10,63559.90,62758.00,63349.00,,0.00
2024-09-22,63349.00,64000.00,62357.90,63578.80,,0.00
2024-09-23,63578.80,64745.90,62538.80,63340.00,,-0.00
2024-09-24,63340.00,63948.00,62700.00,63500.00,,0.00
2024-09-25,64262.70,64818.00,63283.40,63458.70,,-0.00
2024-09-26,63152.00,65839.00,62670.00,65174.00,,0.00
2024-09-27,65174.00,66498.00,64819.90,65769.90,,0.00
2024-09-28,65769.90,66260.00,65422.20,65858.00,,0.00
2024-09-29,65858.00,66076.10,65432.00,65602.00,,-0.00
2024-09-30,65602.00,65618.80,62856.30,63327.60,,-0.00
2024-10-01,63327.60,64130.60,63006.70,63804.60,,0.00
2024-10-02,60804.90,62390.30,60000.00,60649.30,,-0.00
2024-10-03,60649.30,61477.20,59828.10,60752.70,,0.00
2024-10-04,60752.70,62484.80,60459.90,62086.00,,0.00
2024-10-05,62086.00,62370.60,61689.30,62058.00,,-0.00
2024-10-06,62058.00,62975.00,61799.00,62819.90,,0.00
2024-10-07,62819.90,64478.20,62128.00,62224.00,,-0.00
2024-10-08,62224.00,62866.00,62005.00,62828.70,,0.00
2024-10-09,62160.50,62543.80,60301.00,60636.00,,-0.00
2024-10-10,60636.00,61321.70,58946.00,60326.40,,-0.00
2024-10-11,60326.40,63417.60,60087.60,62540.00,,0.00
2024-10-12,62540.00,63480.00,62487.20,63206.20,,0.00
2024-10-13,63206.20,63285.70,62050.00,62870.00,,-0.00
2024-10-14,62870.00,66500.00,62457.80,66084.00,,0.00
2024-10-15,66084.00,67950.00,64800.00,67074.10,,0.00
2024-10-16,67074.10,68424.00,66750.50,67620.00,,0.00
2024-10-17,67620.00,67939.40,66666.00,67421.80,,-0.00
2024-10-18,67421.80,69000.00,67192.40,68428.00,,0.00
2024-10-19,68428.00,68693.30,68010.00,68378.00,,-0.00
2024-10-20,68378.00,69400.00,68100.00,69032.00,,0.00
2024-10-21,69032.00,69519.50,66840.70,67377.50,,-0.00
2024-10-22,67377.50,67836.00,66571.40,67426.00,,0.00
2024-10-23,67426.00,67472.80,65260.00,66668.60,,-0.00
2024-10-24,66668.60,68850.00,66510.00,68198.30,,0.00
2024-10-25,68198.30,68771.50,65596.30,66698.30,,-0.00
2024-10-26,66698.30,67454.60,66439.90,67092.80,,0.00
2024-10-27,67092.80,68332.10,66913.70,68021.70,,0.00
2024-10-28,68021.70,70270.00,67618.00,69962.20,,0.00
2024-10-29,69962.20,73620.10,69760.00,72736.40,,0.00
2024-10-30,72736.40,72961.00,71436.00,72344.70,,-0.00
2024-10-31,72344.80,72700.00,69685.80,70292.00,,-0.00
2024-11-01,70292.00,71632.90,68820.10,69496.00,,-0.00
2024-11-02,69496.00,69914.40,69000.10,69374.70,,-0.00
2024-11-03,69374.70,69391.00,67478.70,68776.00,,-0.00
2024-11-04,68776.00,69500.00,66835.00,67850.00,,-0.00
2024-11-05,67850.00,70577.90,67476.60,69372.00,,0.00
2024-11-06,69372.00,76400.00,69298.00,75572.00,,0.00
2024-11-07,75572.00,76850.00,74416.00,75857.90,,0.00
2024-11-08,75857.90,77200.00,75555.00,76509.80,,0.00
2024-11-09,76509.80,76900.00,75714.70,76677.50,,0.00
2024-11-10,76677.50,81500.00,76492.00,80370.00,,0.00
2024-11-11,80370.00,89530.50,80216.00,88648.00,,0.00
2024-11-12,88648.00,89940.00,85229.00,86350.00,,-0.00
2024-11-13,87952.00,93265.60,86128.00,92460.00,,0.00
2024-11-14,90375.20,91790.00,86668.20,87325.60,,-0.00
2024-11-15,87325.60,91850.00,87073.40,91032.10,,0.00
2024-11-16,91032.10,91779.70,90056.20,90586.90,,-0.00
2024-11-17,90588.00,91450.00,88722.00,89856.00,,-0.00
2024-11-18,89856.00,92594.00,89376.90,90464.10,,0.00
2024-11-19,90464.10,93905.50,90357.00,92310.80,,0.00
2024-11-20,92310.80,94832.00,91500.00,94286.60,,0.00
2024-11-21,94286.60,98988.00,94040.00,98317.10,,0.00
2024-11-22,98317.10,99588.00,97122.10,99291.30,,0.00
2024-11-23,98892.00,98908.90,97136.00,97672.40,,-0.00
2024-11-24,97672.40,98564.00,95734.80,97900.00,,0.00
2024-11-25,97900.10,98871.80,92600.20,93010.00,,-0.00
2024-11-26,93010.00,94973.40,90791.10,91965.20,,-0.00
2024-11-27,91965.20,97208.20,91792.10,95863.10,,0.00
2024-11-28,95863.10,96564.00,94640.00,95644.00,,-0.00
2024-11-29,95644.00,98620.00,95365.00,97460.00,,0.00
2024-11-30,97460.00,97463.90,96092.00,96408.00,,-0.00
2024-12-01,96408.00,97836.00,95693.90,97185.20,,0.00
2024-12-02,97185.20,98130.00,94395.00,95840.60,,-0.00
2024-12-03,95840.60,96305.50,93578.20,95849.70,,0.00
2024-12-04,95849.70,99000.00,94587.80,98587.30,,0.00
2024-12-05,98587.30,104088.00,90500.00,96945.60,,-0.00
2024-12-06,96945.60,101899.00,95981.70,99740.80,,0.00
2024-12-07,99740.80,100439.20,98844.00,99832.00,,0.00
2024-12-08,99832.00,101351.00,98657.70,101109.60,,0.00
2024-12-09,101109.60,101215.90,94150.10,97276.50,,-0.00
2024-12-10,97276.50,98270.00,94256.50,96593.00,,-0.00
2024-12-11,96593.00,101888.00,95658.20,101125.00,,0.00
2024-12-12,101125.00,102540.00,99311.60,100004.30,,-0.00
2024-12-13,100004.30,101895.30,99205.00,101424.20,,0.00
2024-12-14,101424.20,102650.00,100609.40,101420.00,,-0.00
2024-12-15,101420.00,105250.00,101237.10,104464.00,,0.00
2024-12-16,104464.00,107793.10,103333.00,106058.70,,0.00
2024-12-17,106058.60,108353.00,105321.50,106133.70,,0.00
2024-12-18,106133.70,106525.00,100000.00,100204.00,,-0.00
2024-12-19,100204.00,102800.10,95700.00,97461.90,,-0.00
2024-12-20,97461.90,98233.00,92232.50,97805.40,,0.00
2024-12-21,97805.40,99540.60,96398.40,97292.00,,-0.00
2024-12-22,97292.00,97448.10,94250.40,95186.30,,-0.00
2024-12-23,95186.30,96538.90,92520.00,94881.50,,-0.00
2024-12-24,94881.50,99488.00,93569.00,98663.60,,0.00
2024-12-25,98663.60,99569.10,97632.00,99429.60,,0.00
2024-12-26,99429.60,99963.70,95199.10,95791.60,,-0.00
2024-12-27,95791.60,97544.60,93500.00,94299.00,,-0.00
2024-12-28,94299.00,95734.00,94135.70,95300.00,,0.00
2024-12-29,95300.00,95340.00,94808.00,95265.90,,-0.00
2024-12-30,93738.20,95024.50,91530.40,92792.10,,-0.00
2024-12-31,92792.10,96250.00,92033.70,93576.00,,0.00
2025-01-01,93576.00,95151.10,92888.00,94591.80,,0.00
2025-01-02,94591.80,97839.50,94392.00,96984.80,,0.00
2025-01-03,96984.80,98976.90,96100.00,98174.20,,0.00
2025-01-04,98174.20,98778.40,97514.80,98220.50,,0.00
2025-01-05,98220.50,98836.90,97276.80,98363.60,,0.00
2025-01-06,98363.60,102480.00,97920.00,102235.60,,0.00
2025-01-07,102235.60,102724.40,96181.80,96954.60,,-0.00
2025-01-08,96954.60,97268.60,92500.90,95060.60,,-0.00
2025-01-09,95060.60,95382.30,91203.70,92552.50,,-0.00
2025-01-10,92552.50,95836.00,92206.00,94726.10,,0.00
2025-01-11,94726.10,94791.70,93831.70,94650.40,,-0.00
2025-01-12,94600.00,95450.10,93711.20,94545.10,,-0.00
2025-01-13,94545.10,95940.00,92904.40,93026.30,,-0.00
2025-01-14,94536.10,97371.00,94346.20,96560.90,,0.00
2025-01-15,96560.90,100681.90,96500.00,100497.40,,0.00
2025-01-16,100497.40,100866.70,97335.10,99987.30,,-0.00
2025-01-17,99987.30,105865.20,99950.80,104077.50,,0.00
2025-01-18,104077.50,104988.90,102277.60,104556.20,,0.00
2025-01-19,104556.20,106422.40,99651.60,101331.60,,-0.00
2025-01-20,101331.60,109588.00,99550.00,102260.00,,0.00
2025-01-21,102260.00,107240.80,100119.00,106143.80,,0.00
2025-01-22,106143.80,106394.50,103339.10,103706.70,,-0.00
2025-01-23,103706.70,106850.00,101262.30,103910.30,,0.00
2025-01-24,103910.40,107120.00,102750.00,104870.50,,0.00
2025-01-25,104870.50,105286.50,104106.10,104746.90,,-0.00
2025-01-26,104746.90,105500.00,102520.40,102620.00,,-0.00
2025-01-27,102620.00,103260.00,97777.80,102082.80,,-0.00
2025-01-28,102082.80,103800.00,100272.70,101335.50,,-0.00
2025-01-29,101335.50,104782.70,101328.00,103733.20,,0.00
2025-01-30,103733.20,106457.40,103278.50,104722.90,,0.00
2025-01-31,104722.90,106012.00,101560.00,102429.60,,-0.00
2025-02-01,102429.60,102783.70,100279.50,100635.60,,-0.00
2025-02-02,100635.70,101456.60,96150.00,97700.60,,-0.00
2025-02-03,97700.60,102500.00,91231.00,101328.50,,0.00
2025-02-04,101328.50,101732.30,96150.00,97763.10,,-0.00
2025-02-05,97763.10,99149.00,96155.00,96612.40,,-0.00
2025-02-06,96612.40,99120.00,95676.60,96554.40,,-0.00
2025-02-07,96554.40,100138.00,95620.30,96506.80,,-0.00
2025-02-08,96506.80,96880.00,95688.00,96444.70,,-0.00
2025-02-09,96444.80,97323.10,94713.00,96462.80,,0.00
2025-02-10,96462.80,98345.00,95256.00,97430.80,,0.00
2025-02-11,97430.80,98478.40,94876.90,95778.20,,-0.00
2025-02-12,95778.20,98120.00,94088.20,97870.00,,0.00
2025-02-13,97870.00,98083.90,95217.40,96608.10,,-0.00
2025-02-14,96608.10,98826.00,96252.80,97500.50,,0.00
2025-02-15,97500.50,97972.30,97223.60,97569.70,,0.00
2025-02-16,97569.70,97704.50,96046.20,96118.10,,-0.00
2025-02-17,96118.10,97046.60,95205.00,95780.00,,-0.00
2025-02-18,95780.00,96753.90,93388.10,95671.70,,-0.00
2025-02-19,95671.70,96900.00,95030.00,96644.40,,0.00
2025-02-20,96644.40,98711.40,96415.10,98305.00,,0.00
2025-02-21,98305.00,99475.00,94871.90,96182.00,,-0.00
2025-02-22,96182.00,96980.00,95770.50,96551.00,,0.00
2025-02-23,96551.00,96650.00,95227.90,96258.00,,-0.00
2025-02-24,96258.00,96500.00,91349.30,91552.90,,-0.00
2025-02-25,91552.90,92540.70,86051.00,88680.40,,-0.00
2025-02-26,88680.40,89414.10,82256.00,84250.10,,-0.00
2025-02-27,84250.10,87078.50,82716.50,84708.60,,0.00
2025-02-28,84708.60,85120.00,78258.50,84349.90,,-0.00
2025-03-01,84349.90,86558.00,83824.80,86064.50,,0.00
2025-03-02,86064.50,95000.00,85050.60,94270.00,,0.00
2025-03-03,94270.00,94416.50,85117.10,86220.60,,-0.00
2025-03-04,86221.20,88967.50,81500.00,87282.00,,0.00
2025-03-05,87282.00,91000.00,86334.50,90606.00,,0.00
2025-03-06,90606.00,92810.60,87836.00,89931.90,,-0.00
2025-03-07,89931.90,91283.00,84667.00,86801.80,,-0.00
2025-03-08,86801.70,86897.20,85218.50,86222.40,,-0.00
2025-03-09,86222.50,86500.00,80000.00,80734.40,,-0.00
2025-03-10,80734.50,84123.50,77459.90,78595.90,,-0.00
2025-03-11,78595.90,83617.40,76606.00,82933.00,,0.00
2025-03-12,82933.00,84539.90,80607.60,83680.10,,0.00
2025-03-13,83680.10,84336.30,79939.90,81115.80,,-0.00
2025-03-14,81115.80,85309.70,80818.80,83983.20,,0.00
2025-03-15,83983.20,84676.30,83618.00,84338.40,,0.00
2025-03-16,84338.40,85117.00,81981.10,82574.50,,-0.00
2025-03-17,82574.50,84756.80,82456.00,84010.00,,0.00
2025-03-18,84010.00,84021.70,81134.70,82715.00,,-0.00
2025-03-19,82715.00,87000.00,82547.20,86845.90,,0.00
2025-03-20,86845.90,87453.70,83655.20,84223.40,,-0.00
2025-03-21,84223.40,84850.30,83175.20,84088.80,,-0.00
2025-03-22,84088.80,84539.20,83625.10,83840.60,,-0.00
2025-03-23,83840.60,86129.60,83809.80,86082.50,,0.00
2025-03-24,86082.50,88765.40,85519.10,87498.20,,0.00
2025-03-25,87498.20,88539.60,86310.00,87392.90,,-0.00
2025-03-26,87392.90,88275.00,85860.00,86909.20,,-0.00
2025-03-27,86909.20,87756.40,85800.00,87232.00,,0.00
2025-03-28,87232.00,87515.70,83585.00,84424.40,,-0.00
2025-03-29,84424.40,84624.70,81644.80,82648.50,,-0.00
2025-03-30,82648.50,83534.60,81565.00,82390.00,,-0.00
2025-03-31,82390.00,83943.10,81278.50,82550.00,,0.00
2025-04-01,82550.00,85579.50,82432.70,85158.30,,0.00
2025-04-02,85158.40,88500.00,82320.00,82516.30,,-0.00
2025-04-03,82516.30,83998.00,81211.20,83213.10,,0.00
2025-04-04,83213.10,84720.00,81659.00,83889.90,,0.00
2025-04-05,83889.90,84266.00,82379.90,83538.00,,-0.00
2025-04-06,83538.00,83817.60,77153.80,78430.00,,-0.00
2025-04-07,78430.00,81243.60,74508.00,79163.20,,0.00
2025-04-08,79163.20,80868.00,76239.90,76322.40,,-0.00
2025-04-09,76322.40,83588.00,74620.00,82615.20,,0.00
2025-04-10,82615.20,82753.20,78464.40,79607.30,,-0.00
2025-04-11,79607.30,84300.00,78969.60,83423.80,,0.00
2025-04-12,83423.80,85905.00,82792.90,85276.90,,0.00
2025-04-13,85276.90,86100.00,83034.20,83760.00,,-0.00
2025-04-14,83760.00,85800.00,83678.00,84591.60,,0.00
2025-04-15,84591.60,86496.40,83600.00,83644.00,,-0.00
2025-04-16,83644.00,85500.00,83111.60,84030.40,,0.00
2025-04-17,84030.40,85470.00,83736.30,84947.90,,0.00
2025-04-18,84947.90,85132.10,84304.00,84474.70,,-0.00
2025-04-19,84474.70,85678.00,84364.40,85077.00,,0.00
2025-04-20,85077.00,85320.80,83949.50,85179.20,,0.00
2025-04-21,85179.20,88466.00,85144.80,87516.20,,0.00
2025-04-22,87516.20,93888.00,87076.00,93443.00,,0.00
2025-04-23,93443.00,94696.10,91935.40,93691.10,,0.00
2025-04-24,93691.10,94005.00,91660.00,93980.50,,0.00
2025-04-25,93980.50,95758.00,92856.00,94638.70,,0.00
2025-04-26,94638.70,95199.00,93870.70,94628.00,,-0.00
2025-04-27,94628.00,95369.00,93602.60,93749.30,,-0.00
2025-04-28,93749.30,95630.00,92800.00,95011.20,,0.00
2025-04-29,95011.20,95461.50,93742.50,94256.80,,-0.00
2025-04-30,94256.80,95228.40,92910.00,94172.00,,-0.00
2025-05-01,94172.00,97424.00,94130.40,96489.90,,0.00
2025-05-02,96489.90,97895.70,96350.00,96887.10,,0.00
2025-05-03,96887.10,96935.70,95753.00,95856.40,,-0.00
2025-05-04,95856.40,96304.50,94151.40,94277.60,,-0.00
2025-05-05,94277.60,95199.00,93514.10,94733.70,,0.00
2025-05-06,94733.70,96920.60,93377.00,96834.00,,0.00
2025-05-07,96834.00,97732.00,95784.60,97030.50,,0.00
2025-05-08,97030.50,104145.80,96876.30,103261.60,,0.00
2025-05-09,103261.60,104361.30,102315.10,102972.00,,-0.00
2025-05-10,102972.00,104984.60,102818.80,104809.50,,0.00
2025-05-11,104809.50,104972.00,103345.10,104118.00,,-0.00
2025-05-12,104118.00,105819.40,100718.40,102791.30,,-0.00
2025-05-13,102791.30,104976.20,101429.70,104103.70,,0.00
2025-05-14,104103.70,104356.90,102602.10,103507.80,,-0.00
2025-05-15,103507.80,104192.70,101383.10,103763.70,,0.00
2025-05-16,103763.70,104550.30,103100.50,103463.90,,-0.00
2025-05-17,103463.90,103709.90,102612.50,103126.60,,-0.00
2025-05-18,103126.60,106660.00,103105.10,106454.30,,0.00
2025-05-19,106454.30,107108.60,102000.00,105573.70,,-0.00
2025-05-20,105573.70,107320.00,104184.70,106850.00,,0.00
2025-05-21,106850.00,110797.40,106100.00,109644.00,,0.00
2025-05-22,109644.00,111980.00,109177.40,111696.20,,0.00
2025-05-23,111696.20,111800.00,106800.00,107318.30,,-0.00
2025-05-24,107318.30,109506.00,106875.40,107761.90,,0.00
2025-05-25,107761.90,109300.00,106600.60,109004.20,,0.00
2025-05-26,109004.20,110422.20,108670.60,109434.80,,0.00
2025-05-27,109434.80,110718.00,107516.60,108938.20,,-0.00
2025-05-28,108938.20,109284.70,106769.40,107781.80,,-0.00
2025-05-29,107781.80,108891.90,105322.90,105589.80,,-0.00
2025-05-30,105589.80,106313.10,103621.00,103985.50,,-0.00
2025-05-31,103985.50,104900.00,103068.60,104591.90,,0.00
2025-06-01,104591.90,105866.90,103752.50,105642.90,,0.00
2025-06-02,105642.90,105935.60,103659.90,105858.00,,0.00
2025-06-03,105858.00,106794.70,104872.50,105376.90,,-0.00
2025-06-04,105376.90,106000.00,104179.00,104696.90,,-0.00
2025-06-05,104696.90,105909.70,100372.30,101508.70,,-0.00
2025-06-06,101508.70,105333.00,101095.80,104288.40,,0.00
2025-06-07,104288.40,105319.10,103871.10,104815.40,,0.00
2025-06-08,105552.10,106488.10,104964.10,105734.00,,0.00
2025-06-09,105734.00,110530.20,105318.40,110263.00,,0.00
2025-06-10,110263.00,110400.00,108331.00,110274.40,,0.00
2025-06-11,110274.40,110392.00,108064.00,108645.10,,-0.00
2025-06-12,108645.10,108813.60,105671.70,105671.70,,-0.00
2025-06-13,105671.70,106179.50,102664.30,106066.60,,0.00
2025-06-14,106066.60,106252.00,104300.00,105414.60,,-0.00
2025-06-15,105414.60,106128.60,104494.50,105594.00,,0.00
2025-06-16,105594.00,108952.40,104980.40,106794.50,,0.00
2025-06-17,106794.50,107771.30,103371.00,104551.20,,-0.00
2025-06-18,104551.20,105550.30,103500.00,104886.80,,0.00
2025-06-19,104886.80,105226.20,103929.30,104658.60,,-0.00
2025-06-20,104658.60,106524.60,102345.00,103298.00,,-0.00
2025-06-21,103298.00,103982.60,100837.90,102120.00,,-0.00
2025-06-22,102120.00,103399.60,98200.00,100963.90,,-0.00
2025-06-23,100963.90,106074.20,99613.30,105333.90,,0.00
2025-06-24,105333.90,106290.00,104622.00,106083.00,,0.00
2025-06-25,106083.00,108135.30,105808.00,107340.60,,0.00
2025-06-26,107340.60,108272.40,106562.50,106947.10,,-0.00
2025-06-27,106947.10,107735.30,106356.80,107047.60,,0.00
2025-06-28,107047.60,107577.80,106811.50,107296.80,,0.00
2025-06-29,107296.80,108528.50,107172.50,108356.90,,0.00
2025-06-30,108356.90,108790.00,106733.30,107135.20,,-0.00
2025-07-01,107146.50,107540.00,105250.90,105681.10,,-0.00
2025-07-02,105681.10,109730.00,105100.20,108849.60,,0.00
2025-07-03,108849.60,110529.20,108530.40,109584.80,,0.00
2025-07-04,109584.80,109767.60,107245.00,107984.20,,-0.00
2025-07-05,107984.20,108420.60,107756.30,108198.10,,0.00
2025-07-06,108198.10,109700.00,107800.00,109203.80,,0.00
2025-07-07,109203.90,109700.00,107513.20,108262.90,,-0.00
2025-07-08,108262.90,109216.60,107429.60,108923.00,,0.00
2025-07-09,108923.00,111999.80,108324.50,111234.00,,0.00
2025-07-10,111234.00,116868.00,110500.00,116010.00,,0.00
2025-07-11,116010.00,118870.00,115222.20,117527.70,,0.00
2025-07-12,117527.70,118200.00,116900.10,117420.00,,-0.00
2025-07-13,117420.00,119488.00,117224.80,119086.60,,0.00
2025-07-14,119086.60,123218.00,118905.20,119841.20,,0.00
2025-07-15,119841.20,119940.80,115736.90,117758.10,,-0.00
2025-07-16,117758.10,120063.80,117017.30,118630.40,,0.00
2025-07-17,118630.40,120998.70,117453.60,119177.60,,0.00
2025-07-18,119177.60,120820.70,116812.80,117924.80,,-0.00
2025-07-19,117924.80,118499.90,117277.30,117840.00,,-0.00
2025-07-20,117840.00,118856.80,116467.00,117265.10,,-0.00
2025-07-21,117265.10,119676.70,116515.00,117380.40,,0.00
2025-07-22,117380.40,120247.80,116128.00,119954.40,,0.00
2025-07-23,119954.40,120090.00,117301.00,118756.00,,-0.00
2025-07-24,118756.00,119450.00,117103.10,118341.00,,-0.00
2025-07-25,118341.00,118451.60,114723.20,117614.30,,-0.00
2025-07-26,117614.30,118297.40,117138.40,117920.00,,0.00
2025-07-27,117920.00,119766.60,117825.50,119415.60,,0.00
2025-07-28,119415.60,119800.00,117427.50,118062.30,,-0.00
2025-07-29,118062.30,119273.40,116950.80,117950.80,,-0.00
2025-07-30,117950.80,118792.00,115796.20,117840.30,,-0.00
2025-07-31,117840.30,118922.40,115500.00,115764.10,,-0.00
2025-08-01,115764.10,116052.00,112722.60,113297.90,,-0.00
2025-08-02,113297.90,114063.50,112003.00,112546.40,,-0.00
2025-08-03,112546.40,114800.00,111920.00,114208.80,,0.00
2025-08-04,114208.80,115720.00,114107.60,115055.00,,0.00
2025-08-05,115055.00,115127.80,112650.00,114129.80,,-0.00
2025-08-06,114129.80,115716.00,113355.10,114992.30,,0.00
2025-08-07,114992.30,117621.00,114259.00,117472.00,,0.00
2025-08-08,117472.00,117630.00,115878.70,116674.70,,-0.00
2025-08-09,116674.70,117944.10,116299.10,116462.20,,-0.00
2025-08-10,116462.20,119311.10,116460.60,119294.00,,0.00
2025-08-11,119294.30,122335.20,118050.10,118686.00,,-0.00
2025-08-12,118686.00,120324.40,118207.50,120134.10,,0.00
2025-08-13,120134.10,123667.80,118920.90,123306.40,,0.00
2025-08-14,123306.40,124474.00,117180.00,118295.10,,-0.00
2025-08-15,118295.10,119216.80,116804.00,117342.10,,-0.00
2025-08-16,117342.00,117899.00,117144.00,117380.70,,0.00
2025-08-17,117380.70,118575.00,117172.20,117405.00,,0.00
2025-08-18,117405.00,117543.80,114640.10,116227.10,,-0.00
2025-08-19,116227.10,116725.70,112732.60,112872.90,,-0.00
2025-08-20,112872.90,114615.40,112380.00,114271.20,,0.00
2025-08-21,114271.20,114821.80,112015.70,112500.00,,-0.00
2025-08-22,112500.00,117429.10,111684.80,116936.00,,0.00
2025-08-23,116936.00,117030.00,114560.00,115438.10,,-0.00
2025-08-24,115438.10,115666.70,110680.00,113493.60,,-0.00
2025-08-25,113493.60,113667.30,109274.10,110112.00,,-0.00
2025-08-26,110112.00,112371.00,108666.70,111763.20,,0.00
2025-08-27,111763.20,112625.00,110345.40,111262.00,,-0.00
2025-08-28,111262.00,113485.90,110862.40,112566.90,,0.00
2025-08-29,112566.90,112638.60,107463.90,108377.40,,-0.00
2025-08-30,108377.40,108926.10,107350.10,108816.30,,0.00
2025-08-31,108816.30,109480.00,108076.90,108246.40,,-0.00
2025-09-01,108246.40,109912.40,107255.00,109237.40,,0.00
2025-09-02,109237.40,111771.50,108393.40,111240.00,,0.00
2025-09-03,111240.00,112575.30,110528.70,111705.70,,0.00
2025-09-04,111705.70,112180.00,109329.10,110730.90,,-0.00
2025-09-05,110730.90,113384.60,110207.00,110660.00,,-0.00
2025-09-06,110660.00,111307.70,109977.00,110188.00,,-0.00
2025-09-07,110188.00,111600.00,110180.00,111137.30,,0.00
2025-09-08,111137.40,112924.40,110621.80,112065.20,,0.00
2025-09-09,112065.20,113293.30,110766.70,111546.40,,-0.00
2025-09-10,111546.40,114313.10,110917.40,113960.00,,0.00
2025-09-11,113960.00,115488.10,113430.00,115482.70,,0.00
2025-09-12,115482.70,116665.60,114741.00,116029.40,,0.00
2025-09-13,116029.40,116298.80,115127.30,115918.30,,-0.00
2025-09-14,115918.30,116165.20,115135.00,115268.00,,-0.00
2025-09-15,115268.00,116758.00,114384.00,115349.70,,0.00
2025-09-16,115349.70,116964.30,114737.10,116789.00,,0.00
2025-09-17,116789.00,117286.70,114720.80,116447.60,,-0.00
2025-09-18,116447.60,117900.00,116092.80,117073.50,,0.00
2025-09-19,117073.50,117460.00,115100.00,115632.40,,-0.00
2025-09-20,115632.40,116121.80,115408.50,115685.60,,0.00
2025-09-21,115685.60,115819.10,115188.00,115232.30,,-0.00
2025-09-22,115232.30,115379.20,111800.00,112651.00,,-0.00
2025-09-23,112651.00,113290.50,111458.70,111998.80,,-0.00
2025-09-24,111998.80,113940.00,111042.70,113307.00,,0.00
2025-09-25,113307.00,113510.20,108631.50,108994.50,,-0.00
2025-09-26,108994.50,110300.00,108620.10,109643.50,,0.00
2025-09-27,109643.50,109743.90,109064.40,109635.90,,-0.00
2025-09-28,109635.90,112350.00,109190.00,112163.90,,0.00
2025-09-29,112164.00,114400.00,111560.60,114312.00,,0.00
2025-09-30,114312.00,114792.00,112656.30,114048.90,,-0.00
2025-10-01,114048.90,118649.10,113966.70,118595.00,,0.00
2025-10-02,118595.00,121022.10,118279.30,120529.40,,0.00
2025-10-03,120529.40,123895.00,119248.30,122232.00,,0.00
2025-10-04,122232.20,122800.00,121510.00,122391.00,,0.00
2025-10-05,122391.00,125708.40,122136.00,123482.30,,0.00
2025-10-06,123482.30,126199.60,123084.00,124658.50,,0.00
2025-10-07,124658.50,125126.00,120574.90,121332.90,,-0.00
2025-10-08,121333.00,124197.20,121066.10,123306.00,,0.00
2025-10-09,123306.00,123762.90,119651.50,121662.40,,-0.00
2025-10-10,121662.40,122550.00,102000.00,112774.50,,-0.00
2025-10-11,112774.50,113322.40,109561.60,110644.40,,-0.00
2025-10-12,110644.40,115770.00,109565.10,114958.80,,0.00
2025-10-13,114958.80,115963.80,113616.50,115166.00,,0.00
2025-10-14,115166.00,115410.00,109866.00,113028.10,,-0.00
2025-10-15,113028.10,113612.40,110164.00,110763.30,,-0.00
2025-10-16,110763.30,111982.40,107427.00,108194.30,,-0.00
2025-10-17,108194.30,109240.00,103528.20,106431.70,,-0.00
2025-10-18,106431.70,107499.00,106322.20,107185.00,,0.00
2025-10-19,107185.00,109450.10,106103.40,108642.80,,0.00
2025-10-20,108642.80,111705.60,107402.50,110532.10,,0.00
2025-10-21,110532.10,114000.00,107473.70,108297.70,,-0.00
2025-10-22,108297.70,109163.90,106666.70,107567.40,,-0.00
2025-10-23,107567.40,111293.60,107500.00,110078.20,,0.00
2025-10-24,110078.20,112105.00,109700.00,111004.90,,0.00
2025-10-25,111004.90,111943.20,110672.90,111646.30,,0.00
2025-10-26,111646.30,115466.80,111260.40,114559.40,,0.00
2025-10-27,114559.40,116400.00,113830.00,114107.60,,-0.00
2025-10-28,114107.60,116086.00,112211.00,112898.40,,-0.00
2025-10-29,112898.40,113643.70,109200.00,110021.30,,-0.00
2025-10-30,110021.30,111592.00,106304.30,108322.90,,-0.00
2025-10-31,108322.90,111190.00,108275.30,109608.00,,0.00
2025-11-01,109608.00,110564.50,109394.80,110098.10,,0.00
2025-11-02,110098.10,111250.00,109471.30,110540.70,,0.00
2025-11-03,110540.70,110750.00,105306.60,106583.00,,-0.00
2025-11-04,106583.10,107299.00,98944.40,101497.20,,-0.00
2025-11-05,101497.20,104534.70,98966.80,103885.20,,0.00
2025-11-06,103885.20,104200.00,100300.90,101346.00,,-0.00
2025-11-07,101346.00,104096.40,99260.90,103339.10,,0.00
2025-11-08,103339.10,103406.20,101454.00,102312.90,,-0.00
2025-11-09,102312.90,105495.60,101400.00,104723.00,,0.00
2025-11-10,104722.90,106670.10,104265.00,106011.10,,0.00
2025-11-11,106011.10,107500.00,104022.90,104354.30,,-0.00
2025-11-12,103059.00,105333.30,100813.60,101654.40,,-0.01
2025-11-13,101654.40,104085.00,98000.40,99692.00,,-0.02
2025-11-14,99692.00,99866.00,94012.40,94594.00,,-0.05
2025-11-15,94594.00,96846.70,94558.50,95596.20,,0.01
2025-11-16,95596.20,96635.10,93005.60,94261.40,,-0.01
2025-11-17,94261.40,96043.00,91220.00,92215.10,,-0.02
2025-11-18,92215.10,93836.00,89253.80,92960.80,,0.01
2025-11-19,92960.80,92980.20,88608.00,91555.00,,-0.02
2025-11-20,91555.00,93160.00,86100.00,86637.20,,-0.05
2025-11-21,86637.20,87498.90,80600.00,85129.40,,-0.02
2025-11-22,85129.40,85620.00,83500.00,84739.70,,-0.00
2025-11-23,84739.80,88127.60,84667.60,86830.00,,0.02
2025-11-24,86830.00,89228.00,85272.00,88300.00,,0.02
2025-11-25,88300.00,88520.00,86116.00,87370.00,,-0.01
2025-11-26,87370.00,90656.10,86306.80,90484.00,,0.04
2025-11-27,90484.00,91950.00,90089.90,91333.90,,0.01
2025-11-28,91333.90,93092.00,90180.60,90890.70,,-0.00
2025-11-29,90890.70,91165.60,90155.50,90802.40,,-0.00
2025-11-30,90802.40,92000.00,90336.90,90360.00,,-0.00
2025-12-01,90360.00,90417.00,83822.80,86286.00,,-0.05
2025-12-02,86286.00,92307.60,86184.40,91277.90,,0.06
2025-12-03,91277.90,94150.00,90990.20,93429.90,,0.02
2025-12-04,93429.90,94080.00,90889.00,92078.10,,-0.01
2025-12-05,92078.10,92692.40,88056.00,89330.00,,-0.03
2025-12-06,89330.00,90290.00,88908.00,89236.80,,-0.00
2025-12-07,89236.80,91760.00,87719.30,90395.30,,0.01
2025-12-08,90395.30,92287.10,89612.00,90634.30,,0.00
2025-12-09,90634.40,94589.00,89500.00,92678.80,,0.02
2025-12-10,92678.80,94476.00,91563.10,92015.40,,-0.01
2025-12-11,92015.40,93555.00,89260.60,92513.40,,0.01
2025-12-12,92513.40,92754.00,89480.00,90268.40,,-0.02
2025-12-13,90268.40,90634.60,89766.40,90240.00,,-0.00
2025-12-14,90240.00,90472.40,87577.40,88172.20,,-0.02
2025-12-15,88172.20,90052.60,85146.60,86432.10,,-0.02
2025-12-16,86432.10,88176.00,85266.00,87863.40,,0.02
2025-12-17,87863.40,90365.90,85314.00,86243.20,,-0.02
2025-12-18,86243.20,89477.60,84450.00,85516.40,,-0.01
2025-12-19,85516.40,89400.00,85110.20,88136.90,,0.03
2025-12-20,88136.90,88573.10,87795.80,88360.90,,0.00
2025-12-21,88360.90,89081.80,87600.00,88658.90,,0.00
2025-12-22,88658.90,90588.20,87900.00,88620.80,,-0.00
2025-12-23,88620.80,88940.00,86601.90,87486.00,,-0.01
2025-12-24,87486.00,88049.90,86420.00,87669.40,,0.00
2025-12-25,87669.40,88592.70,86934.70,87225.30,,-0.01
2025-12-26,87225.30,89567.80,86655.10,87369.60,,0.00
2025-12-27,87369.60,87984.00,87253.10,87877.00,,0.01
2025-12-28,87877.00,88088.80,87435.00,87952.70,,0.00
2025-12-29,87952.70,90406.10,86806.50,87237.10,,-0.01
2025-12-30,87237.10,89400.00,86845.70,88485.50,,0.01
2025-12-31,88485.50,89200.00,87250.00,87648.20,,-0.01
2026-01-01,87648.20,88919.40,87550.40,88839.00,,0.01
2026-01-02,88839.10,90961.80,88379.90,89995.10,,0.01
2026-01-03,89995.10,90741.20,89314.00,90628.00,,0.01
2026-01-04,90628.00,91810.00,90628.00,91529.70,,0.01
2026-01-05,91529.70,94789.10,91514.80,93859.70,,0.03
2026-01-06,93859.70,94444.40,91262.90,93748.00,,-0.00
2026-01-07,93748.00,93748.00,90675.50,91364.20,,-0.03
2026-01-08,91364.20,91688.00,89311.00,91100.00,,-0.00
2026-01-09,91100.00,92082.60,89694.70,90641.30,,-0.00
2026-01-10,90641.30,90832.00,90404.00,90504.70,,-0.00
2026-01-11,90504.70,91283.90,90236.00,91013.60,,0.01
2026-01-12,91013.70,92519.90,90128.40,91296.20,,0.00
2026-01-13,91296.20,96495.00,91042.70,95414.00,,0.05
2026-01-14,95414.00,97924.50,94559.30,96951.80,,0.02
2026-01-15,96951.80,97193.30,95134.50,95604.80,,-0.01
2026-01-16,95604.80,95871.50,94293.50,95550.90,,-0.00
2026-01-17,95550.90,95639.40,95021.70,95147.80,,-0.00
2026-01-18,95147.80,95531.10,93615.40,93673.10,,-0.02
2026-01-19,93673.10,93673.10,91910.20,92631.00,,-0.01
2026-01-20,92631.00,92870.00,87896.00,88427.70,,-0.05
2026-01-21,88427.70,90574.00,87263.50,89454.70,,0.01
2026-01-22,89454.70,90360.00,88515.40,89559.70,,0.00
2026-01-23,89559.70,91225.00,88578.40,89600.30,,0.00
2026-01-24,89600.30,89957.40,89162.10,89225.30,,-0.00
2026-01-25,89225.30,89319.10,86074.70,86670.40,,-0.03
2026-01-26,86670.40,88860.00,86509.60,88347.10,,0.02
2026-01-27,88347.10,89523.20,87304.30,89250.00,,0.01
2026-01-28,89250.00,90600.00,88833.60,89300.00,,0.00
2026-01-29,89300.00,89348.00,83383.30,84650.20,,-0.05
2026-01-30,84650.20,84735.80,81118.00,84260.50,,-0.00
2026-01-31,84260.50,84270.00,75719.90,78741.10,,-0.07
2026-02-01,78741.10,79424.00,75700.00,76968.20,,-0.02
2026-02-02,76968.20,79360.00,74604.00,78738.60,,0.02
2026-02-03,78738.60,79186.80,72945.50,75770.20,,-0.04
2026-02-04,75770.20,76971.50,71888.00,73165.80,,-0.03
2026-02-05,73165.80,73341.20,62345.00,62909.90,,-0.14
2026-02-06,62909.90,71751.30,60000.00,70580.30,,0.12
2026-02-07,70580.30,71690.10,67300.00,69289.40,,-0.02
2026-02-08,69289.40,72271.40,68888.00,70330.40,,0.02
2026-02-09,70330.40,71453.50,68308.00,70138.00,,-0.00
2026-02-10,70138.00,70527.60,67800.00,68841.30,,-0.02
2026-02-11,68841.30,69292.90,65756.00,67082.50,,-0.03
2026-02-12,67082.50,68410.50,65118.00,66272.20,,-0.01
2026-02-13,66272.20,69483.00,65872.50,68854.00,,0.04
2026-02-14,68854.00,70560.00,68730.10,69822.90,,0.01
2026-02-15,69822.90,70983.00,68000.00,68832.60,,-0.01
2026-02-16,68832.60,70126.70,67294.10,68892.40,,0.00
2026-02-17,68892.40,69241.50,66621.10,67503.50,,-0.02
2026-02-18,67503.50,68476.20,65870.00,66461.00,,-0.02
2026-02-19,66461.00,67320.00,65631.80,67003.70,,0.01
2026-02-20,67003.70,68318.40,66280.20,68020.00,,0.02
2026-02-21,68020.00,68698.70,67534.70,67975.90,,-0.00
2026-02-22,67975.90,68245.00,67190.00,67643.40,,-0.00
2026-02-23,67643.40,67684.90,63888.80,64656.00,,-0.04
2026-02-24,64656.00,65026.80,62510.30,64058.20,,-0.01
2026-02-25,64058.20,69988.80,63913.30,67988.00,,0.06
2026-02-26,67988.00,68860.00,66500.00,67485.20,,-0.01
2026-02-27,67485.20,68216.80,64914.50,65872.10,,-0.02
2026-02-28,65872.10,67760.00,63030.00,66973.30,,0.02
2026-03-01,66973.30,68200.00,65056.00,65776.50,,-0.02
2026-03-02,65776.50,70096.00,65259.20,68830.10,,0.05
2026-03-03,68830.10,69258.10,66158.00,68338.00,,-0.01
2026-03-04,68338.00,74050.00,67400.00,72666.80,,0.06
2026-03-05,72666.80,73558.10,70645.50,70890.70,,-0.02
2026-03-06,70891.00,71420.00,67744.80,68114.00,,-0.04
2026-03-07,68114.00,68551.00,66915.30,67262.90,,-0.01
2026-03-08,67262.90,68200.00,65618.50,65971.20,,-0.02
2026-03-09,65971.20,69516.60,65822.00,68432.20,,0.04
2026-03-10,68432.20,71777.00,68391.40,69948.60,,0.02
2026-03-11,69948.60,71321.00,68977.90,70191.90,,0.00
2026-03-12,70191.90,70800.00,69205.90,70541.30,,0.00
2026-03-13,70541.30,73913.70,70386.00,70930.00,,0.01
2026-03-14,70930.00,71307.90,70317.00,71211.90,,0.00
2026-03-15,71211.90,73199.00,70858.80,72815.20,,0.02
2026-03-16,72815.20,74909.10,72270.40,74884.70,,0.03
2026-03-17,74884.70,76000.00,73399.20,73909.40,,-0.01
2026-03-18,73909.40,74672.30,70500.00,71246.50,,-0.04
2026-03-19,71246.60,71613.80,68793.40,69930.00,,-0.02
2026-03-20,69930.00,71367.00,69388.00,70510.70,,0.01
2026-03-21,70510.70,71100.90,68571.40,68918.10,,-0.02
2026-03-22,68918.10,69588.80,67360.70,67859.00,,-0.02
2026-03-23,67859.00,71817.10,67445.20,70906.40,,0.04
2026-03-24,70906.40,71400.00,68923.10,70556.70,,-0.00
2026-03-25,70556.70,72026.10,70408.00,71336.50,,0.01
2026-03-26,71336.50,71436.80,68153.00,68820.30,,-0.04
2026-03-27,68820.30,69179.10,65548.20,66407.30,,-0.04
2026-03-28,66407.30,67288.90,65932.10,66377.00,,-0.00
2026-03-29,66377.00,67130.50,65000.00,66010.90,,-0.01
2026-03-30,66010.90,68169.60,65800.60,66797.40,,0.01
2026-03-31,66797.40,68589.50,65998.10,68284.50,,0.02
2026-04-01,68284.50,69310.00,67578.80,68113.90,,-0.00
2026-04-02,68113.90,68653.40,65712.10,66902.00,,-0.02
2026-04-03,66902.00,67370.40,66282.00,66964.30,,0.00
2026-04-04,66964.30,67562.90,66775.90,67300.40,,0.00
2026-04-05,67300.40,69136.20,66611.70,69034.20,,0.03
2026-04-06,69034.20,70351.50,68300.00,68853.70,,-0.00
2026-04-07,68853.70,72761.00,67732.00,71924.20,,0.04
2026-04-08,71924.20,72857.00,70707.20,71069.90,,-0.01
2026-04-09,71069.90,73145.00,70466.00,71788.00,,0.01
2026-04-10,71788.00,73434.00,71426.10,72962.70,,0.02
2026-04-11,72962.70,73790.00,72513.10,73043.20,,0.00
2026-04-12,73043.20,73137.20,70505.90,70741.00,,-0.03
2026-04-13,70741.60,74900.00,70567.00,74418.00,,0.05
2026-04-14,74418.00,76038.00,73795.50,74131.60,,-0.00
2026-04-15,74131.60,75425.00,73514.00,74810.00,,0.01
2026-04-16,74810.00,75534.80,73309.90,75154.30,,0.00
2026-04-17,75154.30,78333.00,74529.40,77072.00,,0.03
2026-04-18,77072.00,77420.10,75445.20,75691.80,,-0.02
2026-04-19,75691.80,76240.70,73762.90,73801.80,,-0.02
2026-04-20,73801.80,76558.60,73724.30,75841.00,,0.03
2026-04-21,75841.00,76927.60,74821.60,76336.10,,0.01
2026-04-22,76336.10,79472.80,76132.90,78178.20,,0.02
2026-04-23,78178.20,78574.40,77174.00,77725.20,,-0.01
2026-04-24,78257.48,78581.93,77264.08,77437.13,12675.14,-1.05
2026-04-25,77437.13,77885.35,77140.23,77625.00,5685.11,0.24
2026-04-26,77625.00,78961.00,77326.51,78657.55,7963.56,1.33
2026-04-27,78657.55,79485.66,76459.64,77371.32,16046.92,-1.64
2026-04-28,77371.32,77478.00,75666.60,76342.77,13210.72,-1.33
2026-04-29,76342.78,77904.93,74937.52,75780.00,18279.93,-0.74
2026-04-30,75780.00,76669.14,75323.65,76346.57,10381.82,0.75
2026-05-01,76346.58,78914.12,76320.42,78231.13,17315.47,2.47
2026-05-02,78231.13,79199.48,78040.00,78686.85,6150.88,0.58
2026-05-03,78686.84,79447.00,78084.08,78568.57,7425.79,-0.15
2026-05-04,78568.58,80776.99,78202.00,79861.01,26042.96,1.64
2026-05-05,79861.01,81791.48,79808.72,80905.52,16947.18,1.31
2026-05-06,80905.53,82850.00,80731.14,81447.01,18798.77,0.67
2026-05-07,81447.01,81708.32,79500.00,80006.00,16154.80,-1.77
2026-05-08,80006.00,80500.00,79181.48,80193.17,16001.31,0.23
2026-05-09,80193.18,81080.00,80129.85,80678.40,7548.42,0.61
2026-05-10,80678.41,82479.32,80279.77,82210.07,12034.32,1.90
2026-05-11,82210.07,82380.00,80462.97,81745.65,12951.76,-0.56
2026-05-12,81745.66,81788.00,79843.59,80504.47,12386.26,-1.52
2026-05-13,80504.47,81324.64,78754.65,79313.61,14810.06,-1.48
2026-05-14,79313.61,82048.13,78922.00,81089.99,19727.87,2.24
2026-05-15,81090.00,81664.45,78659.00,79113.21,17351.27,-2.44
2026-05-16,79113.20,79227.77,77640.00,78148.05,12132.86,-1.22
2026-05-17,78148.05,78599.99,76735.16,77457.67,8442.70,-0.88
2026-05-18,77457.67,77800.00,76051.00,77001.87,18745.52,-0.59
2026-05-19,77001.88,77414.62,76144.71,76834.36,11024.86,-0.22
2026-05-20,76834.36,77853.04,76516.74,77552.23,11296.26,0.93
2026-05-21,77552.24,78200.00,76719.47,77615.52,11318.26,0.08
2026-05-22,77615.52,77900.00,75359.18,75539.50,11272.36,-2.67
2026-05-23,75539.50,77404.18,74289.60,76752.01,15086.89,1.61
2026-05-24,76752.00,77543.15,76108.00,77064.96,8398.00,0.41
2026-05-25,77064.96,77905.52,76914.25,77322.01,7672.32,0.33
2026-05-26,77322.01,78080.00,75677.97,75930.01,16953.48,-1.80
2026-05-27,75930.01,76174.15,74243.99,74449.30,16877.77,-1.95
2026-05-28,74449.31,74590.77,72582.82,73617.51,21274.02,-1.12
2026-05-29,73617.52,74514.10,72512.49,73460.78,18686.74,-0.21
2026-05-30,73460.78,74143.76,73216.00,73884.38,7515.41,0.58
2026-05-31,73884.38,74275.66,73400.00,73674.39,6986.46,-0.28
2026-06-01,73674.39,74092.00,70686.68,71408.90,23921.09,-3.08
2026-06-02,71408.90,71408.90,66193.00,66760.83,32858.20,-6.51
2026-06-03,66760.84,67516.00,64092.49,64142.75,30138.31,-3.92
2026-06-04,64142.75,64764.32,61383.56,63885.99,43577.18,-0.40
2026-06-05,63885.99,63978.00,59130.91,61056.47,55027.29,-4.43
2026-06-06,61056.47,61530.05,59500.00,60884.62,19795.59,-0.28
2026-06-07,60884.62,64234.68,60746.00,63332.01,26612.10,4.02
2026-06-08,63332.01,64200.00,62408.00,63085.99,23053.39,-0.39
2026-06-09,63086.00,63526.01,60780.00,61730.00,21636.22,-2.15
2026-06-10,61730.00,62857.99,60755.00,61510.99,15998.72,-0.35
2026-06-11,61510.99,63933.02,61510.99,63625.99,17380.95,3.44
2026-06-12,63626.00,64394.44,62829.81,63580.01,16397.05,-0.07
2026-06-13,63580.00,64762.77,63418.66,64458.01,9960.74,1.38
2026-06-14,64458.01,65800.00,63678.83,65746.45,13203.03,2.00
2026-06-15,65746.45,67292.15,65354.00,66328.74,18559.80,0.89
2026-06-16,66328.74,66992.00,65360.92,65675.01,14302.06,-0.99
2026-06-17,65675.02,66445.93,63915.77,64509.40,19048.65,-1.77
2026-06-18,64509.40,64806.00,62272.07,62958.01,16935.60,-2.40
2026-06-19,62958.01,63666.00,62316.44,63543.91,14247.42,0.93
2026-06-20,63543.90,64388.00,63184.21,64298.01,9522.10,1.19
2026-06-21,64298.01,64588.00,63270.00,63311.99,8034.66,-1.53
2026-06-22,63312.00,65622.83,63312.00,64020.01,15423.11,1.12
2026-06-23,64020.01,64275.38,61938.00,62734.57,20222.99,-2.01
2026-06-24,62734.57,63239.06,59102.70,61077.99,30678.29,-2.64
2026-06-25,61078.00,61962.40,58115.01,59794.00,30386.01,-2.10
2026-06-26,59794.64,60759.99,58337.00,60097.27,27403.56,0.51
2026-06-27,60097.27,60941.17,59855.16,60029.00,9587.23,-0.11
2026-06-28,60029.01,60545.01,58905.00,59577.01,8907.14,-0.75
2026-06-29,59577.01,60780.57,58900.01,60260.21,20203.14,1.15
2026-06-30,60260.20,60276.54,58201.00,58624.71,19639.83,-2.71
2026-07-01,58624.71,61334.00,57800.19,60024.00,25093.45,2.39
2026-07-02,60024.00,62200.00,59588.00,61560.00,21382.14,2.56
2026-07-03,61560.00,62979.86,61248.86,62583.26,14048.99,1.66
2026-07-04,62583.26,63461.99,62328.24,63144.01,9139.83,0.90
2026-07-05,63144.01,63999.00,62436.59,63650.00,9172.08,0.80
2026-07-06,63650.01,64700.00,61306.84,64042.02,21435.28,0.62
2026-07-07,64042.93,64314.00,62671.39,63363.99,16834.21,-1.06
2026-07-08,63364.00,63761.99,61544.56,62290.00,18620.10,-1.69
2026-07-09,62290.01,63500.00,61705.29,63230.00,16742.81,1.51
2026-07-10,63230.01,64692.83,62926.01,64161.72,17589.00,1.47
2026-07-11,64161.72,64504.11,63819.00,63819.00,9151.97,-0.53
2026-07-12,63819.01,64290.11,63640.83,63780.00,13914.84,-0.06
2026-07-13,63780.00,64425.00,61824.97,62334.52,21682.50,-2.27
2026-07-14,62334.52,65100.00,62272.20,65043.98,20552.41,4.35
2026-07-15,65043.99,65600.00,64485.00,64756.28,18401.90,-0.44
2026-07-16,64756.28,64997.52,63748.74,63830.20,18764.53,-1.43
2026-07-17,63830.20,64387.99,62537.56,63931.67,18189.89,0.16
2026-07-18,63931.67,64865.00,63886.65,64834.22,8031.18,1.41
2026-07-19,64834.21,64967.25,64280.00,64722.54,8379.91,-0.17
2026-07-20,64722.55,65799.00,63100.00,65255.51,21323.49,0.82
2026-07-21,65255.51,66956.15,65148.75,66556.16,18618.28,1.99
2026-07-22,66556.15,66739.89,65553.67,66114.49,18074.87,-0.66
2026-07-23,66114.50,66313.14,64650.00,65098.97,14698.23,-1.54
2026-07-24,65098.98,65808.59,63739.75,64139.99,16821.27,-1.47
2026-07-25,64140.00,64475.28,63810.00,64375.00,8863.05,0.37
2026-07-26,64375.01,65577.00,64293.81,65399.99,7933.06,1.59
2026-07-27,65400.00,65744.60,63605.56,63755.86,14791.91,-2.51
2026-07-28,63755.86,64100.00,62742.47,63915.00,13889.83,0.25
2026-07-29,63915.00,64744.81,63267.34,63984.28,16780.12,0.11
2026-07-30,63984.29,65176.60,63603.92,64780.02,17131.58,1.24
2026-07-31,64842.53,65399.05,62480.81,62868.96,55.23,-3.04
2026-08-01,62892.47,63148.44,62263.77,62821.06,15.66,-0.11
2026-08-02,62887.00,63787.01,62798.67,63540.39,10.56,1.04
2026-08-03,63557.74,64054.19,62309.13,63514.37,23.07,-0.07
2026-08-04,63538.69,64528.37,63331.22,64098.98,28.55,0.88
2026-08-05,64100.21,65009.01,63906.74,64656.16,32.22,0.87
2026-08-06,64668.84,65000.00,64169.65,64318.65,115.25,-0.54
2026-08-07,64315.46,65381.64,64171.16,64915.74,34.70,0.93
2026-08-08,64915.76,65185.07,64824.84,64974.91,5.55,0.09
2026-08-09,64960.57,65459.30,64735.00,64894.15,13.80,-0.10
2026-08-10,64882.76,65361.40,63817.76,63968.95,40.14,-1.41
2026-08-11,63961.14,64500.00,63248.73,63604.72,44.40,-0.56
2026-08-12,63594.31,64450.00,63327.18,63445.79,44.10,-0.23
2026-08-13,63468.39,64000.00,62852.04,63484.39,91.35,0.03
2026-08-14,63490.55,63578.18,62541.43,63042.94,48.74,-0.71
2026-08-15,63037.45,63169.20,62922.37,63081.59,22.57,0.07
2026-08-16,63081.59,63348.18,62718.12,62888.60,15.78,-0.31
2026-08-17,62904.59,64600.00,62751.32,64505.48,18.95,2.54
2026-08-18,64543.44,65036.99,64042.69,64753.60,25.78,0.33
2026-08-19,64738.75,70004.66,64190.75,69327.55,120.30,7.09
2026-08-20,69333.16,73383.64,68926.70,73028.52,105.39,5.33
2026-08-21,73075.09,79472.42,73075.09,78329.48,213.77,7.19
2026-08-22,78329.47,78817.40,76525.86,77082.81,49.85,-1.59
2026-08-23,77096.45,78039.02,75576.70,77727.00,79.16,0.82
2026-08-24,77746.17,79975.00,76684.89,78979.64,120.49,1.59
2026-08-25,78980.57,81261.27,77874.27,78572.17,155.38,-0.52
2026-08-26,78562.19,79235.91,77626.56,79033.17,51.50,0.60
2026-08-27,78980.28,80814.57,78600.00,80253.37,45.32,1.61
2026-08-28,80272.15,81439.52,76900.01,77828.90,58.62,-3.04
2026-08-29,77816.12,78329.02,77378.80,78243.96,18.08,0.55
2026-08-30,78226.74,79393.00,77048.44,77697.33,28.16,-0.68
2026-08-31,77697.33,79227.00,77405.32,78570.75,20.92,1.12
2026-09-01,78582.78,79228.24,76422.15,77446.95,33.48,-1.45
2026-09-02,77438.99,77778.10,76282.72,77168.07,21.56,-0.35
