Date,mvrv_z_score,puell_multiple,supply_in_profit
2012-01-01,,,
2012-01-02,,,
2012-01-03,,,
2012-01-04,,,
2012-01-05,,,
2012-01-06,,,
2012-01-07,,,
2012-01-08,,,
2012-01-09,,,
2012-01-10,,,
2012-01-11,,,
2012-01-12,,,
2012-01-13,,,
2012-01-14,,,
2012-01-15,,,
2012-01-16,,,
2012-01-17,,,
2012-01-18,,,
2012-01-19,,,
2012-01-20,,,
2012-01-21,,,
2012-01-22,,,
2012-01-23,,,
2012-01-24,,,
2012-01-25,,,
2012-01-26,,,
2012-01-27,,,
2012-01-28,,,
2012-01-29,,,
2012-01-30,,,
2012-01-31,,,
2012-02-01,,,
2012-02-02,,,
2012-02-03,,,
2012-02-04,,,
2012-02-05,,,
2012-02-06,,,
2012-02-07,,,
2012-02-08,,,
2012-02-09,,,
2012-02-10,,,
2012-02-11,,,
2012-02-12,,,
2012-02-13,,,
2012-02-14,,,
2012-02-15,,,
2012-02-16,,,
2012-02-17,,,
2012-02-18,,,
2012-02-19,,,
2012-02-20,,,
2012-02-21,,,
2012-02-22,,,
2012-02-23,,,
2012-02-24,,,
2012-02-25,,,
2012-02-26,,,
2012-02-27,,,
2012-02-28,,,
2012-02-29,,,
2012-03-01,,,
2012-03-02,,,
2012-03-03,,,
2012-03-04,,,
2012-03-05,,,
2012-03-06,,,
2012-03-07,,,
2012-03-08,,,
2012-03-09,,,
2012-03-10,,,
2012-03-11,,,
2012-03-12,,,
2012-03-13,,,
2012-03-14,,,
2012-03-15,,,
2012-03-16,,,
2012-03-17,,,
2012-03-18,,,
2012-03-19,,,
2012-03-20,,,
2012-03-21,,,
2012-03-22,,,
2012-03-23,,,
2012-03-24,,,
2012-03-25,,,
2012-03-26,,,
2012-03-27,,,
2012-03-28,,,
2012-03-29,,,
2012-03-30,,,
2012-03-31,,,
2012-04-01,,,
2012-04-02,,,
2012-04-03,,,
2012-04-04,,,
2012-04-05,,,
2012-04-06,,,
2012-04-07,,,
2012-04-08,,,
2012-04-09,,,
2012-04-10,,,
2012-04-11,,,
2012-04-12,,,
2012-04-13,,,
2012-04-14,,,
2012-04-15,,,
2012-04-16,,,
2012-04-17,,,
2012-04-18,,,
2012-04-19,,,
2012-04-20,,,
2012-04-21,,,
2012-04-22,,,
2012-04-23,,,
2012-04-24,,,
2012-04-25,,,
2012-04-26,,,
2012-04-27,,,
2012-04-28,,,
2012-04-29,,,
2012-04-30,,,
2012-05-01,,,
2012-05-02,,,
2012-05-03,,,
2012-05-04,,,
2012-05-05,,,
2012-05-06,,,
2012-05-07,,,
2012-05-08,,,
2012-05-09,,,
2012-05-10,,,
2012-05-11,,,
2012-05-12,,,
2012-05-13,,,
2012-05-14,,,
2012-05-15,,,
2012-05-16,,,
2012-05-17,,,
2012-05-18,,,
2012-05-19,,,
2012-05-20,,,
2012-05-21,,,
2012-05-22,,,
2012-05-23,,,
2012-05-24,,,
2012-05-25,,,
2012-05-26,,,
2012-05-27,,,
2012-05-28,,,
2012-05-29,,,
2012-05-30,,,
2012-05-31,,,
2012-06-01,,,
2012-06-02,,,
2012-06-03,,,
2012-06-04,,,
2012-06-05,,,
2012-06-06,,,
2012-06-07,,,
2012-06-08,,,
2012-06-09,,,
2012-06-10,,,
2012-06-11,,,
2012-06-12,,,
2012-06-13,,,
2012-06-14,,,
2012-06-15,,,
2012-06-16,,,
2012-06-17,,,
2012-06-18,,,
2012-06-19,,,
2012-06-20,,,
2012-06-21,,,
2012-06-22,,,
2012-06-23,,,
2012-06-24,,,
2012-06-25,,,
2012-06-26,,,
2012-06-27,,,
2012-06-28,,,
2012-06-29,,,
2012-06-30,,,
2012-07-01,,,
2012-07-02,,,
2012-07-03,,,
2012-07-04,,,
2012-07-05,,,
2012-07-06,,,
2012-07-07,,,
2012-07-08,,,
2012-07-09,,,
2012-07-10,,,
2012-07-11,,,
2012-07-12,,,
2012-07-13,,,
2012-07-14,,,
2012-07-15,,,
2012-07-16,,,
2012-07-17,,,
2012-07-18,,,
2012-07-19,,,
2012-07-20,,,
2012-07-21,,,
2012-07-22,,,
2012-07-23,,,
2012-07-24,,,
2012-07-25,,,
2012-07-26,,,
2012-07-27,,,
2012-07-28,,,
2012-07-29,,,
2012-07-30,,,
2012-07-31,,,
2012-08-01,,,
2012-08-02,,,
2012-08-03,,,
2012-08-04,,,
2012-08-05,,,
2012-08-06,,,
2012-08-07,,,
2012-08-08,,,
2012-08-09,,,
2012-08-10,,,
2012-08-11,,,
2012-08-12,,,
2012-08-13,,,
2012-08-14,,,
2012-08-15,,,
2012-08-16,,,
2012-08-17,,,
2012-08-18,,,
2012-08-19,,,
2012-08-20,,,
2012-08-21,,,
2012-08-22,,,
2012-08-23,,,
2012-08-24,,,
2012-08-25,,,
2012-08-26,,,
2012-08-27,,,
2012-08-28,,,
2012-08-29,,,
2012-08-30,,,
2012-08-31,,,
2012-09-01,,,
2012-09-02,,,
2012-09-03,,,
2012-09-04,,,
2012-09-05,,,
2012-09-06,,,
2012-09-07,,,
2012-09-08,,,
2012-09-09,,,
2012-09-10,,,
2012-09-11,,,
2012-09-12,,,
2012-09-13,,,
2012-09-14,,,
2012-09-15,,,
2012-09-16,,,
2012-09-17,,,
2012-09-18,,,
2012-09-19,,,
2012-09-20,,,
2012-09-21,,,
2012-09-22,,,
2012-09-23,,,
2012-09-24,,,
2012-09-25,,,
2012-09-26,,,
2012-09-27,,,
2012-09-28,,,
2012-09-29,,,
2012-09-30,,,
2012-10-01,,,
2012-10-02,,,
2012-10-03,,,
2012-10-04,,,
2012-10-05,,,
2012-10-06,,,
2012-10-07,,,
2012-10-08,,,
2012-10-09,,,
2012-10-10,,,
2012-10-11,,,
2012-10-12,,,
2012-10-13,,,
2012-10-14,,,
2012-10-15,,,
2012-10-16,,,
2012-10-17,,,
2012-10-18,,,
2012-10-19,,,
2012-10-20,,,
2012-10-21,,,
2012-10-22,,,
2012-10-23,,,
2012-10-24,,,
2012-10-25,,,
2012-10-26,,,
2012-10-27,,,
2012-10-28,,,
2012-10-29,,,
2012-10-30,,,
2012-10-31,,,
2012-11-01,,,
2012-11-02,,,
2012-11-03,,,
2012-11-04,,,
2012-11-05,,,
2012-11-06,,,
2012-11-07,,,
2012-11-08,,,
2012-11-09,,,
2012-11-10,,,
2012-11-11,,,
2012-11-12,,,
2012-11-13,,,
2012-11-14,,,
2012-11-15,,,
2012-11-16,,,
2012-11-17,,,
2012-11-18,,,
2012-11-19,,,
2012-11-20,,,
2012-11-21,,,
2012-11-22,,,
2012-11-23,,,
2012-11-24,,,
2012-11-25,,,
2012-11-26,,,
2012-11-27,,,
2012-11-28,,,
2012-11-29,,,
2012-11-30,,,
2012-12-01,,,
2012-12-02,,,
2012-12-03,,,
2012-12-04,,,
2012-12-05,,,
2012-12-06,,,
2012-12-07,,,
2012-12-08,,,
2012-12-09,,,
2012-12-10,,,
2012-12-11,,,
2012-12-12,,,
2012-12-13,,,
2012-12-14,,,
2012-12-15,,,
2012-12-16,,,
2012-12-17,,,
2012-12-18,,,
2012-12-19,,,
2012-12-20,,,
2012-12-21,,,
2012-12-22,,,
2012-12-23,,,
2012-12-24,,,
2012-12-25,,,
2012-12-26,,,
2012-12-27,,,
2012-12-28,,,
2012-12-29,,,
2012-12-30,1.0221156464262804,,
2012-12-31,1.0395364568810535,,
2013-01-01,0.9579107015546887,,
2013-01-02,0.9362283413157989,,
2013-01-03,0.9667582545758805,,
2013-01-04,0.9814381776634113,,
2013-01-05,0.9780568758511439,,
2013-01-06,0.9882935250689598,,
2013-01-07,0.9991855664012613,,
2013-01-08,1.0632810211440789,,
2013-01-09,1.0687851640829906,,
2013-01-10,1.1567810261171148,,
2013-01-11,1.178845901299211,,
2013-01-12,1.1649188519354625,,
2013-01-13,1.1351247740769386,,
2013-01-14,1.1787202203316565,,
2013-01-15,1.1630255661603017,,
2013-01-16,1.2816339615346444,,
2013-01-17,1.5489148297078703,,
2013-01-18,1.5602939790889543,,
2013-01-19,1.4988692465906863,,
2013-01-20,1.5278414283494435,,
2013-01-21,1.8374666474465595,,
2013-01-22,1.9338586126075117,,
2013-01-23,1.9624357994102928,,
2013-01-24,1.7233551651295096,,
2013-01-25,1.8533922194290051,,
2013-01-26,1.8656113805102992,,
2013-01-27,1.907108039946587,,
2013-01-28,2.1414254116842852,,
2013-01-29,2.2525573295712067,,
2013-01-30,2.2390388710774705,,
2013-01-31,2.367431110191918,,
2013-02-01,2.2167716329917857,,
2013-02-02,1.958293797972036,,
2013-02-03,2.183221612438712,,
2013-02-04,2.103104934960136,,
2013-02-05,2.118436813972851,,
2013-02-06,2.2195118519460766,,
2013-02-07,2.4052250585698114,,
2013-02-08,2.4985807796286896,,
2013-02-09,2.6723719674040276,,
2013-02-10,2.659041699937512,,
2013-02-11,2.737513686044157,,
2013-02-12,2.7741318586752453,,
2013-02-13,2.6031714297812085,,
2013-02-14,3.1145109179161614,,
2013-02-15,2.9525217176551326,,
2013-02-16,2.899067702989283,,
2013-02-17,2.7267457679454954,,
2013-02-18,2.658683991794118,,
2013-02-19,3.085416900091071,,
2013-02-20,3.062876935964645,,
2013-02-21,2.9782257342982184,,
2013-02-22,3.0094997042344684,,
2013-02-23,2.803540593431177,,
2013-02-24,2.718422030719915,,
2013-02-25,2.6639184524428376,,
2013-02-26,2.7329801959247253,,
2013-02-27,2.6954821228318857,,
2013-02-28,2.9099866718189893,,
2013-03-01,3.0137009437284794,,
2013-03-02,2.864337867834621,,
2013-03-03,2.8562189248335197,,
2013-03-04,3.076173894011171,,
2013-03-05,3.546043459496706,,
2013-03-06,3.6249839227351943,,
2013-03-07,3.253798485789918,,
2013-03-08,3.414192549051283,,
2013-03-09,3.650468524595941,,
2013-03-10,3.4212041084802567,,
2013-03-11,3.573247105024566,,
2013-03-12,2.969780082210959,,
2013-03-13,3.178491706150898,,
2013-03-14,3.062678282187948,,
2013-03-15,2.9619211369088108,,
2013-03-16,2.9179060411059647,,
2013-03-17,2.86753612283048,,
2013-03-18,3.200324735728713,,
2013-03-19,3.806675894614712,,
2013-03-20,3.976332666470795,,
2013-03-21,4.264106257227227,,
2013-03-22,3.8983671502812376,,
2013-03-23,3.291525810282043,,
2013-03-24,3.7359397756366723,,
2013-03-25,3.672556062810553,,
2013-03-26,3.8023128412408216,,
2013-03-27,4.237335398677903,,
2013-03-28,3.845926791870332,,
2013-03-29,3.809128095665809,,
2013-03-30,3.674230725345504,,
2013-03-31,3.6390377465608554,,
2013-04-01,3.8357707454190044,,
2013-04-02,4.167583265027435,,
2013-04-03,4.211425953562186,,
2013-04-04,3.9870734328349484,,
2013-04-05,3.8827124757411777,,
2013-04-06,3.695274301104181,,
2013-04-07,4.166677531579035,,
2013-04-08,4.421334771107719,,
2013-04-09,4.68053051143208,,
2013-04-10,2.447128820722605,,
2013-04-11,0.4122248777962387,,
2013-04-12,1.296848086925615,,
2013-04-13,0.8898379822110943,,
2013-04-14,0.6406380565449543,,
2013-04-15,0.42540895298578063,,
2013-04-16,0.06057638364478636,,
2013-04-17,0.7938249490504617,,
2013-04-18,1.2239413647140616,,
2013-04-19,1.4778638320461848,,
2013-04-20,1.6928351000847195,,
2013-04-21,1.36536887013142,,
2013-04-22,1.549268965782849,,
2013-04-23,1.9091694813165259,,
2013-04-24,2.0491153725596716,,
2013-04-25,1.6298011546346791,,
2013-04-26,1.5025306163356418,,
2013-04-27,1.2381034006055316,,
2013-04-28,1.3819719797177352,,
2013-04-29,1.5616530142040599,,
2013-04-30,1.416309860115778,,
2013-05-01,0.8501913227943514,,
2013-05-02,0.614430673435495,,
2013-05-03,0.36403298855447974,,
2013-05-04,0.772165650215939,,
2013-05-05,0.8607142831001776,,
2013-05-06,0.7434245938406312,,
2013-05-07,0.7244657564835207,,
2013-05-08,0.7595820082858139,,
2013-05-09,0.7253946366757998,,
2013-05-10,0.8703749212436228,,
2013-05-11,0.7995798132494714,,
2013-05-12,0.7776288014227548,,
2013-05-13,0.8325605734711422,,
2013-05-14,0.5945663720009411,,
2013-05-15,0.6156284577655186,,
2013-05-16,0.7089754702154744,,
2013-05-17,0.8098637146194337,,
2013-05-18,0.812829346106083,,
2013-05-19,0.7794357698512474,,
2013-05-20,0.7923328440099386,,
2013-05-21,0.7730172843635872,,
2013-05-22,0.8081750140950013,,
2013-05-23,0.913804026440504,,
2013-05-24,1.0253988955313618,,
2013-05-25,0.9807135447671642,,
2013-05-26,1.0057018722743416,,
2013-05-27,0.9052340694783605,,
2013-05-28,0.8849303622865028,,
2013-05-29,0.9556971228469081,,
2013-05-30,0.871316729218785,,
2013-05-31,0.8897484258554991,,
2013-06-01,0.90354093785169,,
2013-06-02,0.7485893352338064,,
2013-06-03,0.7483608823131149,,
2013-06-04,0.6752234150229649,,
2013-06-05,0.681043273732901,,
2013-06-06,0.6200018717016621,,
2013-06-07,0.4120596664648003,,
2013-06-08,0.3875443789510796,,
2013-06-09,0.16896835888342482,,
2013-06-10,0.2751780477694041,,
2013-06-11,0.3440963367165731,,
2013-06-12,0.3170371290909761,,
2013-06-13,0.20044070250442697,,
2013-06-14,0.15116485287252823,,
2013-06-15,0.1661432248012353,,
2013-06-16,0.14547119170196943,,
2013-06-17,0.17141161691187573,,
2013-06-18,0.26950744705783086,,
2013-06-19,0.27086799659824484,,
2013-06-20,0.26784411844077666,,
2013-06-21,0.19917926244432527,,
2013-06-22,0.1653345094721361,,
2013-06-23,0.171631325451945,,
2013-06-24,0.1400111858060311,,
2013-06-25,0.11104103544307743,,
2013-06-26,0.1290439596796649,,
2013-06-27,0.08573504523921639,,
2013-06-28,-0.08702139659538606,,
2013-06-29,-0.10283028474953132,,
2013-06-30,-0.08473197436671964,,
2013-07-01,-0.24428508542358804,,
2013-07-02,-0.12740387726951047,,
2013-07-03,-0.3660753067248763,,
2013-07-04,-0.3279326673850883,,
2013-07-05,-0.5978999797499689,,
2013-07-06,-0.6129538999344494,,
2013-07-07,-0.4697293654010071,,
2013-07-08,-0.42278939441600766,,
2013-07-09,-0.398772592568425,,
2013-07-10,-0.15924509016346006,,
2013-07-11,-0.10042955546003182,,
2013-07-12,-0.04425149782266533,,
2013-07-13,-0.013495274075368798,,
2013-07-14,-0.056114354220832954,,
2013-07-15,0.03684846411486727,,
2013-07-16,-0.011422900013089267,,
2013-07-17,-0.028182448666443777,,
2013-07-18,-0.17214878886230484,,
2013-07-19,-0.13836447929471798,,
2013-07-20,-0.16969181464315045,,
2013-07-21,-0.15071295949142743,,
2013-07-22,-0.15027409952410697,,
2013-07-23,-0.11790812672781108,,
2013-07-24,-0.0900313397748424,,
2013-07-25,-0.04205651702306012,,
2013-07-26,-0.0480114889812005,,
2013-07-27,-0.09425062105612185,,
2013-07-28,0.017186609052835394,,
2013-07-29,0.030795558243484643,,
2013-07-30,0.1098594466854109,,
2013-07-31,0.1371603310083885,,
2013-08-01,0.09876253891415449,,
2013-08-02,0.07851354414612098,,
2013-08-03,0.04792353787479672,,
2013-08-04,0.06693307286892893,,
2013-08-05,0.09039817394839948,,
2013-08-06,0.09250931487888443,,
2013-08-07,0.07539775469622571,,
2013-08-08,0.005693584440197976,,
2013-08-09,-0.03888535241857615,,
2013-08-10,-0.019895622005706222,,
2013-08-11,0.002787373705217122,,
2013-08-12,0.03026663130148815,,
2013-08-13,0.07434657617810338,,
2013-08-14,0.1041518285852063,,
2013-08-15,0.07431760133520283,,
2013-08-16,0.07635056384587585,,
2013-08-17,0.10555613455438272,,
2013-08-18,0.09263701535128017,,
2013-08-19,0.1755070785706402,,
2013-08-20,0.2121373649757793,,
2013-08-21,0.35695298395744046,,
2013-08-22,0.32095003152516666,,
2013-08-23,0.27063549454052294,,
2013-08-24,0.296341303005239,,
2013-08-25,0.3929019544850504,,
2013-08-26,0.36388129006304554,,
2013-08-27,0.49035807656005315,,
2013-08-28,0.49386519522849304,,
2013-08-29,0.4955866001011582,,
2013-08-30,0.62681813322184,,
2013-08-31,0.6949352386184472,,
2013-09-01,0.7310811800331803,,
2013-09-02,0.6951204979319892,,
2013-09-03,0.6644773090386699,,
2013-09-04,0.5063607317527644,,
2013-09-05,0.4976137076009715,,
2013-09-06,0.3893304541871275,,
2013-09-07,0.4306034280856276,,
2013-09-08,0.38686936639508207,,
2013-09-09,0.45120490564429067,,
2013-09-10,0.4671979970798747,,
2013-09-11,0.5696628532971121,,
2013-09-12,0.5452140346295048,,
2013-09-13,0.5539765485363686,,
2013-09-14,0.47146017872770085,,
2013-09-15,0.4840798297719522,,
2013-09-16,0.5023113931493365,,
2013-09-17,0.513509717199885,,
2013-09-18,0.5063674139523658,,
2013-09-19,0.42548138550134534,,
2013-09-20,0.3939617134688207,,
2013-09-21,0.4041905948959871,,
2013-09-22,0.3887700567494712,,
2013-09-23,0.37994600477681223,,
2013-09-24,0.39485960772502415,,
2013-09-25,0.3855377700346172,,
2013-09-26,0.4051935836456966,,
2013-09-27,0.44360390903124225,,
2013-09-28,0.44430392912844197,,
2013-09-29,0.4469503146326758,,
2013-09-30,0.4180191981179835,,
2013-10-01,0.44498454396123616,,
2013-10-02,-0.07191714957966076,,
2013-10-03,0.22549644907993177,,
2013-10-04,0.3193648065707981,,
2013-10-05,0.30350906763871577,,
2013-10-06,0.32355773005533317,,
2013-10-07,0.3312664056081401,,
2013-10-08,0.3458894518182484,,
2013-10-09,0.36530675611309743,,
2013-10-10,0.37805826462364955,,
2013-10-11,0.3849910623944982,,
2013-10-12,0.39238254974343695,,
2013-10-13,0.4873935715277998,,
2013-10-14,0.5408901443888178,,
2013-10-15,0.6599802143591798,,
2013-10-16,0.5704935240582847,,
2013-10-17,0.673666419967543,,
2013-10-18,0.8538596595383656,,
2013-10-19,1.1023891011939035,,
2013-10-20,1.098060319373069,,
2013-10-21,1.30114480883332,,
2013-10-22,1.4362538899161863,,
2013-10-23,1.6293589493891925,,
2013-10-24,1.388654744017325,,
2013-10-25,1.0901435004195217,,
2013-10-26,0.9704763455606,,
2013-10-27,1.2314346616075478,,
2013-10-28,1.2459476573849897,,
2013-10-29,1.34417350392069,,
2013-10-30,1.2040029262221172,,
2013-10-31,1.2788608653348905,,
2013-11-01,1.2485178320194594,,
2013-11-02,1.2650864224065015,,
2013-11-03,1.3412790473211076,,
2013-11-04,1.5667383763603726,,
2013-11-05,1.7350761958690901,,
2013-11-06,1.9978618675293245,,
2013-11-07,2.2586129365289374,,
2013-11-08,2.760217793491539,,
2013-11-09,2.5925114772774145,,
2013-11-10,2.453988858558223,,
2013-11-11,2.570177062377758,,
2013-11-12,2.6080726180622387,,
2013-11-13,2.976556700965957,,
2013-11-14,3.068799525679633,,
2013-11-15,2.8201515175624574,,
2013-11-16,3.0399906420837812,,
2013-11-17,3.442513352048842,,
2013-11-18,4.771667718681971,,
2013-11-19,3.3443228066845556,,
2013-11-20,3.534157833128348,,
2013-11-21,4.387013162260443,,
2013-11-22,4.319671179423116,,
2013-11-23,4.1587636570742585,,
2013-11-24,3.7750458070848225,,
2013-11-25,3.552591522347085,,
2013-11-26,3.4663977747606305,,
2013-11-27,3.4204675416836317,,
2013-11-28,3.3200160379783124,,
2013-11-29,3.5551150198170043,,
2013-11-30,3.3196531565962646,,
2013-12-01,2.4906068639288534,,
2013-12-02,2.733231404114741,,
2013-12-03,2.6794238827103136,,
2013-12-04,2.876138912881845,,
2013-12-05,2.309165369303234,,
2013-12-06,1.4302397455181817,,
2013-12-07,0.8936971060323385,,
2013-12-08,1.2156096701288428,,
2013-12-09,1.6667894550572362,,
2013-12-10,1.9567126891031932,,
2013-12-11,1.483936899782264,,
2013-12-12,1.4575615346957034,,
2013-12-13,1.444909126649984,,
2013-12-14,1.3441359746348431,,
2013-12-15,1.3685445476728886,,
2013-12-16,0.6161409123171487,,
2013-12-17,0.6346646098540998,,
2013-12-18,0.004862640133253748,,
2013-12-19,0.6495430950953704,,
2013-12-20,0.30149043221700883,,
2013-12-21,0.2483517361982323,,
2013-12-22,0.3591314637625701,,
2013-12-23,0.5272499851893238,,
2013-12-24,0.44600334159619354,,
2013-12-25,0.5436675717441752,,
2013-12-26,0.8135870839103339,,
2013-12-27,0.6879369999804086,,
2013-12-28,0.6580608957309795,,
2013-12-29,0.6984045146932003,,
2013-12-30,0.7292616489398657,,
2013-12-31,0.7014666505547525,,
2014-01-01,0.7902134098042775,,
2014-01-02,0.9041806611691762,,
2014-01-03,0.9729122227348859,,
2014-01-04,1.0013716546517297,,
2014-01-05,1.250777301813526,,
2014-01-06,1.2708679450043174,,
2014-01-07,0.8428518976284524,,
2014-01-08,0.8785275180829829,,
2014-01-09,0.9073309472194925,,
2014-01-10,0.9806264964306761,,
2014-01-11,1.083791619425429,,
2014-01-12,0.906841875761388,,
2014-01-13,0.8172263418245703,,
2014-01-14,0.7768788794930849,,
2014-01-15,0.8502761322902317,,
2014-01-16,0.7474299088816024,,
2014-01-17,0.6601464983098564,,
2014-01-18,0.7169783401357295,,
2014-01-19,0.8111178995967723,,
2014-01-20,0.768294896664553,,
2014-01-21,0.7438781469840229,,
2014-01-22,0.7160788053330857,,
2014-01-23,0.6831038096307412,,
2014-01-24,0.5699124639910256,,
2014-01-25,0.6457279803236293,,
2014-01-26,0.676729390944549,,
2014-01-27,0.4215039340575036,,
2014-01-28,0.5834816744501731,,
2014-01-29,0.5876951768138599,,
2014-01-30,0.6033008600080252,,
2014-01-31,0.612504459272917,,
2014-02-01,0.6350967249808486,,
2014-02-02,0.6351616551910984,,
2014-02-03,0.6041369700907793,,
2014-02-04,0.5776000286812867,,
2014-02-05,0.43303396573620756,,
2014-02-06,0.3598948843294607,,
2014-02-07,0.18702727486540432,,
2014-02-08,0.07356436504298837,,
2014-02-09,0.10556293209189963,,
2014-02-10,0.09796410908028329,,
2014-02-11,0.053153220330994615,,
2014-02-12,-0.006361843203703527,,
2014-02-13,-0.1446975822204118,,
2014-02-14,0.04332459959143326,,
2014-02-15,-0.006582584869680302,,
2014-02-16,-0.11286895533252972,,
2014-02-17,-0.0842408295874057,,
2014-02-18,-0.0982850791623252,,
2014-02-19,-0.10800354131095374,,
2014-02-20,-0.3112601141390237,,
2014-02-21,-0.25423722604429344,,
2014-02-22,-0.16143237823600162,,
2014-02-23,-0.151437956087302,,
2014-02-24,-0.3750500290992972,,
2014-02-25,-0.38971862091306797,,
2014-02-26,-0.2033347480750826,,
2014-02-27,-0.2090674655680191,,
2014-02-28,-0.3319224952937532,,
2014-03-01,-0.2729012066817842,,
2014-03-02,-0.30255662079753476,,
2014-03-03,0.10333974142718151,,
2014-03-04,0.09468534452703765,,
2014-03-05,0.07562109504691755,,
2014-03-06,0.06158791169071863,,
2014-03-07,-0.13325148537272868,,
2014-03-08,-0.16984033296427237,,
2014-03-09,-0.14593518640476028,,
2014-03-10,-0.19109676329237002,,
2014-03-11,-0.17530409221454174,,
2014-03-12,-0.1767459458112433,,
2014-03-13,-0.1502265128059704,,
2014-03-14,-0.19874605568488804,,
2014-03-15,-0.17344001179519686,,
2014-03-16,-0.18115292510285566,,
2014-03-17,-0.21927687704896187,,
2014-03-18,-0.24877287964693184,,
2014-03-19,-0.2618802712577419,,
2014-03-20,-0.3392470057746384,,
2014-03-21,-0.4015863013384063,,
2014-03-22,-0.4182189827681165,,
2014-03-23,-0.4367498312562711,,
2014-03-24,-0.3513423476432847,,
2014-03-25,-0.35705183630010995,,
2014-03-26,-0.3723484602776718,,
2014-03-27,-0.6865317320088042,,
2014-03-28,-0.6321670457150409,,
2014-03-29,-0.6611558000564723,,
2014-03-30,-0.759783971232132,,
2014-03-31,-0.7676159162408323,,
2014-04-01,-0.6868948167018163,,
2014-04-02,-0.8177153780974538,,
2014-04-03,-0.7814010732860925,,
2014-04-04,-0.778586876645301,,
2014-04-05,-0.7323194575282035,,
2014-04-06,-0.742056332860837,,
2014-04-07,-0.774235044024276,,
2014-04-08,-0.7583802586203836,,
2014-04-09,-0.7915540679318187,,
2014-04-10,-1.0406957713888005,,
2014-04-11,-0.8490643437175945,,
2014-04-12,-0.8399472230380798,,
2014-04-13,-0.865923609926848,,
2014-04-14,-0.7130658912478168,,
2014-04-15,-0.508496222062981,,
2014-04-16,-0.48261806745481617,,
2014-04-17,-0.5913235541398082,,
2014-04-18,-0.6463996206054219,,
2014-04-19,-0.5739645514727526,,
2014-04-20,-0.5821422711964112,,
2014-04-21,-0.5936855202292717,,
2014-04-22,-0.6214767687153493,,
2014-04-23,-0.6200320788174515,,
2014-04-24,-0.5774399841892304,,
2014-04-25,-0.7008308476261494,,
2014-04-26,-0.7243958883917695,,
2014-04-27,-0.7931123185123843,,
2014-04-28,-0.780933501432647,,
2014-04-29,-0.7585832823375639,,
2014-04-30,-0.7536704064530902,,
2014-05-01,-0.7144876636988893,,
2014-05-02,-0.7410602842436752,,
2014-05-03,-0.7851542888858059,,
2014-05-04,-0.7917460952479202,,
2014-05-05,-0.8048385526642405,,
2014-05-06,-0.8104874692197215,,
2014-05-07,-0.7679936987265717,,
2014-05-08,-0.7732056464645255,,
2014-05-09,-0.7306299783355433,,
2014-05-10,-0.7161983392775633,,
2014-05-11,-0.7758336535873575,,
2014-05-12,-0.7672143651292267,,
2014-05-13,-0.7737914445991058,,
2014-05-14,-0.752389696973163,,
2014-05-15,-0.7442592352775463,,
2014-05-16,-0.7368993771082778,,
2014-05-17,-0.7346117024750269,,
2014-05-18,-0.741910015290174,,
2014-05-19,-0.7393854143233648,,
2014-05-20,-0.5929426301302523,,
2014-05-21,-0.5814163595838476,,
2014-05-22,-0.47089291962890606,,
2014-05-23,-0.48263707389789484,,
2014-05-24,-0.4709308791797241,,
2014-05-25,-0.31934093614886333,,
2014-05-26,-0.28198484999514717,,
2014-05-27,-0.33586376152513975,,
2014-05-28,-0.3201770694976154,,
2014-05-29,-0.35103692832624245,,
2014-05-30,-0.19334117564436756,,
2014-05-31,-0.17364071385413538,,
2014-06-01,-0.1697469232369284,,
2014-06-02,-0.06552702802874112,,
2014-06-03,-0.04124986751950846,,
2014-06-04,-0.13928884400541813,,
2014-06-05,-0.0843129777497099,,
2014-06-06,-0.12327454916375231,,
2014-06-07,-0.10302169388878923,,
2014-06-08,-0.1020393821581728,,
2014-06-09,-0.13798430245416932,,
2014-06-10,-0.13366282579417035,,
2014-06-11,-0.20027935636371846,,
2014-06-12,-0.35872250709120584,,
2014-06-13,-0.34352927053670135,,
2014-06-14,-0.4133363643870097,,
2014-06-15,-0.36725385689260565,,
2014-06-16,-0.3655204751471781,,
2014-06-17,-0.30569794025108116,,
2014-06-18,-0.31124180157286313,,
2014-06-19,-0.3504209439362321,,
2014-06-20,-0.36477672465447963,,
2014-06-21,-0.3612248555567531,,
2014-06-22,-0.3395256617781543,,
2014-06-23,-0.37392060374704367,,
2014-06-24,-0.40635192157900574,,
2014-06-25,-0.4639050132511541,,
2014-06-26,-0.40514568221181185,,
2014-06-27,-0.34145441633812,,
2014-06-28,-0.3624986065170402,,
2014-06-29,-0.34522237670729117,,
2014-06-30,-0.22473598049892823,,
2014-07-01,-0.21519198317524244,,
2014-07-02,-0.19444384572060164,,
2014-07-03,-0.21390446406697197,,
2014-07-04,-0.26627061407991054,,
2014-07-05,-0.2678273837523219,,
2014-07-06,-0.25510722811613734,,
2014-07-07,-0.2946405984922312,,
2014-07-08,-0.28853734761812483,,
2014-07-09,-0.3014183286564068,,
2014-07-10,-0.3200862806906373,,
2014-07-11,-0.2630170355593551,,
2014-07-12,-0.2561488908121583,,
2014-07-13,-0.2798436318123583,,
2014-07-14,-0.31487703449305626,,
2014-07-15,-0.30694504940047407,,
2014-07-16,-0.3254761848137597,,
2014-07-17,-0.3011961022811908,,
2014-07-18,-0.28140089004304153,,
2014-07-19,-0.28659051488813286,,
2014-07-20,-0.3002052938127204,,
2014-07-21,-0.31524793620811464,,
2014-07-22,-0.3207475144789332,,
2014-07-23,-0.3229134531452749,,
2014-07-24,-0.3780648646801302,,
2014-07-25,-0.38265511415896797,,
2014-07-26,-0.4049684511389222,,
2014-07-27,-0.41536417677874204,,
2014-07-28,-0.42836323859878095,,
2014-07-29,-0.43866991539337324,,
2014-07-30,-0.5063231203527339,,
2014-07-31,-0.4452970521934819,,
2014-08-01,-0.4002157664803186,,
2014-08-02,-0.4226466901301289,,
2014-08-03,-0.4323256905489534,,
2014-08-04,-0.43141690703275054,,
2014-08-05,-0.46086726158001673,,
2014-08-06,-0.4599115954759177,,
2014-08-07,-0.4482629420430612,,
2014-08-08,-0.4390400310380628,,
2014-08-09,-0.43991248009346645,,
2014-08-10,-0.4391821881195416,,
2014-08-11,-0.4904057736994222,,
2014-08-12,-0.5067997236325966,,
2014-08-13,-0.5705865948924457,,
2014-08-14,-0.70682522510737,,
2014-08-15,-0.7209323749799168,,
2014-08-16,-0.6512523307734593,,
2014-08-17,-0.7286609081688068,,
2014-08-18,-0.8176160299213847,,
2014-08-19,-0.7584956819897765,,
2014-08-20,-0.6664440980970231,,
2014-08-21,-0.6519420165932165,,
2014-08-22,-0.6618083202668885,,
2014-08-23,-0.722131542124544,,
2014-08-24,-0.6848310987810962,,
2014-08-25,-0.7063810965910453,,
2014-08-26,-0.6728559000011348,,
2014-08-27,-0.677691392469591,,
2014-08-28,-0.6824470027055594,,
2014-08-29,-0.6726577389820898,,
2014-08-30,-0.6969885366724101,,
2014-08-31,-0.7710308756191759,,
2014-09-01,-0.7836300595824797,,
2014-09-02,-0.7821352308494771,,
2014-09-03,-0.7827748519581104,,
2014-09-04,-0.7313889526485633,,
2014-09-05,-0.766726047143634,,
2014-09-06,-0.7602385739779918,,
2014-09-07,-0.7660639345715096,,
2014-09-08,-0.7957417249357849,,
2014-09-09,-0.7789107090384729,,
2014-09-10,-0.7634762716762479,,
2014-09-11,-0.7642412608464663,,
2014-09-12,-0.773419381373513,,
2014-09-13,-0.7597871638132563,,
2014-09-14,-0.7669187622997745,,
2014-09-15,-0.7756140136816332,,
2014-09-16,-0.8024421677719467,,
2014-09-17,-0.8273982601814104,,
2014-09-18,-0.9213682626337594,,
2014-09-19,-1.0261326685617937,,
2014-09-20,-0.9650676840381158,,
2014-09-21,-0.9987794909506148,,
2014-09-22,-0.995271320051482,,
2014-09-23,-0.8688293794469383,,
2014-09-24,-0.9166074941391752,,
2014-09-25,-0.9621338216198192,,
2014-09-26,-0.973336079997999,,
2014-09-27,-0.9873414146141526,,
2014-09-28,-1.0695194509256816,,
2014-09-29,-1.0732644565508798,,
2014-09-30,-1.0167269988483612,,
2014-10-01,-1.0355987927932915,,
2014-10-02,-1.068193741399393,,
2014-10-03,-1.1128838565705186,,
2014-10-04,-1.2066897852921463,,
2014-10-05,-1.2248502140488462,,
2014-10-06,-1.2008768512894779,,
2014-10-07,-1.1751752376751146,,
2014-10-08,-1.1029394318278494,,
2014-10-09,-1.0751291947052544,,
2014-10-10,-1.0824223338295251,,
2014-10-11,-1.0701129015514796,,
2014-10-12,-1.0138645697488544,,
2014-10-13,-0.9666066726772817,,
2014-10-14,-0.9357816230342975,,
2014-10-15,-0.9534101230490406,,
2014-10-16,-0.9945213776538189,,
2014-10-17,-0.9925636491256167,,
2014-10-18,-0.9606689245209513,,
2014-10-19,-0.9686941125648845,,
2014-10-20,-0.9929913354063237,,
2014-10-21,-0.9779969873252637,,
2014-10-22,-0.991594957251022,,
2014-10-23,-1.0695867266184667,,
2014-10-24,-1.0662834955728038,,
2014-10-25,-1.1043831637432835,,
2014-10-26,-1.0777154732015726,,
2014-10-27,-1.0859403206949403,,
2014-10-28,-1.0683694303672198,,
2014-10-29,-1.1380060026300196,,
2014-10-30,-1.0978529332741187,,
2014-10-31,-1.1200958173202618,,
2014-11-01,-1.1623854256094945,,
2014-11-02,-1.160866907756385,,
2014-11-03,-1.1545866175146215,,
2014-11-04,-1.136885692600926,,
2014-11-05,-1.10337353926833,,
2014-11-06,-1.066179728618971,,
2014-11-07,-1.0903664944975866,,
2014-11-08,-1.076824102195531,,
2014-11-09,-1.0126657525927747,,
2014-11-10,-1.005192117459323,,
2014-11-11,-0.9957727003138785,,
2014-11-12,-0.8073740693201804,,
2014-11-13,-0.813719986206873,,
2014-11-14,-0.8938650566491532,,
2014-11-15,-0.9630554614292374,,
2014-11-16,-0.920079801855965,,
2014-11-17,-0.9275200047371266,,
2014-11-18,-0.9730436589070163,,
2014-11-19,-0.9580040167542008,,
2014-11-20,-1.02963949978896,,
2014-11-21,-1.0464503972818249,,
2014-11-22,-1.039164592525644,,
2014-11-23,-0.9848496747993929,,
2014-11-24,-0.9520104700809129,,
2014-11-25,-0.9515707131414519,,
2014-11-26,-0.9821046027798407,,
2014-11-27,-0.9739937933711995,,
2014-11-28,-0.931450352249916,,
2014-11-29,-0.9367730654091219,,
2014-11-30,-0.9269009027905512,,
2014-12-01,-0.9243570502541949,,
2014-12-02,-0.9085358993726428,,
2014-12-03,-0.9323244673279888,,
2014-12-04,-0.9524115161242359,,
2014-12-05,-0.9177851675924106,,
2014-12-06,-0.9284952251333153,,
2014-12-07,-0.9221937407930586,,
2014-12-08,-0.9587007084071744,,
2014-12-09,-1.000740850476707,,
2014-12-10,-1.0082551414210394,,
2014-12-11,-1.0039463589459567,,
2014-12-12,-0.986124928386763,,
2014-12-13,-0.9990206230670519,,
2014-12-14,-0.9734891562846818,,
2014-12-15,-1.0038177018433896,,
2014-12-16,-1.0680939363208142,,
2014-12-17,-1.0956587598916465,,
2014-12-18,-1.1174284591221173,,
2014-12-19,-1.0981928104517202,,
2014-12-20,-1.0538532030798906,,
2014-12-21,-1.082460621160657,,
2014-12-22,-1.041862077903998,,
2014-12-23,-1.01970829061425,,
2014-12-24,-1.065564258664621,,
2014-12-25,-1.0787231703507778,,
2014-12-26,-1.0403775360326444,,
2014-12-27,-1.0868912943273596,,
2014-12-28,-1.0811262746519366,,
2014-12-29,-1.0934772991124833,,
2014-12-30,-1.096603131295755,,
2014-12-31,-1.0565671604998774,,
2015-01-01,-1.0768568796492322,,
2015-01-02,-1.0711826319537694,,
2015-01-03,-1.1781771079922054,,
2015-01-04,-1.2566552650974454,,
2015-01-05,-1.2102401778833574,,
2015-01-06,-1.1626371642999629,,
2015-01-07,-1.1244875157190193,,
2015-01-08,-1.1692696677320304,,
2015-01-09,-1.135750042852585,,
2015-01-10,-1.1934620165595682,,
2015-01-11,-1.2191139103746282,,
2015-01-12,-1.2168466250975334,,
2015-01-13,-1.3766716055388877,,
2015-01-14,-1.5498622916446327,,
2015-01-15,-1.409610925435393,,
2015-01-16,-1.4243526786511436,,
2015-01-17,-1.4507189232998665,,
2015-01-18,-1.4058839589495014,,
2015-01-19,-1.3819449241774016,,
2015-01-20,-1.3979454927470003,,
2015-01-21,-1.3315511277259282,,
2015-01-22,-1.308067891131902,,
2015-01-23,-1.307970626666121,,
2015-01-24,-1.246459165434003,,
2015-01-25,-1.224478773748129,,
2015-01-26,-1.146788824602142,,
2015-01-27,-1.1798478234948087,,
2015-01-28,-1.287324882862261,,
2015-01-29,-1.2914945450835493,,
2015-01-30,-1.3079951686601856,,
2015-01-31,-1.3486872985759526,,
2015-02-01,-1.309597225401235,,
2015-02-02,-1.2582662248082856,,
2015-02-03,-1.3030131636805236,,
2015-02-04,-1.3044230801803083,,
2015-02-05,-1.3388545426286405,,
2015-02-06,-1.3151529386634317,,
2015-02-07,-1.2906692250498424,,
2015-02-08,-1.3063337623170796,,
2015-02-09,-1.316376324600083,,
2015-02-10,-1.3138562384764625,,
2015-02-11,-1.3165804863975925,,
2015-02-12,-1.3029325850413571,,
2015-02-13,-1.248016493214205,,
2015-02-14,-1.1663843836099221,,
2015-02-15,-1.2530513483945842,,
2015-02-16,-1.2487836353440263,,
2015-02-17,-1.2136175606486794,,
2015-02-18,-1.2421573723582515,,
2015-02-19,-1.21634633820499,,
2015-02-20,-1.2023548353449058,,
2015-02-21,-1.200696669649668,,
2015-02-22,-1.2329288152067035,,
2015-02-23,-1.2218333337194174,,
2015-02-24,-1.2169234605816897,,
2015-02-25,-1.220642576269168,,
2015-02-26,-1.2235285832433278,,
2015-02-27,-1.1532648566844093,,
2015-02-28,-1.152389159857481,,
2015-03-01,-1.1300228993258197,,
2015-03-02,-1.0693627865616253,,
2015-03-03,-1.0426051041540654,,
2015-03-04,-1.0771006349130843,,
2015-03-05,-1.0646408637838785,,
2015-03-06,-1.0750198710273202,,
2015-03-07,-1.0609941346223666,,
2015-03-08,-1.0626880019257876,,
2015-03-09,-1.0037571962473493,,
2015-03-10,-0.9967467310184119,,
2015-03-11,-0.9798450681400996,,
2015-03-12,-0.9854632309986587,,
2015-03-13,-1.0208086778914196,,
2015-03-14,-1.028626026358266,,
2015-03-15,-1.013585401275161,,
2015-03-16,-0.9964918761372711,,
2015-03-17,-1.0191725429063132,,
2015-03-18,-1.1238177277893955,,
2015-03-19,-1.103602435680212,,
2015-03-20,-1.0987834536759238,,
2015-03-21,-1.1043601786194444,,
2015-03-22,-1.0735001777856694,,
2015-03-23,-1.0802855554102506,,
2015-03-24,-1.1548649960953759,,
2015-03-25,-1.153333663410302,,
2015-03-26,-1.140769759907128,,
2015-03-27,-1.147365223762779,,
2015-03-28,-1.123520426861302,,
2015-03-29,-1.1616039156369158,,
2015-03-30,-1.139241856994621,,
2015-03-31,-1.1516591694533844,,
2015-04-01,-1.1386909035652364,,
2015-04-02,-1.1128242576895333,,
2015-04-03,-1.1066854249402878,,
2015-04-04,-1.1090397739192597,,
2015-04-05,-1.0802908153186308,,
2015-04-06,-1.0974565631673925,,
2015-04-07,-1.1020852215877246,,
2015-04-08,-1.1354081830557117,,
2015-04-09,-1.1410197540102622,,
2015-04-10,-1.1684275587396924,,
2015-04-11,-1.161026094993491,,
2015-04-12,-1.160356931637166,,
2015-04-13,-1.203099039205047,,
2015-04-14,-1.2233264213406398,,
2015-04-15,-1.2055478989545623,,
2015-04-16,-1.1837300615853623,,
2015-04-17,-1.2042695064833864,,
2015-04-18,-1.2004318286989348,,
2015-04-19,-1.1994492657756666,,
2015-04-20,-1.191391956369161,,
2015-04-21,-1.1505822313217946,,
2015-04-22,-1.153543263217461,,
2015-04-23,-1.1442381210386372,,
2015-04-24,-1.1602144726820967,,
2015-04-25,-1.1783547639778222,,
2015-04-26,-1.1999177465139221,,
2015-04-27,-1.171531578758363,,
2015-04-28,-1.1770122159205572,,
2015-04-29,-1.1750985874955648,,
2015-04-30,-1.1322649294929041,,
2015-05-01,-1.144917969354243,,
2015-05-02,-1.1327873190091138,,
2015-05-03,-1.1125089282367895,,
2015-05-04,-1.1171644660059061,,
2015-05-05,-1.1272883049386246,,
2015-05-06,-1.1514924872214056,,
2015-05-07,-1.1201810753752066,,
2015-05-08,-1.0907607734332259,,
2015-05-09,-1.096289008685609,,
2015-05-10,-1.1028177716352316,,
2015-05-11,-1.0950358200485917,,
2015-05-12,-1.0938370879407109,,
2015-05-13,-1.114690344516874,,
2015-05-14,-1.111679705017306,,
2015-05-15,-1.1083833384066122,,
2015-05-16,-1.1137216837898207,,
2015-05-17,-1.1080447818417856,,
2015-05-18,-1.1226383822747674,,
2015-05-19,-1.1248254573838443,,
2015-05-20,-1.1149388564742673,,
2015-05-21,-1.108388843750596,,
2015-05-22,-1.088433084780416,,
2015-05-23,-1.092536459069709,,
2015-05-24,-1.084629730454012,,
2015-05-25,-1.0977294143040095,,
2015-05-26,-1.0972701651063208,,
2015-05-27,-1.0942517500428768,,
2015-05-28,-1.0937246285633357,,
2015-05-29,-1.0938161876266277,,
2015-05-30,-1.1052125936646475,,
2015-05-31,-1.1168546249799396,,
2015-06-01,-1.139131347948025,,
2015-06-02,-1.1293492958541373,,
2015-06-03,-1.1281536538733854,,
2015-06-04,-1.1333996581932506,,
2015-06-05,-1.1274178157269032,,
2015-06-06,-1.1245234887849205,,
2015-06-07,-1.1297137027567616,,
2015-06-08,-1.1073214733047214,,
2015-06-09,-1.103845375108015,,
2015-06-10,-1.1054842672436216,,
2015-06-11,-1.100050461513366,,
2015-06-12,-1.0981863777033976,,
2015-06-13,-1.0840747399370596,,
2015-06-14,-1.0848708654374275,,
2015-06-15,-1.0668610619785999,,
2015-06-16,-1.0086242316556582,,
2015-06-17,-1.02136855166394,,
2015-06-18,-1.0161641275984536,,
2015-06-19,-1.031986772834886,,
2015-06-20,-1.028076184015796,,
2015-06-21,-1.0323820389793212,,
2015-06-22,-1.0207344664453823,,
2015-06-23,-1.030941591320832,,
2015-06-24,-1.0444294641814011,,
2015-06-25,-1.0357072648488295,,
2015-06-26,-1.032213307598068,,
2015-06-27,-0.9975049005614104,,
2015-06-28,-1.0065402725973918,,
2015-06-29,-0.9758310465896153,,
2015-06-30,-0.9471600208459541,,
2015-07-01,-0.9694808740970777,,
2015-07-02,-0.9814984401243285,,
2015-07-03,-0.9738914138411925,,
2015-07-04,-0.9556338398138849,,
2015-07-05,-0.9120409337347156,,
2015-07-06,-0.9202140562518621,,
2015-07-07,-0.9305822495517447,,
2015-07-08,-0.9137580435068554,,
2015-07-09,-0.9157363950402803,,
2015-07-10,-0.8528446288421031,,
2015-07-11,-0.819530104321719,,
2015-07-12,-0.7510107227207994,,
2015-07-13,-0.8252106833814119,,
2015-07-14,-0.8441314911963036,,
2015-07-15,-0.8508563228977761,,
2015-07-16,-0.8791771625024326,,
2015-07-17,-0.8726432649791287,,
2015-07-18,-0.8824727627318897,,
2015-07-19,-0.8899914718601226,,
2015-07-20,-0.8732452890746539,,
2015-07-21,-0.8821805721425744,,
2015-07-22,-0.8770949468704168,,
2015-07-23,-0.8803679547451012,,
2015-07-24,-0.8305454621481001,,
2015-07-25,-0.8296416127449944,,
2015-07-26,-0.8142518944264668,,
2015-07-27,-0.8095494637188103,,
2015-07-28,-0.8053391968732064,,
2015-07-29,-0.826636899121598,,
2015-07-30,-0.8322216203393388,,
2015-07-31,-0.8462988811285617,,
2015-08-01,-0.857299822256183,,
2015-08-02,-0.8537116739331971,,
2015-08-03,-0.8540124073400449,,
2015-08-04,-0.840632326393685,,
2015-08-05,-0.8517046964752912,,
2015-08-06,-0.8643098633048478,,
2015-08-07,-0.8615968196107135,,
2015-08-08,-0.9326526670190146,,
2015-08-09,-0.9073471870961103,,
2015-08-10,-0.9120067398883872,,
2015-08-11,-0.8853520286663336,,
2015-08-12,-0.8976944942270679,,
2015-08-13,-0.910545441160079,,
2015-08-14,-0.9028959022544284,,
2015-08-15,-0.9194833142805944,,
2015-08-16,-0.9301124831613623,,
2015-08-17,-0.9326895766294265,,
2015-08-18,-1.0909605203795056,,
2015-08-19,-1.0512471487699102,,
2015-08-20,-1.015843251680332,,
2015-08-21,-1.0251203877185524,,
2015-08-22,-1.0325166150179124,,
2015-08-23,-1.0396034385214916,,
2015-08-24,-1.1041953161808076,,
2015-08-25,-1.0552386331719417,,
2015-08-26,-1.0382881333199738,,
2015-08-27,-1.0420205921739776,,
2015-08-28,-1.0116490057603948,,
2015-08-29,-1.0200469867022657,,
2015-08-30,-1.0223803190190668,,
2015-08-31,-1.014579589424772,,
2015-09-01,-1.024596429694549,,
2015-09-02,-1.0170579724371278,,
2015-09-03,-1.025344513397293,,
2015-09-04,-1.0076706679097671,,
2015-09-05,-0.9875160311218807,,
2015-09-06,-0.9666773327597364,,
2015-09-07,-0.9667042713055096,,
2015-09-08,-0.9516131768019396,,
2015-09-09,-0.9731007265068616,,
2015-09-10,-0.9714810018994984,,
2015-09-11,-0.9620807675592018,,
2015-09-12,-0.9796128524445865,,
2015-09-13,-1.00236639212062,,
2015-09-14,-0.999551556414555,,
2015-09-15,-1.000750299628385,,
2015-09-16,-1.0052930307239305,,
2015-09-17,-0.9873609726033319,,
2015-09-18,-0.9866244309219828,,
2015-09-19,-0.9895432205422641,,
2015-09-20,-0.9922135948046722,,
2015-09-21,-1.0102459746382682,,
2015-09-22,-0.993443225151271,,
2015-09-23,-0.9937945360815017,,
2015-09-24,-0.9758220828379637,,
2015-09-25,-0.9699721923139253,,
2015-09-26,-0.9730520656632715,,
2015-09-27,-0.9777879767813957,,
2015-09-28,-0.9489283163962937,,
2015-09-29,-0.9592189707298768,,
2015-09-30,-0.9608585830273568,,
2015-10-01,-0.9537373160494172,,
2015-10-02,-0.9542641582128083,,
2015-10-03,-0.9462000193516538,,
2015-10-04,-0.9463283170425214,,
2015-10-05,-0.9396873191961841,,
2015-10-06,-0.9145008435412116,,
2015-10-07,-0.9264139615666775,,
2015-10-08,-0.9282473542656555,,
2015-10-09,-0.9217677590189587,,
2015-10-10,-0.9148022943795193,,
2015-10-11,-0.9035182797693907,,
2015-10-12,-0.9117359926382717,,
2015-10-13,-0.8932773506038131,,
2015-10-14,-0.8809046896372913,,
2015-10-15,-0.8740283559135175,,
2015-10-16,-0.8407411713083185,,
2015-10-17,-0.8029187167375662,,
2015-10-18,-0.8373873297808737,,
2015-10-19,-0.8332752413731264,,
2015-10-20,-0.8069144149396885,,
2015-10-21,-0.8180728457319213,,
2015-10-22,-0.7875161115474019,,
2015-10-23,-0.7744735397323379,,
2015-10-24,-0.7540694712191179,,
2015-10-25,-0.7442863106669151,,
2015-10-26,-0.7416952069051959,,
2015-10-27,-0.706222934185033,,
2015-10-28,-0.671267723711325,,
2015-10-29,-0.6309564104527157,,
2015-10-30,-0.5796147093854562,,
2015-10-31,-0.6396530533775024,,
2015-11-01,-0.5772015811776267,,
2015-11-02,-0.4418473146408409,,
2015-11-03,-0.3057015236870937,,
2015-11-04,-0.29923383483709426,,
2015-11-05,-0.38950945329740316,,
2015-11-06,-0.4350852932206242,,
2015-11-07,-0.384912619970294,,
2015-11-08,-0.44053096959502963,,
2015-11-09,-0.41094263105443324,,
2015-11-10,-0.5758296840919719,,
2015-11-11,-0.687322989743806,,
2015-11-12,-0.5733503135418505,,
2015-11-13,-0.5749740143633416,,
2015-11-14,-0.5917171152653415,,
2015-11-15,-0.643134340183063,,
2015-11-16,-0.5979072889163687,,
2015-11-17,-0.5808519986523504,,
2015-11-18,-0.5814077663757626,,
2015-11-19,-0.6187638246258138,,
2015-11-20,-0.6353209844649136,,
2015-11-21,-0.6191757408604142,,
2015-11-22,-0.6279923039718934,,
2015-11-23,-0.6303346085532479,,
2015-11-24,-0.6420796312248095,,
2015-11-25,-0.6059993479536272,,
2015-11-26,-0.4986465715577332,,
2015-11-27,-0.4880063708060655,,
2015-11-28,-0.49913716703215627,,
2015-11-29,-0.4397784631595073,,
2015-11-30,-0.42002712818324656,,
2015-12-01,-0.47909164150601785,,
2015-12-02,-0.4924042623947844,,
2015-12-03,-0.4846109690819782,,
2015-12-04,-0.4770609752023965,,
2015-12-05,-0.37546738026346765,,
2015-12-06,-0.3624589500241673,,
2015-12-07,-0.3569268948425347,,
2015-12-08,-0.28744399613551613,,
2015-12-09,-0.2787799613817372,,
2015-12-10,-0.28839250254979765,,
2015-12-11,-0.14532970726461955,,
2015-12-12,-0.21784048706944775,,
2015-12-13,-0.22487944780454147,,
2015-12-14,-0.19650617827706246,,
2015-12-15,-0.11812446738841419,,
2015-12-16,-0.1605145117280574,,
2015-12-17,-0.154823938023398,,
2015-12-18,-0.13176684990860693,,
2015-12-19,-0.14113461805011196,,
2015-12-20,-0.21612225952359834,,
2015-12-21,-0.23391223691874652,,
2015-12-22,-0.24398688389367648,,
2015-12-23,-0.21758662688509575,,
2015-12-24,-0.1690340608319401,,
2015-12-25,-0.1727321814442988,,
2015-12-26,-0.3161925867938977,,
2015-12-27,-0.29879980876318074,,
2015-12-28,-0.3050059681810228,,
2015-12-29,-0.26574633444178053,,
2015-12-30,-0.28649252614518106,,
2015-12-31,-0.27411689480722096,,
2016-01-01,-0.2552278229608329,,
2016-01-02,-0.25649838080949516,,
2016-01-03,-0.2740637090963063,,
2016-01-04,-0.26213725518257847,,
2016-01-05,-0.26591468585270933,,
2016-01-06,-0.274197204008326,,
2016-01-07,-0.170597120256169,,
2016-01-08,-0.19206020092781068,,
2016-01-09,-0.20922351020233343,,
2016-01-10,-0.21738382127063063,,
2016-01-11,-0.21781951646339257,,
2016-01-12,-0.24666499569437386,,
2016-01-13,-0.2825776152710874,,
2016-01-14,-0.29194056729705914,,
2016-01-15,-0.5259103963433408,,
2016-01-16,-0.4476410201979793,,
2016-01-17,-0.4688481362393587,,
2016-01-18,-0.45877831336260955,,
2016-01-19,-0.4839789475258206,,
2016-01-20,-0.32313940865290686,,
2016-01-21,-0.36662289896947853,,
2016-01-22,-0.4672387575551455,,
2016-01-23,-0.44663436519041383,,
2016-01-24,-0.38157340701652803,,
2016-01-25,-0.42665092783592834,,
2016-01-26,-0.4299572451148422,,
2016-01-27,-0.41653411856030437,,
2016-01-28,-0.47581569469622176,,
2016-01-29,-0.47355297116992534,,
2016-01-30,-0.48060872435670676,,
2016-01-31,-0.522174838196031,,
2016-02-01,-0.5000827637392838,,
2016-02-02,-0.49281440091365725,,
2016-02-03,-0.5104452628489189,,
2016-02-04,-0.427485493367317,,
2016-02-05,-0.44790460059442977,,
2016-02-06,-0.4852182304153744,,
2016-02-07,-0.48309310903472347,,
2016-02-08,-0.49915551893259125,,
2016-02-09,-0.48771985719769356,,
2016-02-10,-0.46634115785064945,,
2016-02-11,-0.4721295216264055,,
2016-02-12,-0.4542036128704409,,
2016-02-13,-0.42612058492954125,,
2016-02-14,-0.3630690454259509,,
2016-02-15,-0.39037521599058655,,
2016-02-16,-0.3622526060090498,,
2016-02-17,-0.3330195920240992,,
2016-02-18,-0.3113572842806563,,
2016-02-19,-0.3197458525389565,,
2016-02-20,-0.24256154743051994,,
2016-02-21,-0.249410063640917,,
2016-02-22,-0.25535292354692085,,
2016-02-23,-0.3228650736902684,,
2016-02-24,-0.30863451880350584,,
2016-02-25,-0.30874544729638576,,
2016-02-26,-0.28025809658353473,,
2016-02-27,-0.2763171116636767,,
2016-02-28,-0.2772654110412263,,
2016-02-29,-0.26253087375500117,,
2016-03-01,-0.28485967758961134,,
2016-03-02,-0.32253986431089826,,
2016-03-03,-0.3378609868694339,,
2016-03-04,-0.38075961369809225,,
2016-03-05,-0.4218925406458945,,
2016-03-06,-0.39726400777262166,,
2016-03-07,-0.3618280471710543,,
2016-03-08,-0.3688162564537749,,
2016-03-09,-0.3638548064468911,,
2016-03-10,-0.3499443877970057,,
2016-03-11,-0.33836094540917055,,
2016-03-12,-0.37405522288713916,,
2016-03-13,-0.36831737871988657,,
2016-03-14,-0.3566116142485572,,
2016-03-15,-0.35606090134624124,,
2016-03-16,-0.349975996680931,,
2016-03-17,-0.3446050629745996,,
2016-03-18,-0.3819880669044785,,
2016-03-19,-0.38072810197538126,,
2016-03-20,-0.3695225113198976,,
2016-03-21,-0.3720236135218589,,
2016-03-22,-0.3538523072827813,,
2016-03-23,-0.3511659635956825,,
2016-03-24,-0.36651314759139886,,
2016-03-25,-0.3564811574985953,,
2016-03-26,-0.3554747438145469,,
2016-03-27,-0.32343889347312,,
2016-03-28,-0.33426294580197197,,
2016-03-29,-0.36159963387564326,,
2016-03-30,-0.3735618832792754,,
2016-03-31,-0.3619231325998102,,
2016-04-01,-0.35755592411784365,,
2016-04-02,-0.3481241870625242,,
2016-04-03,-0.3473064335082011,,
2016-04-04,-0.3496878670413368,,
2016-04-05,-0.3390305453333833,,
2016-04-06,-0.34280616096893,,
2016-04-07,-0.3480822473948078,,
2016-04-08,-0.35883455145662735,,
2016-04-09,-0.3584770261448638,,
2016-04-10,-0.34809943749645766,,
2016-04-11,-0.34356722321333727,,
2016-04-12,-0.3289225154210125,,
2016-04-13,-0.3390185716235464,,
2016-04-14,-0.33555493030670885,,
2016-04-15,-0.3176898380503811,,
2016-04-16,-0.3125584614855766,,
2016-04-17,-0.32371349410541195,,
2016-04-18,-0.32283819059144003,,
2016-04-19,-0.29366097144943376,,
2016-04-20,-0.2754849522409063,,
2016-04-21,-0.24105495004378985,,
2016-04-22,-0.2578849509482509,,
2016-04-23,-0.23746945173053938,,
2016-04-24,-0.20281634316075248,,
2016-04-25,-0.1990685416895502,,
2016-04-26,-0.18562905901338742,,
2016-04-27,-0.27565154990272667,,
2016-04-28,-0.2565475019316403,,
2016-04-29,-0.23510739171843895,,
2016-04-30,-0.26241862158890483,,
2016-05-01,-0.24468796995455713,,
2016-05-02,-0.28310197982620827,,
2016-05-03,-0.25818813738790664,,
2016-05-04,-0.2711201376996402,,
2016-05-05,-0.2679337363668319,,
2016-05-06,-0.2229646551345068,,
2016-05-07,-0.2253593847005909,,
2016-05-08,-0.22604886713427763,,
2016-05-09,-0.2191706497486768,,
2016-05-10,-0.2664882643343555,,
2016-05-11,-0.2568108980605716,,
2016-05-12,-0.2511129411272586,,
2016-05-13,-0.24542338667639618,,
2016-05-14,-0.243287268088591,,
2016-05-15,-0.23349724223434173,,
2016-05-16,-0.25482506323856363,,
2016-05-17,-0.26690550811322433,,
2016-05-18,-0.2640141728049011,,
2016-05-19,-0.32721123836656757,,
2016-05-20,-0.31048176640764114,,
2016-05-21,-0.30443752180220063,,
2016-05-22,-0.31786395495442543,,
2016-05-23,-0.3049000654787252,,
2016-05-24,-0.29973635797949166,,
2016-05-25,-0.282638408149288,,
2016-05-26,-0.2690809576404292,,
2016-05-27,-0.21001452658886463,,
2016-05-28,0.0021446410410210313,,
2016-05-29,-0.016546964778468315,,
2016-05-30,-0.0005018987242659291,,
2016-05-31,-0.014667861114608204,,
2016-06-01,0.005534811598778877,,
2016-06-02,0.0036340343909777996,,
2016-06-03,0.11396929922670124,,
2016-06-04,0.12497259102157225,,
2016-06-05,0.1242009028658588,,
2016-06-06,0.15694463855727492,,
2016-06-07,0.1265473009432599,,
2016-06-08,0.13869919312186624,,
2016-06-09,0.11393227283335333,,
2016-06-10,0.12000266322312296,,
2016-06-11,0.20811584403014094,,
2016-06-12,0.42493421569867684,,
2016-06-13,0.5163542641718527,,
2016-06-14,0.43889007380356554,,
2016-06-15,0.4592543689164276,,
2016-06-16,0.6753577447202933,,
2016-06-17,0.6034197560106752,,
2016-06-18,0.6223700681949306,,
2016-06-19,0.6440456082118906,,
2016-06-20,0.48812507537343147,,
2016-06-21,0.30362099800408326,,
2016-06-22,0.05649465797635594,,
2016-06-23,0.16700629971062542,,
2016-06-24,0.28753845435896475,,
2016-06-25,0.298781307032117,,
2016-06-26,0.16816926436406604,,
2016-06-27,0.23924735579999606,,
2016-06-28,0.2203771762006876,,
2016-06-29,0.19052772581960165,,
2016-06-30,0.3053693702414448,,
2016-07-01,0.31254905639966946,,
2016-07-02,0.39397024487259674,,
2016-07-03,0.25572602298892094,,
2016-07-04,0.31155144305100163,,
2016-07-05,0.2682600562296917,,
2016-07-06,0.29720850721007247,,
2016-07-07,0.17018714619011907,,
2016-07-08,0.2518721742317798,,
2016-07-09,0.20433194736623275,,
2016-07-10,0.1955047629718215,,
2016-07-11,0.19370186597754244,,
2016-07-12,0.25762352039117936,,
2016-07-13,0.21671091406637372,,
2016-07-14,0.22395100916329364,,
2016-07-15,0.24230203817854282,,
2016-07-16,0.23578416934659943,,
2016-07-17,0.2847709164231221,,
2016-07-18,0.263061726005787,,
2016-07-19,0.25766983312409053,,
2016-07-20,0.23205763305253752,,
2016-07-21,0.2294107714434356,,
2016-07-22,0.17447718462558678,,
2016-07-23,0.19707768355225178,,
2016-07-24,0.20577655956338647,,
2016-07-25,0.18342978504921412,,
2016-07-26,0.18028286699716448,,
2016-07-27,0.1836283071123198,,
2016-07-28,0.18217114931673453,,
2016-07-29,0.18524751033398448,,
2016-07-30,0.17639424560746866,,
2016-07-31,0.07509718618594032,,
2016-08-01,0.01570914181108305,,
2016-08-02,-0.2413898407635536,,
2016-08-03,-0.09448814603974233,,
2016-08-04,-0.053094226755553246,,
2016-08-05,-0.06101562716704493,,
2016-08-06,-0.028821845783393498,,
2016-08-07,-0.01622504477857766,,
2016-08-08,-0.026972749984802855,,
2016-08-09,-0.03909678088225045,,
2016-08-10,-0.031168201172400354,,
2016-08-11,-0.03232175985047057,,
2016-08-12,-0.04066483560451541,,
2016-08-13,-0.047208110169345015,,
2016-08-14,-0.0945919472133657,,
2016-08-15,-0.11032136070143642,,
2016-08-16,-0.07087165423320659,,
2016-08-17,-0.08680409312797603,,
2016-08-18,-0.08832914026134975,,
2016-08-19,-0.08637524532547958,,
2016-08-20,-0.06325719104799406,,
2016-08-21,-0.06721529913732605,,
2016-08-22,-0.05355719965325014,,
2016-08-23,-0.061598919813994346,,
2016-08-24,-0.07457550827303812,,
2016-08-25,-0.0871537279225361,,
2016-08-26,-0.07813194428859932,,
2016-08-27,-0.10739029580824244,,
2016-08-28,-0.09092885476134056,,
2016-08-29,-0.09596282531862706,,
2016-08-30,-0.08923308925115969,,
2016-08-31,-0.10230128253158344,,
2016-09-01,-0.10250535704826688,,
2016-09-02,-0.08725507398850715,,
2016-09-03,-0.00878915367624144,,
2016-09-04,0.024164844357315245,,
2016-09-05,0.012661125680450566,,
2016-09-06,0.02920708001574495,,
2016-09-07,0.03667595069088276,,
2016-09-08,0.08456183069911336,,
2016-09-09,0.05733782183035007,,
2016-09-10,0.06227259171000342,,
2016-09-11,0.005693898233927988,,
2016-09-12,0.0035010195896985233,,
2016-09-13,0.004615418602667227,,
2016-09-14,0.0061502221142703635,,
2016-09-15,-0.0025366783234937415,,
2016-09-16,-0.0014438785586246958,,
2016-09-17,-0.0034543528836529134,,
2016-09-18,0.009817934916864958,,
2016-09-19,0.00028411453478245337,,
2016-09-20,-0.004420527577983883,,
2016-09-21,-0.04294805691158356,,
2016-09-22,-0.04762857387503642,,
2016-09-23,-0.025152899260153478,,
2016-09-24,-0.023858229833855178,,
2016-09-25,-0.0326036331685199,,
2016-09-26,-0.012861738474150269,,
2016-09-27,-0.019420840626717308,,
2016-09-28,-0.02148861223677835,,
2016-09-29,-0.020190780663488225,,
2016-09-30,-0.0082322393865816,,
2016-10-01,0.013011360164744691,,
2016-10-02,0.00020795543847142362,,
2016-10-03,0.0009674158637441421,,
2016-10-04,-0.009746699367039861,,
2016-10-05,-0.003461562366752,,
2016-10-06,-0.00563796046716099,,
2016-10-07,0.014098872192997613,,
2016-10-08,0.01774667766856804,,
2016-10-09,0.009739481696860145,,
2016-10-10,0.012159493928481467,,
2016-10-11,0.09176798370454278,,
2016-10-12,0.06623683904637538,,
2016-10-13,0.061197505582016164,,
2016-10-14,0.07382555065330051,,
2016-10-15,0.06530982238748921,,
2016-10-16,0.08296178482376444,,
2016-10-17,0.06675118549126306,,
2016-10-18,0.05241488314835661,,
2016-10-19,0.03155510459486312,,
2016-10-20,0.02739896389608414,,
2016-10-21,0.03257164665543449,,
2016-10-22,0.10963849073655549,,
2016-10-23,0.09974190696274085,,
2016-10-24,0.09122470441738163,,
2016-10-25,0.10766079042569619,,
2016-10-26,0.16732755604482086,,
2016-10-27,0.19923529847947147,,
2016-10-28,0.20938908603346204,,
2016-10-29,0.28725206178706486,,
2016-10-30,0.23278002059739092,,
2016-10-31,0.22732025657694066,,
2016-11-01,0.3260512859259993,,
2016-11-02,0.3537861026471612,,
2016-11-03,0.18724177769038675,,
2016-11-04,0.235732302273916,,
2016-11-05,0.23890653213043792,,
2016-11-06,0.2667599290379363,,
2016-11-07,0.23299960720191973,,
2016-11-08,0.24714205952313434,,
2016-11-09,0.27427307274165563,,
2016-11-10,0.24531768156329978,,
2016-11-11,0.2503773174110958,,
2016-11-12,0.21070361381100544,,
2016-11-13,0.20905408150381374,,
2016-11-14,0.21361371176918087,,
2016-11-15,0.232566982048426,,
2016-11-16,0.32127966666940083,,
2016-11-17,0.2947830268257035,,
2016-11-18,0.33645265337576924,,
2016-11-19,0.3393230581711842,,
2016-11-20,0.27072683125276376,,
2016-11-21,0.2878285798814816,,
2016-11-22,0.3206982616606055,,
2016-11-23,0.2911208283013993,,
2016-11-24,0.2719812146740252,,
2016-11-25,0.2776340767233228,,
2016-11-26,0.259492481813081,,
2016-11-27,0.23569466589530186,,
2016-11-28,0.2407807119706204,,
2016-11-29,0.24407295342751364,,
2016-11-30,0.2748809078979189,,
2016-12-01,0.3072098913582335,,
2016-12-02,0.3604617319458182,,
2016-12-03,0.32163526982593776,,
2016-12-04,0.320668211579248,,
2016-12-05,0.27485096948257276,,
2016-12-06,0.29302535969769056,,
2016-12-07,0.3084303706563564,,
2016-12-08,0.3125464335701251,,
2016-12-09,0.3236364511248279,,
2016-12-10,0.3307502710197331,,
2016-12-11,0.31324658184283233,,
2016-12-12,0.3348993195405052,,
2016-12-13,0.33287464721597726,,
2016-12-14,0.32358905095355983,,
2016-12-15,0.31715114532324035,,
2016-12-16,0.3330480530117635,,
2016-12-17,0.35294530797945456,,
2016-12-18,0.3524719648642355,,
2016-12-19,0.34903705933947965,,
2016-12-20,0.37362479974426754,,
2016-12-21,0.45118753948279816,,
2016-12-22,0.5318607447927336,,
2016-12-23,0.6865052736584248,,
2016-12-24,0.6070443868828599,,
2016-12-25,0.6165728105511034,,
2016-12-26,0.631693304406132,,
2016-12-27,0.6906436145407506,,
2016-12-28,0.833966827248802,,
2016-12-29,0.79927417726895,,
2016-12-30,0.7528971005859901,,
2016-12-31,0.7708235597160686,,
2017-01-01,0.8450551409135767,,
2017-01-02,0.8878095228672326,,
2017-01-03,0.9164885164167775,,
2017-01-04,1.1751133564285667,,
2017-01-05,0.7589317600558353,,
2017-01-06,0.4534768402174637,,
2017-01-07,0.4839921908877399,,
2017-01-08,0.5068505722314126,,
2017-01-09,0.4774664325922349,,
2017-01-10,0.4830041735307769,,
2017-01-11,0.14997631058744598,,
2017-01-12,0.2048755187567398,,
2017-01-13,0.26052067619852337,,
2017-01-14,0.24125778399736933,,
2017-01-15,0.25332308859950387,,
2017-01-16,0.2705559791893412,,
2017-01-17,0.4801758600474617,,
2017-01-18,0.4066192227533892,,
2017-01-19,0.4632132010165218,,
2017-01-20,0.44042263895261763,,
2017-01-21,0.5203978370415667,,
2017-01-22,0.5099824291186074,,
2017-01-23,0.4964620720547771,,
2017-01-24,0.40311962275189744,,
2017-01-25,0.42143956059693266,,
2017-01-26,0.47641657486128547,,
2017-01-27,0.48420471270364684,,
2017-01-28,0.48870298759707476,,
2017-01-29,0.4606569301305309,,
2017-01-30,0.4709148818771993,,
2017-01-31,0.6011967005216035,,
2017-02-01,0.6477815661152369,,
2017-02-02,0.6961445226595859,,
2017-02-03,0.7068740434400809,,
2017-02-04,0.7521950875372138,,
2017-02-05,0.6934843702050734,,
2017-02-06,0.710669259376669,,
2017-02-07,0.7841884941031726,,
2017-02-08,0.7729484382569749,,
2017-02-09,0.576307821374457,,
2017-02-10,0.6069437521829317,,
2017-02-11,0.6452393048965377,,
2017-02-12,0.6274548350127097,,
2017-02-13,0.6046127957523494,,
2017-02-14,0.6335392376439335,,
2017-02-15,0.635420646054104,,
2017-02-16,0.6925764867603694,,
2017-02-17,0.741494778392424,,
2017-02-18,0.7415728273758767,,
2017-02-19,0.7318989788342893,,
2017-02-20,0.8066427521392596,,
2017-02-21,0.9037174662280523,,
2017-02-22,0.8899654048241483,,
2017-02-23,1.0311951451982726,,
2017-02-24,0.9990053782351639,,
2017-02-25,0.9040722561196706,,
2017-02-26,0.9780313071452742,,
2017-02-27,1.0008618697537923,,
2017-02-28,0.9775874850711767,,
2017-03-01,1.0668688876022696,,
2017-03-02,1.1375438768479658,,
2017-03-03,1.1833812142396736,,
2017-03-04,1.1211047056661052,,
2017-03-05,1.130771411012959,,
2017-03-06,1.1308944115490858,,
2017-03-07,1.0009196195179988,,
2017-03-08,0.7865057864929274,,
2017-03-09,0.8866005349643571,,
2017-03-10,0.6452938271430508,,
2017-03-11,0.8393189954066665,,
2017-03-12,0.971355634053185,,
2017-03-13,0.968589723413742,,
2017-03-14,0.9776426721295639,,
2017-03-15,0.9933278235196354,,
2017-03-16,0.7840783468813604,,
2017-03-17,0.5214514274345973,,
2017-03-18,0.24969669805216632,,
2017-03-19,0.39191426883710373,,
2017-03-20,0.435555499329826,,
2017-03-21,0.6118121383217203,,
2017-03-22,0.4221847473594237,,
2017-03-23,0.39997966471385316,,
2017-03-24,0.16789832097000548,,
2017-03-25,0.249123153137355,,
2017-03-26,0.23280571863204225,,
2017-03-27,0.42694116965312023,,
2017-03-28,0.42772658327859103,,
2017-03-29,0.41169924773983013,,
2017-03-30,0.4041806879011012,,
2017-03-31,0.5032444876883487,,
2017-04-01,0.518014340981614,,
2017-04-02,0.5535334957870144,,
2017-04-03,0.6408994353529254,,
2017-04-04,0.6284912312543514,,
2017-04-05,0.6073927446907681,,
2017-04-06,0.7414097243765081,,
2017-04-07,0.7238876502444034,,
2017-04-08,0.7019821371928336,,
2017-04-09,0.7655623119879931,,
2017-04-10,0.7535906054167785,,
2017-04-11,0.7892247912842026,,
2017-04-12,0.7483551594876021,,
2017-04-13,0.641332331535301,,
2017-04-14,0.6413438310555334,,
2017-04-15,0.6420036215194579,,
2017-04-16,0.6356467485825026,,
2017-04-17,0.6701416443880783,,
2017-04-18,0.6883101934138142,,
2017-04-19,0.7007757780631725,,
2017-04-20,0.7549901318801958,,
2017-04-21,0.7765713189280664,,
2017-04-22,0.7640939673632247,,
2017-04-23,0.7750765848180268,,
2017-04-24,0.7839115739945072,,
2017-04-25,0.8278837952311439,,
2017-04-26,0.8575275575604822,,
2017-04-27,0.9595161850613205,,
2017-04-28,0.9473545850326015,,
2017-04-29,0.9615782560578475,,
2017-04-30,1.0060223112998554,,
2017-05-01,1.1097438750393591,,
2017-05-02,1.1505209885182621,,
2017-05-03,1.2554662567099693,,
2017-05-04,1.2678975653987457,,
2017-05-05,1.2191014012324093,,
2017-05-06,1.297260528981409,,
2017-05-07,1.1834795178840931,,
2017-05-08,1.49165710434353,,
2017-05-09,1.529486727865776,,
2017-05-10,1.6330468489031877,,
2017-05-11,1.699560166499053,,
2017-05-12,1.4050424526473693,,
2017-05-13,1.5437139857878377,,
2017-05-14,1.5617677477711762,,
2017-05-15,1.4239535854117213,,
2017-05-16,1.4483711745853034,,
2017-05-17,1.5208713896585042,,
2017-05-18,1.6708198442341202,,
2017-05-19,1.78053505998134,,
2017-05-20,1.90640836218059,,
2017-05-21,1.8687480951361697,,
2017-05-22,1.869039382401435,,
2017-05-23,2.1312220664378136,,
2017-05-24,2.3465050723142964,,
2017-05-25,2.085170600041099,,
2017-05-26,1.9653589860354144,,
2017-05-27,1.5319208087623895,,
2017-05-28,1.8355610170268135,,
2017-05-29,1.9133034909416797,,
2017-05-30,1.6834029768997265,,
2017-05-31,1.872109859261856,,
2017-06-01,1.9982727858708735,,
2017-06-02,2.0993278583214403,,
2017-06-03,2.1780329600183825,,
2017-06-04,2.104084761432306,,
2017-06-05,2.318176005118917,,
2017-06-06,2.5577478567618943,,
2017-06-07,2.254973060172658,,
2017-06-08,2.3599354483834145,,
2017-06-09,2.3163529707517405,,
2017-06-10,2.434001293436452,,
2017-06-11,2.4764050483524613,,
2017-06-12,1.9447018589185283,,
2017-06-13,1.9591809281160817,,
2017-06-14,1.5457497210789495,,
2017-06-15,1.485480491232074,,
2017-06-16,1.5615566362017939,,
2017-06-17,1.8070993179389707,,
2017-06-18,1.5618012215806252,,
2017-06-19,1.6504474265453133,,
2017-06-20,1.8253927227586224,,
2017-06-21,1.6699660178462619,,
2017-06-22,1.7094685040576114,,
2017-06-23,1.6876027503304936,,
2017-06-24,1.5044446124056605,,
2017-06-25,1.4073911640815422,,
2017-06-26,1.3017101110568847,,
2017-06-27,1.4350081272647868,,
2017-06-28,1.4627339327704172,,
2017-06-29,1.4153219809547506,,
2017-06-30,1.2744803576791128,,
2017-07-01,1.2131513433919086,,
2017-07-02,1.3505095532425282,,
2017-07-03,1.3778212793192446,,
2017-07-04,1.4299279349561753,,
2017-07-05,1.42073222402434,,
2017-07-06,1.4014970723259572,,
2017-07-07,1.239133393046172,,
2017-07-08,1.3088528495920289,,
2017-07-09,1.2403163931498473,,
2017-07-10,0.9898277606589911,,
2017-07-11,0.9860172782721306,,
2017-07-12,1.0576521655360085,,
2017-07-13,1.0093676419362607,,
2017-07-14,0.8337121863413779,,
2017-07-15,0.5359513938023791,,
2017-07-16,0.43515115023488704,,
2017-07-17,0.8351846669894767,,
2017-07-18,0.9440172029319105,,
2017-07-19,0.8737866892901711,,
2017-07-20,1.5880741745680484,,
2017-07-21,1.362036583823812,,
2017-07-22,1.5560054521747932,,
2017-07-23,1.442454677320189,,
2017-07-24,1.4272297994494534,,
2017-07-25,1.1399962164655373,,
2017-07-26,1.0832229572979064,,
2017-07-27,1.236779325488727,,
2017-07-28,1.3210724632485873,,
2017-07-29,1.1608904941999705,,
2017-07-30,1.1397091311570504,,
2017-07-31,1.177281291804887,,
2017-08-01,0.9836112820650154,,
2017-08-02,0.9124719493734952,,
2017-08-03,0.9877987659055152,,
2017-08-04,1.0007342077114796,,
2017-08-05,1.3541861955623438,,
2017-08-06,1.2743301620994596,,
2017-08-07,1.3670799634445707,,
2017-08-08,1.340297114545413,,
2017-08-09,1.2202581451780892,,
2017-08-10,1.2779195845201838,,
2017-08-11,1.4633413152892107,,
2017-08-12,1.6196557924687671,,
2017-08-13,1.7552163847493378,,
2017-08-14,1.9137793166820107,,
2017-08-15,1.7346074163337617,,
2017-08-16,1.876905347720956,,
2017-08-17,1.7664558584357126,,
2017-08-18,1.5525620074831323,,
2017-08-19,1.5539064994371254,,
2017-08-20,1.4413746129833138,,
2017-08-21,1.3385383908207331,,
2017-08-22,1.3797219138457768,,
2017-08-23,1.4075226249286912,,
2017-08-24,1.536300042741193,,
2017-08-25,1.5346840233052539,,
2017-08-26,1.5031671038397036,,
2017-08-27,1.4864631780488655,,
2017-08-28,1.488445448174921,,
2017-08-29,1.6195485445791813,,
2017-08-30,1.5778088776730437,,
2017-08-31,1.6520139507627494,,
2017-09-01,1.7456781515614377,,
2017-09-02,1.4643665677796447,,
2017-09-03,1.4693188184617438,,
2017-09-04,1.2507485081566343,,
2017-09-05,1.2949509888002917,,
2017-09-06,1.387819974592215,,
2017-09-07,1.3664994434692797,,
2017-09-08,1.140021168481047,,
2017-09-09,1.1258370927842047,,
2017-09-10,1.0541450910014858,,
2017-09-11,1.010601332118777,,
2017-09-12,0.9680173332355532,,
2017-09-13,0.7627700576886371,,
2017-09-14,0.29408330240542163,,
2017-09-15,0.6308556392982136,,
2017-09-16,0.6340105292836414,,
2017-09-17,0.6324122383828109,,
2017-09-18,0.9016812818830886,,
2017-09-19,0.7780301695908461,,
2017-09-20,0.7507731164447516,,
2017-09-21,0.5410281894342884,,
2017-09-22,0.5390947893578253,,
2017-09-23,0.6532156267975798,,
2017-09-24,0.5773692403335733,,
2017-09-25,0.7287478420312306,,
2017-09-26,0.7003579620287352,,
2017-09-27,0.9220272101878945,,
2017-09-28,0.8941247877294989,,
2017-09-29,0.8616882164574778,,
2017-09-30,0.9777338485187073,,
2017-10-01,1.0023295346883487,,
2017-10-02,0.9885345054182804,,
2017-10-03,0.9201944218664141,,
2017-10-04,0.8482134799914325,,
2017-10-05,0.901121322775535,,
2017-10-06,0.92371495933565,,
2017-10-07,0.9670812921569482,,
2017-10-08,1.0664832799492763,,
2017-10-09,1.1597983632211777,,
2017-10-10,1.1112022616176271,,
2017-10-11,1.1491725597080062,,
2017-10-12,1.5147019803223716,,
2017-10-13,1.6101326050121745,,
2017-10-14,1.6981882624357907,,
2017-10-15,1.6076619891462276,,
2017-10-16,1.6155947701113682,,
2017-10-17,1.4788804067363424,,
2017-10-18,1.45441147519082,,
2017-10-19,1.500087787396145,,
2017-10-20,1.6608180660843708,,
2017-10-21,1.6565156597520396,,
2017-10-22,1.595623782620933,,
2017-10-23,1.4580182948822957,,
2017-10-24,1.2070734980820792,,
2017-10-25,1.3211950637749343,,
2017-10-26,1.402144428633188,,
2017-10-27,1.3080124940113709,,
2017-10-28,1.2923270492808159,,
2017-10-29,1.5193807243515889,,
2017-10-30,1.4601173190538537,,
2017-10-31,1.6142012461316562,,
2017-11-01,1.7395429920062393,,
2017-11-02,1.8575990668432083,,
2017-11-03,1.8953638991841002,,
2017-11-04,1.9867067274508177,,
2017-11-05,1.9158752722499324,,
2017-11-06,1.6757933457470713,,
2017-11-07,1.7144140913701569,,
2017-11-08,1.8584768424168552,,
2017-11-09,1.6383095867462036,,
2017-11-10,1.3467236210431646,,
2017-11-11,1.1797161901082465,,
2017-11-12,0.8484645171833828,,
2017-11-13,1.1678948336165205,,
2017-11-14,1.1847549354157625,,
2017-11-15,1.4768875201079619,,
2017-11-16,1.6988162194422434,,
2017-11-17,1.5853757220245184,,
2017-11-18,1.5865199198715765,,
2017-11-19,1.6586549396464423,,
2017-11-20,1.7283740624239785,,
2017-11-21,1.5939929597872704,,
2017-11-22,1.6382410928942504,,
2017-11-23,1.5275874361233617,,
2017-11-24,1.5558980897160075,,
2017-11-25,1.7387219035658152,,
2017-11-26,1.9234227395033516,,
2017-11-27,2.024311745686342,,
2017-11-28,2.012242338040956,,
2017-11-29,1.8767560809099288,,
2017-11-30,1.9036581471772656,,
2017-12-01,2.1644960234659405,,
2017-12-02,2.152290668556169,,
2017-12-03,2.21677015752152,,
2017-12-04,2.2797701704722315,,
2017-12-05,2.275766313550231,,
2017-12-06,2.9556637181075334,,
2017-12-07,3.5655681238838763,,
2017-12-08,3.1048667399395367,,
2017-12-09,2.632647120908302,,
2017-12-10,2.6810645064810976,,
2017-12-11,2.976263231693697,,
2017-12-12,2.94921398785396,,
2017-12-13,2.5759295420362123,,
2017-12-14,2.5276043666733914,,
2017-12-15,2.739410998310226,,
2017-12-16,3.1574510376595604,,
2017-12-17,2.9350055430590247,,
2017-12-18,2.7823741926588865,,
2017-12-19,2.388201191929894,,
2017-12-20,2.0092753839086432,,
2017-12-21,1.7784446918149726,,
2017-12-22,1.4275548229851824,,
2017-12-23,1.5577145978108593,,
2017-12-24,1.3234737687799232,,
2017-12-25,1.3278962647019856,,
2017-12-26,1.696361353953765,,
2017-12-27,1.5671725288421534,,
2017-12-28,1.2894261646450451,,
2017-12-29,1.3372914373418556,,
2017-12-30,0.9313848250030176,,
2017-12-31,1.152291156290744,,
2018-01-01,1.0403117486100266,,
2018-01-02,1.3165549761163224,,
2018-01-03,1.357398705151736,,
2018-01-04,1.337089335987672,,
2018-01-05,1.7163417669662093,,
2018-01-06,1.6968434682903313,,
2018-01-07,1.4515239421859174,,
2018-01-08,1.1622777789550847,,
2018-01-09,1.0285888287673461,,
2018-01-10,1.0797034294749257,,
2018-01-11,0.7453003199513889,,
2018-01-12,0.8689072155013966,,
2018-01-13,0.9566135455527414,,
2018-01-14,0.8304187729566648,,
2018-01-15,0.80856070727786,,
2018-01-16,0.34509729809739526,,
2018-01-17,0.2887363623412575,,
2018-01-18,0.31231144939214894,,
2018-01-19,0.35582201150243326,,
2018-01-20,0.6440674341002722,,
2018-01-21,0.3509784587741709,,
2018-01-22,0.20300282933544558,,
2018-01-23,0.23287113526336525,,
2018-01-24,0.31653292175506725,,
2018-01-25,0.29544734727241945,,
2018-01-26,0.26889768949846804,,
2018-01-27,0.32987680603546515,,
2018-01-28,0.3840710829397849,,
2018-01-29,0.277744751242746,,
2018-01-30,0.030124716974210188,,
2018-01-31,0.05264772971914392,,
2018-02-01,-0.16462507955431224,,
2018-02-02,-0.2070826948654427,,
2018-02-03,-0.12627255535273307,,
2018-02-04,-0.32672045666588106,,
2018-02-05,-0.6311322723327615,,
2018-02-06,-0.4235051272613024,,
2018-02-07,-0.4428145876308979,,
2018-02-08,-0.3032939561282155,,
2018-02-09,-0.2007586187615525,,
2018-02-10,-0.23040491720090833,,
2018-02-11,-0.3285709810963754,,
2018-02-12,-0.14334705369649509,,
2018-02-13,-0.22900389217685202,,
2018-02-14,-0.0157698550366873,,
2018-02-15,0.12293862870571967,,
2018-02-16,0.13815671970519,,
2018-02-17,0.3381484015788982,,
2018-02-18,0.1905095131567941,,
2018-02-19,0.3395533281581131,,
2018-02-20,0.3550738452617096,,
2018-02-21,0.17478764491867108,,
2018-02-22,0.015403193472542293,,
2018-02-23,0.07531696570803692,,
2018-02-24,-0.02893961294018056,,
2018-02-25,-0.04730361878632559,,
2018-02-26,0.10953424777289755,,
2018-02-27,0.18252406023507872,,
2018-02-28,0.10179836931010926,,
2018-03-01,0.23437513502515098,,
2018-03-02,0.25063779373014156,,
2018-03-03,0.3393895834355155,,
2018-03-04,0.34234003097811627,,
2018-03-05,0.35111042672265996,,
2018-03-06,0.16104593192348063,,
2018-03-07,-0.008283104396379965,,
2018-03-08,-0.13207681830565762,,
2018-03-09,-0.13215795763415156,,
2018-03-10,-0.23905421743050523,,
2018-03-11,-0.07777576050713846,,
2018-03-12,-0.15794343055696908,,
2018-03-13,-0.15341669319827117,,
2018-03-14,-0.3592938648606398,,
2018-03-15,-0.34639994617909003,,
2018-03-16,-0.31956288653608395,,
2018-03-17,-0.4292401596855296,,
2018-03-18,-0.3585672855003311,,
2018-03-19,-0.27922478608081946,,
2018-03-20,-0.19769142984647747,,
2018-03-21,-0.201274905711555,,
2018-03-22,-0.23790479249261134,,
2018-03-23,-0.2236607942272415,,
2018-03-24,-0.260521027382745,,
2018-03-25,-0.29687696276698733,,
2018-03-26,-0.35418639907423377,,
2018-03-27,-0.42792957776858026,,
2018-03-28,-0.40326550869584477,,
2018-03-29,-0.5863825149397013,,
2018-03-30,-0.644789845033192,,
2018-03-31,-0.6227515328514677,,
2018-04-01,-0.647709092180023,,
2018-04-02,-0.5932763113103698,,
2018-04-03,-0.5022051132524168,,
2018-04-04,-0.6473288908270288,,
2018-04-05,-0.6408472334308161,,
2018-04-06,-0.681351961760491,,
2018-04-07,-0.615681189292233,,
2018-04-08,-0.5862127125877629,,
2018-04-09,-0.6471213607440122,,
2018-04-10,-0.6262274774863422,,
2018-04-11,-0.5958378911673621,,
2018-04-12,-0.3731361964392768,,
2018-04-13,-0.37117283625984115,,
2018-04-14,-0.35078325973099017,,
2018-04-15,-0.27319010057880244,,
2018-04-16,-0.3416489078012502,,
2018-04-17,-0.37791340271596885,,
2018-04-18,-0.31436907406726955,,
2018-04-19,-0.29467943992602197,,
2018-04-20,-0.16646933783550852,,
2018-04-21,-0.16341829806688088,,
2018-04-22,-0.17905377839836886,,
2018-04-23,-0.15162296206928158,,
2018-04-24,0.009258508218812623,,
2018-04-25,-0.17460183688189967,,
2018-04-26,-0.08609410641755302,,
2018-04-27,-0.15080466704957018,,
2018-04-28,-0.06914475827358289,,
2018-04-29,-0.057373028101970175,,
2018-04-30,-0.09782952795148585,,
2018-05-01,-0.13463049610787522,,
2018-05-02,-0.1084562256069587,,
2018-05-03,0.014218961174888632,,
2018-05-04,-0.0009647534307648862,,
2018-05-05,0.020195688962675117,,
2018-05-06,-0.02645802261445221,,
2018-05-07,-0.0853311499799658,,
2018-05-08,-0.11436201721218406,,
2018-05-09,-0.09799322471786358,,
2018-05-10,-0.1571427615934963,,
2018-05-11,-0.2965302662012685,,
2018-05-12,-0.28115606703831064,,
2018-05-13,-0.2328990802462677,,
2018-05-14,-0.2490048709876114,,
2018-05-15,-0.290625318406108,,
2018-05-16,-0.325174854250862,,
2018-05-17,-0.39499364605346027,,
2018-05-18,-0.35198619526586955,,
2018-05-19,-0.3532117647741659,,
2018-05-20,-0.2892056082973918,,
2018-05-21,-0.3155347639740339,,
2018-05-22,-0.4033396943007159,,
2018-05-23,-0.5124777625003443,,
2018-05-24,-0.49987253386082864,,
2018-05-25,-0.5325683798842862,,
2018-05-26,-0.5543847829032579,,
2018-05-27,-0.5507406639419665,,
2018-05-28,-0.6002615279406764,,
2018-05-29,-0.5204083766585753,,
2018-05-30,-0.537749231877018,,
2018-05-31,-0.5127426104389026,,
2018-06-01,-0.5023504899188479,,
2018-06-02,-0.4751178491711702,,
2018-06-03,-0.4603827168184884,,
2018-06-04,-0.5090043110325277,,
2018-06-05,-0.4791387840461205,,
2018-06-06,-0.4696589454296244,,
2018-06-07,-0.4656376579224296,,
2018-06-08,-0.47459209177134004,,
2018-06-09,-0.48915115526471564,,
2018-06-10,-0.673082736389491,,
2018-06-11,-0.6458296174535145,,
2018-06-12,-0.7181200240029489,,
2018-06-13,-0.7642038121060548,,
2018-06-14,-0.6872810827258958,,
2018-06-15,-0.7390831804242817,,
2018-06-16,-0.7159698312421002,,
2018-06-17,-0.7253769129503326,,
2018-06-18,-0.6650312855439486,,
2018-06-19,-0.6573468042431291,,
2018-06-20,-0.6515027789408435,,
2018-06-21,-0.6593900464748712,,
2018-06-22,-0.8112937126892004,,
2018-06-23,-0.7830449826581206,,
2018-06-24,-0.7879617611244724,,
2018-06-25,-0.763756611093728,,
2018-06-26,-0.7970521034494974,,
2018-06-27,-0.7743924491336833,,
2018-06-28,-0.8384835835299091,,
2018-06-29,-0.7512366848625265,,
2018-06-30,-0.7138120511615786,,
2018-07-01,-0.7134727037770378,,
2018-07-02,-0.6544258857583687,,
2018-07-03,-0.6795460961180709,,
2018-07-04,-0.6601279127826012,,
2018-07-05,-0.6699539637726031,,
2018-07-06,-0.6532677202722522,,
2018-07-07,-0.6195676254152352,,
2018-07-08,-0.6257093433825661,,
2018-07-09,-0.6349851248761783,,
2018-07-10,-0.7186131963917473,,
2018-07-11,-0.7005945527675355,,
2018-07-12,-0.7512676418396116,,
2018-07-13,-0.7374396090230898,,
2018-07-14,-0.7255446686410519,,
2018-07-15,-0.7029279014097678,,
2018-07-16,-0.6152245192361131,,
2018-07-17,-0.47008358901089853,,
2018-07-18,-0.4572369769428208,,
2018-07-19,-0.4363874275298006,,
2018-07-20,-0.47029042233325546,,
2018-07-21,-0.45079265526583634,,
2018-07-22,-0.4537733636447721,,
2018-07-23,-0.3790536546749786,,
2018-07-24,-0.21872235225708272,,
2018-07-25,-0.26746973346590014,,
2018-07-26,-0.3366043297393783,,
2018-07-27,-0.27574922508379723,,
2018-07-28,-0.27269298771040656,,
2018-07-29,-0.2650384709394763,,
2018-07-30,-0.27955868054539734,,
2018-07-31,-0.386315279096826,,
2018-08-01,-0.41660093984851304,,
2018-08-02,-0.4288638462910925,,
2018-08-03,-0.45912526856315183,,
2018-08-04,-0.5557222665879168,,
2018-08-05,-0.548093914521799,,
2018-08-06,-0.5709042951540622,,
2018-08-07,-0.619248945690852,,
2018-08-08,-0.7264989389839974,,
2018-08-09,-0.6543207985447642,,
2018-08-10,-0.7547040736174844,,
2018-08-11,-0.7103199987796532,,
2018-08-12,-0.7093274282251789,,
2018-08-13,-0.7204137451274689,,
2018-08-14,-0.7375067050152688,,
2018-08-15,-0.7148283704112228,,
2018-08-16,-0.7092809340326555,,
2018-08-17,-0.6433746333747514,,
2018-08-18,-0.6826060759471111,,
2018-08-19,-0.6606282658363298,,
2018-08-20,-0.7127986764577677,,
2018-08-21,-0.6639617054724175,,
2018-08-22,-0.6899426234316155,,
2018-08-23,-0.6531704283912226,,
2018-08-24,-0.6092330898630028,,
2018-08-25,-0.5985561313180939,,
2018-08-26,-0.6126067422233759,,
2018-08-27,-0.5772957130826042,,
2018-08-28,-0.5171474259790447,,
2018-08-29,-0.5334431883769882,,
2018-08-30,-0.5495966614383146,,
2018-08-31,-0.5353499345773006,,
2018-09-01,-0.49522160738032406,,
2018-09-02,-0.47276348972053744,,
2018-09-03,-0.4798990597887347,,
2018-09-04,-0.45592075591732756,,
2018-09-05,-0.591796683198404,,
2018-09-06,-0.6633753868884714,,
2018-09-07,-0.6812904376065001,,
2018-09-08,-0.7340107813691693,,
2018-09-09,-0.7180882172394113,,
2018-09-10,-0.7058202355109623,,
2018-09-11,-0.7082064157482605,,
2018-09-12,-0.6950941646536567,,
2018-09-13,-0.6529294188420547,,
2018-09-14,-0.6516709438551954,,
2018-09-15,-0.6441279989466624,,
2018-09-16,-0.6503681665216305,,
2018-09-17,-0.7078907524295246,,
2018-09-18,-0.6872214660765159,,
2018-09-19,-0.67597463898381,,
2018-09-20,-0.6471769557804888,,
2018-09-21,-0.585416475529968,,
2018-09-22,-0.5938146198472477,,
2018-09-23,-0.5942852048946936,,
2018-09-24,-0.6248655169390922,,
2018-09-25,-0.6620458905270846,,
2018-09-26,-0.6500711407859581,,
2018-09-27,-0.5973626277447038,,
2018-09-28,-0.6107995173341283,,
2018-09-29,-0.6196734140354083,,
2018-09-30,-0.6144118546632118,,
2018-10-01,-0.6236584788175182,,
2018-10-02,-0.6358207787136737,,
2018-10-03,-0.6457451728565828,,
2018-10-04,-0.6253247005983846,,
2018-10-05,-0.6152678104922353,,
2018-10-06,-0.6233993808602336,,
2018-10-07,-0.6196730772066191,,
2018-10-08,-0.6097006789469832,,
2018-10-09,-0.6128328549560513,,
2018-10-10,-0.6276876644964291,,
2018-10-11,-0.711828653369478,,
2018-10-12,-0.7029081227415064,,
2018-10-13,-0.7007330469044992,,
2018-10-14,-0.7036023061601058,,
2018-10-15,-0.6387036396198998,,
2018-10-16,-0.6327406748292979,,
2018-10-17,-0.6365998616756324,,
2018-10-18,-0.6472169171739092,,
2018-10-19,-0.6508204824240115,,
2018-10-20,-0.6363454359642466,,
2018-10-21,-0.6342779384333391,,
2018-10-22,-0.6353940569861531,,
2018-10-23,-0.6376741642292781,,
2018-10-24,-0.632701637903382,,
2018-10-25,-0.6347893100004447,,
2018-10-26,-0.632503480647885,,
2018-10-27,-0.6308575957904449,,
2018-10-28,-0.6312221895254503,,
2018-10-29,-0.6664573224201042,,
2018-10-30,-0.6634932321575572,,
2018-10-31,-0.6539829577973524,,
2018-11-01,-0.6436528843814704,,
2018-11-02,-0.6420790935642418,,
2018-11-03,-0.6457161437580847,,
2018-11-04,-0.6233749784065115,,
2018-11-05,-0.6274091214107437,,
2018-11-06,-0.6175159461460726,,
2018-11-07,-0.6024998304349832,,
2018-11-08,-0.6259992885271187,,
2018-11-09,-0.6447164494903823,,
2018-11-10,-0.6389523672030801,,
2018-11-11,-0.6431878871210619,,
2018-11-12,-0.6465157616798893,,
2018-11-13,-0.6588943760845515,,
2018-11-14,-0.8310813832395442,,
2018-11-15,-0.8297281454309594,,
2018-11-16,-0.8381916690097759,,
2018-11-17,-0.8359325448779049,,
2018-11-18,-0.8214008188207106,,
2018-11-19,-1.0114085068303773,,
2018-11-20,-1.123790436368468,,
2018-11-21,-1.0612926999923473,,
2018-11-22,-1.1221998251584007,,
2018-11-23,-1.123317504411299,,
2018-11-24,-1.246430111857981,,
2018-11-25,-1.2064978141071208,,
2018-11-26,-1.2671876375926414,,
2018-11-27,-1.2434515169283664,,
2018-11-28,-1.1282736472559207,,
2018-11-29,-1.1204889467976995,,
2018-11-30,-1.1875514515031391,,
2018-12-01,-1.1417789203158752,,
2018-12-02,-1.1535061795487545,,
2018-12-03,-1.2231598023802261,,
2018-12-04,-1.215395012463129,,
2018-12-05,-1.250633461910939,,
2018-12-06,-1.295463299374863,,
2018-12-07,-1.329081437427319,,
2018-12-08,-1.3182450512145578,,
2018-12-09,-1.281695562266893,,
2018-12-10,-1.3132130268665967,,
2018-12-11,-1.3246520175360417,,
2018-12-12,-1.3037272670025755,,
2018-12-13,-1.345536023206386,,
2018-12-14,-1.3594061779484994,,
2018-12-15,-1.3615116541462202,,
2018-12-16,-1.3571162981415337,,
2018-12-17,-1.2734596405232967,,
2018-12-18,-1.2268506337807632,,
2018-12-19,-1.2147040283295756,,
2018-12-20,-1.1136824252594102,,
2018-12-21,-1.173724390545416,,
2018-12-22,-1.138789323765743,,
2018-12-23,-1.1436335138936002,,
2018-12-24,-1.1160145924629195,,
2018-12-25,-1.1904631224264086,,
2018-12-26,-1.1768139267456479,,
2018-12-27,-1.235660331640406,,
2018-12-28,-1.1513853108872871,,
2018-12-29,-1.166109339437461,,
2018-12-30,-1.1640846161692409,,
2018-12-31,-1.200214899068729,,
2019-01-01,-1.1659756079665575,,
2019-01-02,-1.1405086657473709,,
2019-01-03,-1.1702072773004792,,
2019-01-04,-1.1573649840393188,,
2019-01-05,-1.1645249169039804,,
2019-01-06,-1.0954698510435799,,
2019-01-07,-1.1066182040033266,,
2019-01-08,-1.1078487018302536,,
2019-01-09,-1.1040808839854526,,
2019-01-10,-1.1980079981468228,,
2019-01-11,-1.197446423702839,,
2019-01-12,-1.1983801665110194,,
2019-01-13,-1.2274079793647075,,
2019-01-14,-1.1823132973423989,,
2019-01-15,-1.2062150573777015,,
2019-01-16,-1.19814595915492,,
2019-01-17,-1.1877047155391136,,
2019-01-18,-1.1951906080332688,,
2019-01-19,-1.1724541874766574,,
2019-01-20,-1.2130120486018092,,
2019-01-21,-1.212715558098016,,
2019-01-22,-1.1984057158926453,,
2019-01-23,-1.2043704994095141,,
2019-01-24,-1.199038347482512,,
2019-01-25,-1.199520758414813,,
2019-01-26,-1.199632485080802,,
2019-01-27,-1.2040490447749475,,
2019-01-28,-1.230828629268623,,
2019-01-29,-1.2403800265485518,,
2019-01-30,-1.2268225396868937,,
2019-01-31,-1.2333781206936896,,
2019-02-01,-1.2223082663473055,,
2019-02-02,-1.2166422340710052,,
2019-02-03,-1.2294900011455037,,
2019-02-04,-1.2283814255831838,,
2019-02-05,-1.2230446206877996,,
2019-02-06,-1.2380748391080654,,
2019-02-07,-1.2391146674342486,,
2019-02-08,-1.1665623234264202,,
2019-02-09,-1.1634466330019557,,
2019-02-10,-1.1569436659625327,,
2019-02-11,-1.1704962154438123,,
2019-02-12,-1.170082403681136,,
2019-02-13,-1.170609625796276,,
2019-02-14,-1.1737831682972828,,
2019-02-15,-1.171901477965083,,
2019-02-16,-1.1649134728396702,,
2019-02-17,-1.1532199263553788,,
2019-02-18,-1.0834075907474772,,
2019-02-19,-1.0740969848061943,,
2019-02-20,-1.0642956040721936,,
2019-02-21,-1.0742873648679783,,
2019-02-22,-1.0578758822858236,,
2019-02-23,-1.0109077214264555,,
2019-02-24,-1.1109979827171952,,
2019-02-25,-1.0904707424163718,,
2019-02-26,-1.0971069484671259,,
2019-02-27,-1.0953619980525815,,
2019-02-28,-1.096229168606961,,
2019-03-01,-1.0904553981474197,,
2019-03-02,-1.0899729617601461,,
2019-03-03,-1.0971394830754675,,
2019-03-04,-1.1195650328030649,,
2019-03-05,-1.07859666770334,,
2019-03-06,-1.0745196195177649,,
2019-03-07,-1.0728032915608274,,
2019-03-08,-1.076633431625818,,
2019-03-09,-1.0558017011007603,,
2019-03-10,-1.0569961606915532,,
2019-03-11,-1.0709917873531973,,
2019-03-12,-1.0678754917724977,,
2019-03-13,-1.069228640103368,,
2019-03-14,-1.0679053810280532,,
2019-03-15,-1.0535226695484443,,
2019-03-16,-1.0273010446707191,,
2019-03-17,-1.0333891652079874,,
2019-03-18,-1.0320378214207186,,
2019-03-19,-1.0240746565977672,,
2019-03-20,-1.0137491635268336,,
2019-03-21,-1.0285135556024088,,
2019-03-22,-1.0256338170369559,,
2019-03-23,-1.025660504242292,,
2019-03-24,-1.0282791287027797,,
2019-03-25,-1.0452404535799198,,
2019-03-26,-1.0416771046720412,,
2019-03-27,-1.0100388645931542,,
2019-03-28,-1.0141856747320481,,
2019-03-29,-0.991873596280565,,
2019-03-30,-0.9907861594260217,,
2019-03-31,-0.9886088350389894,,
2019-04-01,-0.9756468557868664,,
2019-04-02,-0.7610313391218796,,
2019-04-03,-0.7463836765575131,,
2019-04-04,-0.761248231012173,,
2019-04-05,-0.7265070143524704,,
2019-04-06,-0.7234719552345233,,
2019-04-07,-0.6824768431730577,,
2019-04-08,-0.6566897644361661,,
2019-04-09,-0.6823808662731498,,
2019-04-10,-0.650448314771439,,
2019-04-11,-0.7243811367758,,
2019-04-12,-0.7157980335110536,,
2019-04-13,-0.7182310941481126,,
2019-04-14,-0.6934000143670624,,
2019-04-15,-0.7253199548160781,,
2019-04-16,-0.6794425790022113,,
2019-04-17,-0.6744047609273081,,
2019-04-18,-0.6598786391989601,,
2019-04-19,-0.6602726343137753,,
2019-04-20,-0.6535356762042137,,
2019-04-21,-0.6584802149937936,,
2019-04-22,-0.6338999312359154,,
2019-04-23,-0.5896922103296921,,
2019-04-24,-0.6199313737021986,,
2019-04-25,-0.7052515180070575,,
2019-04-26,-0.6970494758180174,,
2019-04-27,-0.6876262217584562,,
2019-04-28,-0.6969469659762969,,
2019-04-29,-0.6960346339835243,,
2019-04-30,-0.6631120702033674,,
2019-05-01,-0.6446557003204477,,
2019-05-02,-0.6224359553139722,,
2019-05-03,-0.5480898035052775,,
2019-05-04,-0.5157368926151078,,
2019-05-05,-0.5298704070113219,,
2019-05-06,-0.5424392353647832,,
2019-05-07,-0.5057340224326177,,
2019-05-08,-0.47745892674132606,,
2019-05-09,-0.4174057291445218,,
2019-05-10,-0.3605776105207972,,
2019-05-11,-0.09875362392382424,,
2019-05-12,-0.2094495558327434,,
2019-05-13,0.01775258292296817,,
2019-05-14,0.04748988153986273,,
2019-05-15,0.10413967072637091,,
2019-05-16,-0.006719304737144666,,
2019-05-17,-0.15331457125380574,,
2019-05-18,-0.1673263860952262,,
2019-05-19,0.08596795291492876,,
2019-05-20,0.017423232299915267,,
2019-05-21,0.014594967836890483,,
2019-05-22,-0.07243028843540816,,
2019-05-23,-0.01327547296971481,,
2019-05-24,0.007149963634811308,,
2019-05-25,0.02477713175796712,,
2019-05-26,0.20119445723624363,,
2019-05-27,0.21766900733105454,,
2019-05-28,0.18494536515014065,,
2019-05-29,0.13436846278845055,,
2019-05-30,0.03052198751401753,,
2019-05-31,0.10182039733814545,,
2019-06-01,0.09891806314300741,,
2019-06-02,0.1465906355641764,,
2019-06-03,-0.0082941290452591,,
2019-06-04,-0.1345272936102119,,
2019-06-05,-0.0971721990223253,,
2019-06-06,-0.10315637123022563,,
2019-06-07,-0.03976829704048311,,
2019-06-08,-0.06275603528140894,,
2019-06-09,-0.14446297489052726,,
2019-06-10,-0.05316165358130222,,
2019-06-11,-0.07324307666078393,,
2019-06-12,-0.016744810325758693,,
2019-06-13,0.00387195375783705,,
2019-06-14,0.12013442991568121,,
2019-06-15,0.1575275083589436,,
2019-06-16,0.195427034728802,,
2019-06-17,0.27358597216270464,,
2019-06-18,0.1935609456627227,,
2019-06-19,0.2487978356057925,,
2019-06-20,0.3108336539281849,,
2019-06-21,0.44079878495847513,,
2019-06-22,0.5824379232154668,,
2019-06-23,0.603423910948806,,
2019-06-24,0.6452926618594794,,
2019-06-25,0.8121871957652814,,
2019-06-26,1.053438500694308,,
2019-06-27,0.6044197176760683,,
2019-06-28,0.8892566150804194,,
2019-06-29,0.7777236327421386,,
2019-06-30,0.4966815074052195,,
2019-07-01,0.4277863790020126,,
2019-07-02,0.471041105170142,,
2019-07-03,0.7499767523098766,,
2019-07-04,0.5516218445889598,,
2019-07-05,0.5063339455907911,,
2019-07-06,0.5550021264348146,,
2019-07-07,0.6121175240383199,,
2019-07-08,0.8091465148090501,,
2019-07-09,0.8594563397474344,,
2019-07-10,0.7257555734438187,,
2019-07-11,0.5286321521964928,,
2019-07-12,0.6438947735002178,,
2019-07-13,0.5306872408104756,,
2019-07-14,0.27818418827027136,,
2019-07-15,0.42898589960279365,,
2019-07-16,0.08345459472243882,,
2019-07-17,0.12834634204733408,,
2019-07-18,0.3592605318012844,,
2019-07-19,0.31990625116763755,,
2019-07-20,0.39554334530569785,,
2019-07-21,0.32749639375125,,
2019-07-22,0.2628325268632754,,
2019-07-23,0.15676151177514772,,
2019-07-24,0.1311140199342439,,
2019-07-25,0.15512496211574936,,
2019-07-26,0.13943577783229197,,
2019-07-27,0.04721518030847621,,
2019-07-28,0.06669506661227047,,
2019-07-29,0.020184117436692125,,
2019-07-30,0.038752634886210724,,
2019-07-31,0.14633088054297375,,
2019-08-01,0.2226406566050562,,
2019-08-02,0.24982507498992865,,
2019-08-03,0.3125972527426662,,
2019-08-04,0.3508893926208833,,
2019-08-05,0.5222531624053691,,
2019-08-06,0.427881685188748,,
2019-08-07,0.5439118395477172,,
2019-08-08,0.5283121780836105,,
2019-08-09,0.506271321298526,,
2019-08-10,0.3787535116618618,,
2019-08-11,0.42737911411063784,,
2019-08-12,0.3915120502444391,,
2019-08-13,0.27070739106166136,,
2019-08-14,0.07772605575042185,,
2019-08-15,0.1421859879696301,,
2019-08-16,0.15549463971709207,,
2019-08-17,0.11769327927811771,,
2019-08-18,0.14523402848875627,,
2019-08-19,0.26896501363400166,,
2019-08-20,0.23985268361684337,,
2019-08-21,0.08720940341525447,,
2019-08-22,0.09258863466400805,,
2019-08-23,0.14964439016619188,,
2019-08-24,0.08882248942494403,,
2019-08-25,0.07763007646071025,,
2019-08-26,0.13504074601909818,,
2019-08-27,0.08947911677196733,,
2019-08-28,-0.0102375003591358,,
2019-08-29,-0.06363196772491521,,
2019-08-30,-0.04196029875798107,,
2019-08-31,-0.03561356023478652,,
2019-09-01,-0.0009064178757965471,,
2019-09-02,0.13524735671418076,,
2019-09-03,0.186352266133315,,
2019-09-04,0.17493170120348342,,
2019-09-05,0.17322340826909535,,
2019-09-06,0.09854930883795256,,
2019-09-07,0.13364264600706344,,
2019-09-08,0.11300638489402762,,
2019-09-09,0.09566702203787046,,
2019-09-10,0.040585381139737614,,
2019-09-11,0.0464030202896814,,
2019-09-12,0.10301900526929383,,
2019-09-13,0.08869803187138403,,
2019-09-14,0.09190100732580794,,
2019-09-15,0.0784616837028983,,
2019-09-16,0.06733569719007125,,
2019-09-17,0.052626716547665514,,
2019-09-18,0.04228523719176159,,
2019-09-19,0.06534639192601745,,
2019-09-20,0.042905660974702456,,
2019-09-21,0.0019978253507902614,,
2019-09-22,0.015198008991529791,,
2019-09-23,-0.06280706929373457,,
2019-09-24,-0.29860729176916667,,
2019-09-25,-0.33673640148118616,,
2019-09-26,-0.40466630667187675,,
2019-09-27,-0.383145749887358,,
2019-09-28,-0.37848784095277876,,
2019-09-29,-0.4086946531243076,,
2019-09-30,-0.35911101686575186,,
2019-10-01,-0.3501827665355593,,
2019-10-02,-0.3389615479280967,,
2019-10-03,-0.362402470530888,,
2019-10-04,-0.38166465714178976,,
2019-10-05,-0.3868980901823162,,
2019-10-06,-0.45081694126245964,,
2019-10-07,-0.3668071502062038,,
2019-10-08,-0.37490661010443643,,
2019-10-09,-0.28314342615266447,,
2019-10-10,-0.287613618177342,,
2019-10-11,-0.3518250238272547,,
2019-10-12,-0.3442899335832024,,
2019-10-13,-0.351306587803084,,
2019-10-14,-0.3473311806503173,,
2019-10-15,-0.3874288954890752,,
2019-10-16,-0.4216609840949222,,
2019-10-17,-0.40551750398162595,,
2019-10-18,-0.4302626584193452,,
2019-10-19,-0.4326128496641454,,
2019-10-20,-0.37289590168356157,,
2019-10-21,-0.3725796895986984,,
2019-10-22,-0.412991954646779,,
2019-10-23,-0.5387003491995492,,
2019-10-24,-0.536083380774623,,
2019-10-25,-0.2667834825912994,,
2019-10-26,-0.13820575977462876,,
2019-10-27,-0.07069221494026841,,
2019-10-28,-0.12802286450624095,,
2019-10-29,-0.10583195181840925,,
2019-10-30,-0.16216665472069886,,
2019-10-31,-0.16901072794223015,,
2019-11-01,-0.1506093497010474,,
2019-11-02,-0.14031730080352134,,
2019-11-03,-0.16060698798191558,,
2019-11-04,-0.11491738922201768,,
2019-11-05,-0.12892674093481896,,
2019-11-06,-0.12387595481363427,,
2019-11-07,-0.1569800611119022,,
2019-11-08,-0.24978728996900515,,
2019-11-09,-0.24508319221518488,,
2019-11-10,-0.19321559466611835,,
2019-11-11,-0.267316598542227,,
2019-11-12,-0.2506885720567495,,
2019-11-13,-0.25906644480049446,,
2019-11-14,-0.2858979668889837,,
2019-11-15,-0.32578604733396926,,
2019-11-16,-0.32287961778236385,,
2019-11-17,-0.3166460690812458,,
2019-11-18,-0.387858785592177,,
2019-11-19,-0.4022374193351468,,
2019-11-20,-0.4102246310201672,,
2019-11-21,-0.5124177006536312,,
2019-11-22,-0.5838198151150475,,
2019-11-23,-0.5708771911466963,,
2019-11-24,-0.657111502822873,,
2019-11-25,-0.6107372129950921,,
2019-11-26,-0.6026095607941623,,
2019-11-27,-0.5192603417782506,,
2019-11-28,-0.5392699520066345,,
2019-11-29,-0.46806900635186555,,
2019-11-30,-0.5105490288636206,,
2019-12-01,-0.5415944226177463,,
2019-12-02,-0.5628836799882696,,
2019-12-03,-0.5640974431611554,,
2019-12-04,-0.5835860975467039,,
2019-12-05,-0.5394595584143431,,
2019-12-06,-0.5088465061752471,,
2019-12-07,-0.5137259076709656,,
2019-12-08,-0.5096823887304229,,
2019-12-09,-0.5521505237891398,,
2019-12-10,-0.5759723220844317,,
2019-12-11,-0.5821826588191956,,
2019-12-12,-0.5830025902716094,,
2019-12-13,-0.5706525031156783,,
2019-12-14,-0.6100265046648644,,
2019-12-15,-0.6005759436657077,,
2019-12-16,-0.6519215517028027,,
2019-12-17,-0.7127499134037291,,
2019-12-18,-0.5551938788859694,,
2019-12-19,-0.586867951871998,,
2019-12-20,-0.5781042026115373,,
2019-12-21,-0.5879969971015547,,
2019-12-22,-0.5097717056717012,,
2019-12-23,-0.5458383451466454,,
2019-12-24,-0.5656721100991807,,
2019-12-25,-0.5730248896697764,,
2019-12-26,-0.5716960782612295,,
2019-12-27,-0.5612439710813538,,
2019-12-28,-0.5449701610762774,,
2019-12-29,-0.5232092879693899,,
2019-12-30,-0.5607778921345322,,
2019-12-31,-0.5744955850593078,,
2020-01-01,-0.573566663076127,,
2020-01-02,-0.6250571247180964,,
2020-01-03,-0.5398183866628188,,
2020-01-04,-0.5329381449133253,,
2020-01-05,-0.5322938562794696,,
2020-01-06,-0.4356713099997341,,
2020-01-07,-0.35102163444127765,,
2020-01-08,-0.3695655696643442,,
2020-01-09,-0.42664719979172355,,
2020-01-10,-0.3553364284980543,,
2020-01-11,-0.37814312567946134,,
2020-01-12,-0.34787950038709897,,
2020-01-13,-0.3582838086099907,,
2020-01-14,-0.20018523830551477,,
2020-01-15,-0.20787158899384217,,
2020-01-16,-0.23105008371610808,,
2020-01-17,-0.1883300738704905,,
2020-01-18,-0.18550065420301828,,
2020-01-19,-0.24087827961571107,,
2020-01-20,-0.2525202265178794,,
2020-01-21,-0.23136936885489945,,
2020-01-22,-0.25074308680745666,,
2020-01-23,-0.31558206105425685,,
2020-01-24,-0.30323352966413275,,
2020-01-25,-0.32158639533928945,,
2020-01-26,-0.26931355595929507,,
2020-01-27,-0.19523825104772033,,
2020-01-28,-0.1069260146007585,,
2020-01-29,-0.10764338095454438,,
2020-01-30,-0.06636065084887544,,
2020-01-31,-0.10496759967287085,,
2020-02-01,-0.10020131498581948,,
2020-02-02,-0.10982315826354701,,
2020-02-03,-0.12490631394469835,,
2020-02-04,-0.15254885680743596,,
2020-02-05,-0.048190885802591996,,
2020-02-06,-0.02885570618771905,,
2020-02-07,-0.023649975439754594,,
2020-02-08,-0.0016011854085740923,,
2020-02-09,0.05018342388435946,,
2020-02-10,-0.018775565378924847,,
2020-02-11,0.06689601206533799,,
2020-02-12,0.08362946596694304,,
2020-02-13,0.052902892714782955,,
2020-02-14,0.07869256376064018,,
2020-02-15,-0.02241634138298528,,
2020-02-16,-0.014332733371177728,,
2020-02-17,-0.07475393173706557,,
2020-02-18,0.03434035023116326,,
2020-02-19,-0.09130206643444087,,
2020-02-20,-0.09596843343534919,,
2020-02-21,-0.07708223387224443,,
2020-02-22,-0.08361428809322544,,
2020-02-23,-0.018277526683810073,,
2020-02-24,-0.09162929269783304,,
2020-02-25,-0.16207711980632217,,
2020-02-26,-0.2824196555001141,,
2020-02-27,-0.2856437029162685,,
2020-02-28,-0.291676262530076,,
2020-02-29,-0.32890894066643905,,
2020-03-01,-0.3373861460001339,,
2020-03-02,-0.2565418943446865,,
2020-03-03,-0.28793078250906584,,
2020-03-04,-0.2858477084179457,,
2020-03-05,-0.2174057367156643,,
2020-03-06,-0.19921261981271918,,
2020-03-07,-0.2550072590489753,,
2020-03-08,-0.43127082841875436,,
2020-03-09,-0.47612742811722947,,
2020-03-10,-0.47105691351550555,,
2020-03-11,-0.45976563133009024,,
2020-03-12,-1.1110961531078545,,
2020-03-13,-0.9473739081949677,,
2020-03-14,-1.0554951777738044,,
2020-03-15,-1.0038257398465649,,
2020-03-16,-1.079471747309569,,
2020-03-17,-0.9821560179719474,,
2020-03-18,-0.9866338089706714,,
2020-03-19,-0.7964275805158216,,
2020-03-20,-0.800620988243139,,
2020-03-21,-0.7998475330004997,,
2020-03-22,-0.8807250694314928,,
2020-03-23,-0.7261936833876202,,
2020-03-24,-0.6606512660338646,,
2020-03-25,-0.6800831653957424,,
2020-03-26,-0.6650821455143421,,
2020-03-27,-0.7260095238984283,,
2020-03-28,-0.7860453504639264,,
2020-03-29,-0.8615844015299486,,
2020-03-30,-0.7353252110026717,,
2020-03-31,-0.7354764423387681,,
2020-04-01,-0.6809796730129202,,
2020-04-02,-0.6454591309814062,,
2020-04-03,-0.6547966288524609,,
2020-04-04,-0.6291414106605525,,
2020-04-05,-0.6454725830356214,,
2020-04-06,-0.527727972899808,,
2020-04-07,-0.553179406866308,,
2020-04-08,-0.5103263320456337,,
2020-04-09,-0.5277427997711701,,
2020-04-10,-0.6252993352830305,,
2020-04-11,-0.619453956670058,,
2020-04-12,-0.5966843556672746,,
2020-04-13,-0.6234863323233885,,
2020-04-14,-0.6203642484026725,,
2020-04-15,-0.6789172985724343,,
2020-04-16,-0.5596869256727454,,
2020-04-17,-0.5706657933156557,,
2020-04-18,-0.5278143571843016,,
2020-04-19,-0.554470453894112,,
2020-04-20,-0.6239399971417132,,
2020-04-21,-0.6193186857444436,,
2020-04-22,-0.5592783399673588,,
2020-04-23,-0.4738631105863421,,
2020-04-24,-0.4706228206620546,,
2020-04-25,-0.46349516489142706,,
2020-04-26,-0.4291331137961836,,
2020-04-27,-0.4105245687666589,,
2020-04-28,-0.412758079720088,,
2020-04-29,-0.19312515887813606,,
2020-04-30,-0.2238626473258298,,
2020-05-01,-0.17957839036350157,,
2020-05-02,-0.15281305578191787,,
2020-05-03,-0.17308188327727708,,
2020-05-04,-0.17829634338890374,,
2020-05-05,-0.15566495901163374,,
2020-05-06,-0.09491995712992204,,
2020-05-07,0.05867044470635282,,
2020-05-08,0.022580503657504875,,
2020-05-09,-0.04293167981958516,,
2020-05-10,-0.24148478188089104,,
2020-05-11,-0.267994295254544,,
2020-05-12,-0.21565958430848337,,
2020-05-13,-0.10198773296426066,,
2020-05-14,0.005019063414454551,,
2020-05-15,-0.10537032237728083,,
2020-05-16,-0.09015536486140209,,
2020-05-17,-0.02514819096439623,,
2020-05-18,-0.01916006133113118,,
2020-05-19,-0.016043351700944716,,
2020-05-20,-0.07151829216985915,,
2020-05-21,-0.17339926750790036,,
2020-05-22,-0.1520002042464754,,
2020-05-23,-0.14752806740772884,,
2020-05-24,-0.23405070361016644,,
2020-05-25,-0.20901350054745216,,
2020-05-26,-0.2258462770247787,,
2020-05-27,-0.15011879376945514,,
2020-05-28,-0.05947896410311217,,
2020-05-29,-0.09184485803399066,,
2020-05-30,-0.03313346229486768,,
2020-05-31,-0.09270434307954883,,
2020-06-01,0.07576324797828364,,
2020-06-02,-0.08148611840643541,,
2020-06-03,-0.05314290095493878,,
2020-06-04,-0.016136197340411072,,
2020-06-05,-0.0558937275753531,,
2020-06-06,-0.05053248659623842,,
2020-06-07,-0.033141563404073,,
2020-06-08,-0.03203650164506277,,
2020-06-09,-0.03118783566964924,,
2020-06-10,-0.007750509544451313,,
2020-06-11,-0.1463754566819829,,
2020-06-12,-0.10607230238623863,,
2020-06-13,-0.10525308125887263,,
2020-06-14,-0.13262290625714065,,
2020-06-15,-0.11089298197520095,,
2020-06-16,-0.09397963629304044,,
2020-06-17,-0.11059180091673543,,
2020-06-18,-0.12934456192446714,,
2020-06-19,-0.15289015638250952,,
2020-06-20,-0.13706932156532137,,
2020-06-21,-0.15407561676788703,,
2020-06-22,-0.06475817869617359,,
2020-06-23,-0.08252809539477475,,
2020-06-24,-0.1542486832571218,,
2020-06-25,-0.16430475151714585,,
2020-06-26,-0.18966410964939173,,
2020-06-27,-0.22532314451226523,,
2020-06-28,-0.20130561831756957,,
2020-06-29,-0.18447224544852314,,
2020-06-30,-0.19456010706891924,,
2020-07-01,-0.17290738199942016,,
2020-07-02,-0.20623092760034717,,
2020-07-03,-0.21266212605045479,,
2020-07-04,-0.1993301877497898,,
2020-07-05,-0.2099982608753529,,
2020-07-06,-0.15193089166406562,,
2020-07-07,-0.172046928806307,,
2020-07-08,-0.13356863609807376,,
2020-07-09,-0.18020113701026344,,
2020-07-10,-0.1683435322483698,,
2020-07-11,-0.17943545260300503,,
2020-07-12,-0.16790034425409148,,
2020-07-13,-0.1799968691202002,,
2020-07-14,-0.17565804049408482,,
2020-07-15,-0.19089705105946575,,
2020-07-16,-0.2055447077837584,,
2020-07-17,-0.20010997457669258,,
2020-07-18,-0.19585191354679957,,
2020-07-19,-0.18662431152158201,,
2020-07-20,-0.19841714011625355,,
2020-07-21,-0.14900295344677256,,
2020-07-22,-0.11828047286041996,,
2020-07-23,-0.10217445479881414,,
2020-07-24,-0.11690912680169666,,
2020-07-25,-0.08306730664988675,,
2020-07-26,-0.032206946901875894,,
2020-07-27,0.20899748383360783,,
2020-07-28,0.17866597947501597,,
2020-07-29,0.2124306118035047,,
2020-07-30,0.21226971919480644,,
2020-07-31,0.25280272924620967,,
2020-08-01,0.3513368452422725,,
2020-08-02,0.19240416933860519,,
2020-08-03,0.21603439424003595,,
2020-08-04,0.20620829443224004,,
2020-08-05,0.3141158164344063,,
2020-08-06,0.31444055184434033,,
2020-08-07,0.26912402470750346,,
2020-08-08,0.29548871141961625,,
2020-08-09,0.2784500280990211,,
2020-08-10,0.3164627653265428,,
2020-08-11,0.207869814518994,,
2020-08-12,0.2450825150091745,,
2020-08-13,0.2843413212164736,,
2020-08-14,0.2807104720341935,,
2020-08-15,0.29848426658578747,,
2020-08-16,0.3034645434676981,,
2020-08-17,0.38458227902992465,,
2020-08-18,0.3119877200875325,,
2020-08-19,0.2549334964099975,,
2020-08-20,0.2805074223853352,,
2020-08-21,0.20420145882564725,,
2020-08-22,0.2371837889133453,,
2020-08-23,0.23262573410217557,,
2020-08-24,0.25276166391955796,,
2020-08-25,0.16237915722809593,,
2020-08-26,0.18529580259615322,,
2020-08-27,0.1503578614394472,,
2020-08-28,0.1935351790000746,,
2020-08-29,0.18515588080692624,,
2020-08-30,0.22797752738433014,,
2020-08-31,0.22024014412277207,,
2020-09-01,0.2775995062130133,,
2020-09-02,0.15704323676189433,,
2020-09-03,-0.08780464746693552,,
2020-09-04,-0.042909081932656454,,
2020-09-05,-0.1156967004875424,,
2020-09-06,-0.08874410336395085,,
2020-09-07,-0.06371179652158837,,
2020-09-08,-0.11884965754389433,,
2020-09-09,-0.09383010829710005,,
2020-09-10,-0.07002096582704599,,
2020-09-11,-0.05859875848286928,,
2020-09-12,-0.04773471142569311,,
2020-09-13,-0.07253978016933292,,
2020-09-14,-0.00010717895653180263,,
2020-09-15,0.02335331369034544,,
2020-09-16,0.06108330741724681,,
2020-09-17,0.052684199551161645,,
2020-09-18,0.04732635254522048,,
2020-09-19,0.07827988234588577,,
2020-09-20,0.04456702737598096,,
2020-09-21,-0.054571409649446366,,
2020-09-22,-0.04276161369608978,,
2020-09-23,-0.10333764080566923,,
2020-09-24,0.004132592595231563,,
2020-09-25,-0.009141337924872215,,
2020-09-26,0.002550325994755396,,
2020-09-27,0.005669697440908379,,
2020-09-28,-0.001671715121809275,,
2020-09-29,0.01876255146141141,,
2020-09-30,0.0033461803566583125,,
2020-10-01,-0.03217373798822491,,
2020-10-02,-0.04035707491234822,,
2020-10-03,-0.0436136401376631,,
2020-10-04,-0.02056730189862139,,
2020-10-05,0.0012341182410008247,,
2020-10-06,-0.03679744466009367,,
2020-10-07,-0.022944743834118143,,
2020-10-08,0.025551157616237104,,
2020-10-09,0.059807069113834425,,
2020-10-10,0.10725416755453215,,
2020-10-11,0.12166820866373776,,
2020-10-12,0.1555583975279722,,
2020-10-13,0.12941520874531737,,
2020-10-14,0.12307882921035473,,
2020-10-15,0.13884817353676965,,
2020-10-16,0.10316447419184384,,
2020-10-17,0.10753525931620338,,
2020-10-18,0.13360976981853318,,
2020-10-19,0.18084809235948204,,
2020-10-20,0.21502359397028858,,
2020-10-21,0.399194069796224,,
2020-10-22,0.4082671438306137,,
2020-10-23,0.3924067084792867,,
2020-10-24,0.4200672468362612,,
2020-10-25,0.4019692527982633,,
2020-10-26,0.4071033029957275,,
2020-10-27,0.520753054110144,,
2020-10-28,0.43522965976111105,,
2020-10-29,0.4663414841045833,,
2020-10-30,0.4886981555500338,,
2020-10-31,0.5255140676833874,,
2020-11-01,0.5060641204453695,,
2020-11-02,0.4690401765112199,,
2020-11-03,0.5083260932834757,,
2020-11-04,0.5261604738894341,,
2020-11-05,0.7955691957669535,,
2020-11-06,0.7841408040101396,,
2020-11-07,0.6323387278788996,,
2020-11-08,0.7440139484270379,,
2020-11-09,0.7002072654716286,,
2020-11-10,0.6929699129223863,,
2020-11-11,0.7649945936803146,,
2020-11-12,0.8606046901624353,,
2020-11-13,0.8578335433224029,,
2020-11-14,0.8079597633135053,,
2020-11-15,0.7819916510258967,,
2020-11-16,0.9184385962378854,,
2020-11-17,1.0773014622748627,,
2020-11-18,1.0672634530525282,,
2020-11-19,1.0590610991939853,,
2020-11-20,1.1827772564564045,,
2020-11-21,1.1740344520559838,,
2020-11-22,1.124621196631813,,
2020-11-23,1.0890340214562795,,
2020-11-24,1.210388447627846,,
2020-11-25,1.1257105482769185,,
2020-11-26,0.8160697376589577,,
2020-11-27,0.8059441689275016,,
2020-11-28,0.918839889725451,,
2020-11-29,0.9935328644243456,,
2020-11-30,1.234946577270686,,
2020-12-01,1.0663265463906757,,
2020-12-02,1.1188248674527714,,
2020-12-03,1.149522585270274,,
2020-12-04,1.0102653868470732,,
2020-12-05,1.073248019473587,,
2020-12-06,1.1109425753158186,,
2020-12-07,1.0703372576068082,,
2020-12-08,0.9156975368016407,,
2020-12-09,0.9410693253059514,,
2020-12-10,0.8866819837652221,,
2020-12-11,0.8400159014443964,,
2020-12-12,0.9619518478358228,,
2020-12-13,0.9965437844611541,,
2020-12-14,1.0099297500499016,,
2020-12-15,1.0229220633469367,,
2020-12-16,1.319978177608053,,
2020-12-17,1.5019735134901637,,
2020-12-18,1.478572839070246,,
2020-12-19,1.5922446953370384,,
2020-12-20,1.5156790692019515,,
2020-12-21,1.4015576339667648,,
2020-12-22,1.4881778917544852,,
2020-12-23,1.3798089618833307,,
2020-12-24,1.4080988317475265,,
2020-12-25,1.5481386090145124,,
2020-12-26,1.8035603637656021,,
2020-12-27,1.7572741920276578,,
2020-12-28,1.7554959582299994,,
2020-12-29,1.7187550691167024,,
2020-12-30,1.9084549381993359,,
2020-12-31,1.8970221946384382,,
2021-01-01,1.9023274690816192,,
2021-01-02,2.1914045392194517,,
2021-01-03,2.2859106926716377,,
2021-01-04,2.022730554772216,,
2021-01-05,2.2474541767310514,,
2021-01-06,2.5044021003091945,,
2021-01-07,2.690603337814215,,
2021-01-08,2.7495681154541542,,
2021-01-09,2.611946211050859,,
2021-01-10,2.3254058950533887,,
2021-01-11,1.9238011943785556,,
2021-01-12,1.7184627772459349,,
2021-01-13,2.110557179759977,,
2021-01-14,2.2699204523677956,,
2021-01-15,1.9707466465326051,,
2021-01-16,1.8934338051610753,,
2021-01-17,1.8682098071147628,,
2021-01-18,1.9013300409837723,,
2021-01-19,1.84659446375416,,
2021-01-20,1.750296211254442,,
2021-01-21,1.2372525290726766,,
2021-01-22,1.4548361227654458,,
2021-01-23,1.3410885280666736,,
2021-01-24,1.3577879241064066,,
2021-01-25,1.3750747607354223,,
2021-01-26,1.393666720132517,,
2021-01-27,1.1168996884388978,,
2021-01-28,1.4509041953245625,,
2021-01-29,1.4979999783123639,,
2021-01-30,1.5064623644273711,,
2021-01-31,1.3619866978752053,,
2021-02-01,1.3991013708807865,,
2021-02-02,1.603252206706763,,
2021-02-03,1.800589412274702,,
2021-02-04,1.725871347424505,,
2021-02-05,1.7886562722509693,,
2021-02-06,1.9069931840976535,,
2021-02-07,1.8484968224016942,,
2021-02-08,2.5315263260469836,,
2021-02-09,2.477268924289884,,
2021-02-10,2.2739056187363915,,
2021-02-11,2.5084740327081674,,
2021-02-12,2.418426290385883,,
2021-02-13,2.373682950095094,,
2021-02-14,2.512476156453235,,
2021-02-15,2.3868003322336344,,
2021-02-16,2.451625279050206,,
2021-02-17,2.6882464620023643,,
2021-02-18,2.573708665492541,,
2021-02-19,2.833581778949076,,
2021-02-20,2.7879355660717393,,
2021-02-21,2.8892304880518846,,
2021-02-22,2.530347691896992,,
2021-02-23,2.0070826862713003,,
2021-02-24,2.0587336534348855,,
2021-02-25,1.8567694082128354,,
2021-02-26,1.7101663244044232,,
2021-02-27,1.68178006831844,,
2021-02-28,1.6338324525531316,,
2021-03-01,1.9742273066880254,,
2021-03-02,1.8430282283036363,,
2021-03-03,2.028445588775317,,
2021-03-04,1.828988188665209,,
2021-03-05,1.8397624996102953,,
2021-03-06,1.8449027020350994,,
2021-03-07,2.0126507144947046,,
2021-03-08,2.0691572624801062,,
2021-03-09,2.260949974107921,,
2021-03-10,2.342652521306252,,
2021-03-11,2.4298767813906035,,
2021-03-12,2.347904940889105,,
2021-03-13,2.629844791553097,,
2021-03-14,2.490963824993427,,
2021-03-15,2.1675273679613314,,
2021-03-16,2.172114578150093,,
2021-03-17,2.314688660868204,,
2021-03-18,2.225387612963766,,
2021-03-19,2.2452826675814204,,
2021-03-20,2.2353859472829405,,
2021-03-21,2.1595588269366006,,
2021-03-22,1.9133223324195134,,
2021-03-23,1.892913154344299,,
2021-03-24,1.7293056700738398,,
2021-03-25,1.632367776952171,,
2021-03-26,1.8543674170942557,,
2021-03-27,1.9307143730621543,,
2021-03-28,1.8981120901107997,,
2021-03-29,2.0169506268967954,,
2021-03-30,2.073832621240835,,
2021-03-31,2.062211600385946,,
2021-04-01,2.0354562565874317,,
2021-04-02,2.0315257981355583,,
2021-04-03,1.8985323813472952,,
2021-04-04,1.9569050294394317,,
2021-04-05,1.9836820362258067,,
2021-04-06,1.8652715205432289,,
2021-04-07,1.7266632343740655,,
2021-04-08,1.833000992402131,,
2021-04-09,1.828993794560584,,
2021-04-10,1.9202521253982094,,
2021-04-11,1.9290334443229697,,
2021-04-12,1.9072691891724145,,
2021-04-13,2.1197380666059145,,
2021-04-14,2.0434035403048956,,
2021-04-15,2.0392556051494544,,
2021-04-16,1.9129582201028021,,
2021-04-17,1.8131687492412325,,
2021-04-18,1.5054493789556298,,
2021-04-19,1.4611412483745043,,
2021-04-20,1.4982763386341176,,
2021-04-21,1.3329270670342002,,
2021-04-22,1.1829042921243678,,
2021-04-23,1.1179902775954524,,
2021-04-24,1.0664266541896803,,
2021-04-25,0.9775845040912604,,
2021-04-26,1.2963770871963949,,
2021-04-27,1.3509255754857896,,
2021-04-28,1.3281889336455255,,
2021-04-29,1.2352594591138706,,
2021-04-30,1.4877910905614802,,
2021-05-01,1.488882885429221,,
2021-05-02,1.3989839191869053,,
2021-05-03,1.4324809401477174,,
2021-05-04,1.1989226592855144,,
2021-05-05,1.4205383798891649,,
2021-05-06,1.3496620728472801,,
2021-05-07,1.3790603454192039,,
2021-05-08,1.4611324334400522,,
2021-05-09,1.4232514155650944,,
2021-05-10,1.2661680860434883,,
2021-05-11,1.3048736528363742,,
2021-05-12,0.9419043626741367,,
2021-05-13,0.8398595010997919,,
2021-05-14,0.8784368020541856,,
2021-05-15,0.6924746324526,,
2021-05-16,0.6285560932248,,
2021-05-17,0.4757763524660814,,
2021-05-18,0.43420373480274344,,
2021-05-19,0.12394977018474655,,
2021-05-20,0.3323050187076753,,
2021-05-21,0.10541239597617509,,
2021-05-22,0.14007520175476704,,
2021-05-23,-0.04233080647050621,,
2021-05-24,0.20021864196889333,,
2021-05-25,0.1805176066823577,,
2021-05-26,0.23875119915701862,,
2021-05-27,0.1971585725245298,,
2021-05-28,0.013536255395480465,,
2021-05-29,-0.04350140262227898,,
2021-05-30,0.01732070576488903,,
2021-05-31,0.12433459621290557,,
2021-06-01,0.08019543745085163,,
2021-06-02,0.1444128526194885,,
2021-06-03,0.2391532699555004,,
2021-06-04,0.09538610601054894,,
2021-06-05,0.001825576053878751,,
2021-06-06,0.0230875228984008,,
2021-06-07,-0.10220192972543236,,
2021-06-08,-0.1128744236979691,,
2021-06-09,0.1349446016126502,,
2021-06-10,0.10103452666906448,,
2021-06-11,0.12331409654077052,,
2021-06-12,0.025815953927215963,,
2021-06-13,0.23560593168908897,,
2021-06-14,0.32993898809390493,,
2021-06-15,0.31468394734490884,,
2021-06-16,0.18629169147761485,,
2021-06-17,0.17292284183807466,,
2021-06-18,0.025365443071679865,,
2021-06-19,0.015843452396093933,,
2021-06-20,0.01894751920290941,,
2021-06-21,-0.22736527881875077,,
2021-06-22,-0.1811307879844283,,
2021-06-23,-0.10127354021246701,,
2021-06-24,-0.03325776645308466,,
2021-06-25,-0.20754166126028328,,
2021-06-26,-0.19195233382592797,,
2021-06-27,-0.020839350648022618,,
2021-06-28,-0.0291590096236307,,
2021-06-29,0.07348311700282323,,
2021-06-30,0.016827727822861693,,
2021-07-01,-0.08368126591879785,,
2021-07-02,-0.05954321124532136,,
2021-07-03,-0.006436998975386054,,
2021-07-04,0.04381780320757115,,
2021-07-05,-0.051397132370176325,,
2021-07-06,-0.03686766572171446,,
2021-07-07,-0.049708986558084804,,
2021-07-08,-0.12148309945758501,,
2021-07-09,-0.04934919711352787,,
2021-07-10,-0.0693257506831972,,
2021-07-11,-0.026551351707882576,,
2021-07-12,-0.10200790843930824,,
2021-07-13,-0.13327749551416815,,
2021-07-14,-0.12151300588659393,,
2021-07-15,-0.19138905831372874,,
2021-07-16,-0.20608479670678825,,
2021-07-17,-0.2083903155989178,,
2021-07-18,-0.19694993652085205,,
2021-07-19,-0.2504231411310683,,
2021-07-20,-0.3239216911830613,,
2021-07-21,-0.1678626211898491,,
2021-07-22,-0.15653406398672887,,
2021-07-23,-0.07670833579496779,,
2021-07-24,-0.0287425711911304,,
2021-07-25,0.03428087785337471,,
2021-07-26,0.1782137392818743,,
2021-07-27,0.27063094172031954,,
2021-07-28,0.3119167586321611,,
2021-07-29,0.2906793610928775,,
2021-07-30,0.3961069258260541,,
2021-07-31,0.39473949466994457,,
2021-08-01,0.27683994236915094,,
2021-08-02,0.23303908316031827,,
2021-08-03,0.16837520564283306,,
2021-08-04,0.26237647856645513,,
2021-08-05,0.3353845487498721,,
2021-08-06,0.4496761412168208,,
2021-08-07,0.5555701964095321,,
2021-08-08,0.5205084656276927,,
2021-08-09,0.6597256885093529,,
2021-08-10,0.6050891187848383,,
2021-08-11,0.613606162080241,,
2021-08-12,0.5298530467287319,,
2021-08-13,0.7353818605560085,,
2021-08-14,0.6902832182610824,,
2021-08-15,0.6851974605927227,,
2021-08-16,0.6129552811973422,,
2021-08-17,0.530786414439731,,
2021-08-18,0.5422865172981561,,
2021-08-19,0.644888937538304,,
2021-08-20,0.8016529282559718,,
2021-08-21,0.7869386653503179,,
2021-08-22,0.8019287021326846,,
2021-08-23,0.8082620932164497,,
2021-08-24,0.7019308177665458,,
2021-08-25,0.7548918246539813,,
2021-08-26,0.6367458990341742,,
2021-08-27,0.749599493835849,,
2021-08-28,0.7349669450066276,,
2021-08-29,0.7390956470227132,,
2021-08-30,0.623400675524701,,
2021-08-31,0.6260592133350157,,
2021-09-01,0.711677745960451,,
2021-09-02,0.7485938995733845,,
2021-09-03,0.774765398066198,,
2021-09-04,0.775084222117827,,
2021-09-05,0.8851192381720251,,
2021-09-06,0.93453937488301,,
2021-09-07,0.5802744080603168,,
2021-09-08,0.5385264994027877,,
2021-09-09,0.5494592885993785,,
2021-09-10,0.44625458847102867,,
2021-09-11,0.4660592134636385,,
2021-09-12,0.5312540683142262,,
2021-09-13,0.45817756032712986,,
2021-09-14,0.5789546119535226,,
2021-09-15,0.6417761445780894,,
2021-09-16,0.6160275031227753,,
2021-09-17,0.5782971906375257,,
2021-09-18,0.6371080562899869,,
2021-09-19,0.5754557689720818,,
2021-09-20,0.3131139384783146,,
2021-09-21,0.17391975966123088,,
2021-09-22,0.35889410591219223,,
2021-09-23,0.4357991092050117,,
2021-09-24,0.31077487393116376,,
2021-09-25,0.3064822823882725,,
2021-09-26,0.3127421741551172,,
2021-09-27,0.2736456188137549,,
2021-09-28,0.19740536912554738,,
2021-09-29,0.21161815872023976,,
2021-09-30,0.35069238879873743,,
2021-10-01,0.6047188109215602,,
2021-10-02,0.5826120305699405,,
2021-10-03,0.6054578220702942,,
2021-10-04,0.6656258862827348,,
2021-10-05,0.7939965450998702,,
2021-10-06,1.0029087059048207,,
2021-10-07,0.8950107622233654,,
2021-10-08,0.8973472259838523,,
2021-10-09,0.9571352652435131,,
2021-10-10,0.9333660833496548,,
2021-10-11,1.0777550775516607,,
2021-10-12,1.0032699782643226,,
2021-10-13,1.062274054989745,,
2021-10-14,1.053942748851225,,
2021-10-15,1.2740569326124065,,
2021-10-16,1.236321761171021,,
2021-10-17,1.2618024632211653,,
2021-10-18,1.2655450856314419,,
2021-10-19,1.3820269865162362,,
2021-10-20,1.4591109754712748,,
2021-10-21,1.2358131856821026,,
2021-10-22,1.139976039658602,,
2021-10-23,1.1648539004117004,,
2021-10-24,1.134118295337706,,
2021-10-25,1.2411964878082207,,
2021-10-26,1.0870642400834596,,
2021-10-27,0.9834321934337845,,
2021-10-28,1.087858131967449,,
2021-10-29,1.1714825765178625,,
2021-10-30,1.1402635285210792,,
2021-10-31,1.1069484341422642,,
2021-11-01,1.0797478444416864,,
2021-11-02,1.1654105388063085,,
2021-11-03,1.1482050091332852,,
2021-11-04,1.059392722817562,,
2021-11-05,1.0297003583044555,,
2021-11-06,1.0497838556300398,,
2021-11-07,1.1334857297351215,,
2021-11-08,1.3564712409412034,,
2021-11-09,1.3179731678288575,,
2021-11-10,1.1823459229946074,,
2021-11-11,1.1847793644317073,,
2021-11-12,1.089811077465935,,
2021-11-13,1.1034779504320684,,
2021-11-14,1.1340178016094753,,
2021-11-15,1.0574644805027065,,
2021-11-16,0.8694165331585308,,
2021-11-17,0.8555783934205731,,
2021-11-18,0.6829882261776513,,
2021-11-19,0.7458095288484179,,
2021-11-20,0.8348226771742424,,
2021-11-21,0.7955634049537951,,
2021-11-22,0.6581573120013017,,
2021-11-23,0.7225197682634689,,
2021-11-24,0.6939449263690095,,
2021-11-25,0.769107625671554,,
2021-11-26,0.5011851211057607,,
2021-11-27,0.5455744399114918,,
2021-11-28,0.6803400884723417,,
2021-11-29,0.7096802292196788,,
2021-11-30,0.6643148760393015,,
2021-12-01,0.6638033122625399,,
2021-12-02,0.6324188371129171,,
2021-12-03,0.48281672646865426,,
2021-12-04,0.2545597498018846,,
2021-12-05,0.2644534397156586,,
2021-12-06,0.3302532445721035,,
2021-12-07,0.3260999049658037,,
2021-12-08,0.3225982760781975,,
2021-12-09,0.1911677721979448,,
2021-12-10,0.16623899008313123,,
2021-12-11,0.264334288942164,,
2021-12-12,0.3069585112939271,,
2021-12-13,0.13222268495418796,,
2021-12-14,0.20962321289995162,,
2021-12-15,0.23694955380849625,,
2021-12-16,0.17555528159411618,,
2021-12-17,0.10768066677460011,,
2021-12-18,0.13756803405439585,,
2021-12-19,0.1358886894057799,,
2021-12-20,0.1409913005787361,,
2021-12-21,0.25155241390615746,,
2021-12-22,0.23026653338689046,,
2021-12-23,0.33337606474872566,,
2021-12-24,0.3352562517039682,,
2021-12-25,0.32534535833886663,,
2021-12-26,0.3350368495159706,,
2021-12-27,0.3339133162616,,
2021-12-28,0.17127684806217383,,
2021-12-29,0.10958452354495392,,
2021-12-30,0.14231794168701825,,
2021-12-31,0.10293646043252877,,
2022-01-01,0.16619908650738507,,
2022-01-02,0.15514334088560153,,
2022-01-03,0.10822531360269018,,
2022-01-04,0.08134658125389486,,
2022-01-05,-0.04196168948468415,,
2022-01-06,-0.06048953676768778,,
2022-01-07,-0.1432408228255786,,
2022-01-08,-0.1270260863130108,,
2022-01-09,-0.12201747179999109,,
2022-01-10,-0.12484620581321987,,
2022-01-11,-0.07343867089781586,,
2022-01-12,-0.01139215279218397,,
2022-01-13,-0.08126107197592307,,
2022-01-14,-0.0556317119774035,,
2022-01-15,-0.05030356261705913,,
2022-01-16,-0.052563663321372404,,
2022-01-17,-0.10177920888012962,,
2022-01-18,-0.08922599950870456,,
2022-01-19,-0.12045910110324765,,
2022-01-20,-0.17320830931533546,,
2022-01-21,-0.3910044449207753,,
2022-01-22,-0.4688191873594637,,
2022-01-23,-0.39923249625678814,,
2022-01-24,-0.3757010981957934,,
2022-01-25,-0.3592617759457955,,
2022-01-26,-0.36472173732938057,,
2022-01-27,-0.3527679447747772,,
2022-01-28,-0.30982455045468793,,
2022-01-29,-0.28898430527006613,,
2022-01-30,-0.2928622772901444,,
2022-01-31,-0.2664018308303376,,
2022-02-01,-0.26003677906828876,,
2022-02-02,-0.35854533740061695,,
2022-02-03,-0.35117583291024923,,
2022-02-04,-0.13620894750811088,,
2022-02-05,-0.11380790341620782,,
2022-02-06,-0.0683661561172462,,
2022-02-07,0.011131343796942562,,
2022-02-08,0.02411434287241801,,
2022-02-09,0.03532396157709436,,
2022-02-10,-0.00844663505223955,,
2022-02-11,-0.07710190998827539,,
2022-02-12,-0.08794351804883174,,
2022-02-13,-0.08694396446319497,,
2022-02-14,-0.06279275431215692,,
2022-02-15,0.034974431256065995,,
2022-02-16,0.010090460180166723,,
2022-02-17,-0.17339677825717806,,
2022-02-18,-0.20267517110216396,,
2022-02-19,-0.19971108520542324,,
2022-02-20,-0.2822245564363614,,
2022-02-21,-0.3586398907947636,,
2022-02-22,-0.2984015875534082,,
2022-02-23,-0.3464833466289559,,
2022-02-24,-0.2933812362586313,,
2022-02-25,-0.23678065350399954,,
2022-02-26,-0.2505757377374427,,
2022-02-27,-0.32512909872979945,,
2022-02-28,-0.03486118560554125,,
2022-03-01,0.02447043789041032,,
2022-03-02,0.004472348746855524,,
2022-03-03,-0.07740872035311519,,
2022-03-04,-0.25639745119449286,,
2022-03-05,-0.2413013659670176,,
2022-03-06,-0.29425174703443036,,
2022-03-07,-0.3067262874691202,,
2022-03-08,-0.2737301027916505,,
2022-03-09,-0.10050767592295544,,
2022-03-10,-0.23849530552665157,,
2022-03-11,-0.27175092392604744,,
2022-03-12,-0.264893152068008,,
2022-03-13,-0.32650890675219396,,
2022-03-14,-0.22741538011262713,,
2022-03-15,-0.24254532903636167,,
2022-03-16,-0.15051941514303777,,
2022-03-17,-0.1561115584877523,,
2022-03-18,-0.11082901864899584,,
2022-03-19,-0.09169853699907451,,
2022-03-20,-0.14030033210599904,,
2022-03-21,-0.15307189023145565,,
2022-03-22,-0.08361926476285914,,
2022-03-23,-0.06607696820373918,,
2022-03-24,-0.0012713787003145957,,
2022-03-25,0.006907613332066342,,
2022-03-26,0.015567954781047024,,
2022-03-27,0.1334134290141648,,
2022-03-28,0.15070286268325894,,
2022-03-29,0.15830599318372807,,
2022-03-30,0.13800344876063864,,
2022-03-31,0.05596139180192842,,
2022-04-01,0.09017444059349075,,
2022-04-02,0.07367042834591649,,
2022-04-03,0.0991224461417567,,
2022-04-04,0.10913290271378201,,
2022-04-05,0.05721262022393202,,
2022-04-06,-0.06714758134071547,,
2022-04-07,-0.05275521231236476,,
2022-04-08,-0.12281811545910849,,
2022-04-09,-0.09851608177732962,,
2022-04-10,-0.12041885700006785,,
2022-04-11,-0.26286427971268944,,
2022-04-12,-0.23577737419596181,,
2022-04-13,-0.17975897270164268,,
2022-04-14,-0.24751404808490848,,
2022-04-15,-0.2151148108038599,,
2022-04-16,-0.21959614614539583,,
2022-04-17,-0.25869931592013495,,
2022-04-18,-0.19920063141246264,,
2022-04-19,-0.16407594380215254,,
2022-04-20,-0.16947289328233364,,
2022-04-21,-0.2234390283859445,,
2022-04-22,-0.26002621994159986,,
2022-04-23,-0.26820815098473144,,
2022-04-24,-0.2718062719091652,,
2022-04-25,-0.22009350058090937,,
2022-04-26,-0.34561801873891596,,
2022-04-27,-0.2841291744677401,,
2022-04-28,-0.25577485628509067,,
2022-04-29,-0.31508146006118387,,
2022-04-30,-0.36177941810275716,,
2022-05-01,-0.32192470681951424,,
2022-05-02,-0.31314472972025753,,
2022-05-03,-0.356760322137746,,
2022-05-04,-0.25377603841230634,,
2022-05-05,-0.41972022729001063,,
2022-05-06,-0.44251510844593206,,
2022-05-07,-0.4705208918715174,,
2022-05-08,-0.546974729346425,,
2022-05-09,-0.7316668337538808,,
2022-05-10,-0.6987723801421218,,
2022-05-11,-0.8089145952878959,,
2022-05-12,-0.7919566340414368,,
2022-05-13,-0.7745664105626221,,
2022-05-14,-0.7347507068452642,,
2022-05-15,-0.6725724370930654,,
2022-05-16,-0.7420404661913735,,
2022-05-17,-0.7103445085945691,,
2022-05-18,-0.7999153933751744,,
2022-05-19,-0.7158139938523971,,
2022-05-20,-0.7706146520618076,,
2022-05-21,-0.7591926896133471,,
2022-05-22,-0.7086359984926921,,
2022-05-23,-0.7752555082008894,,
2022-05-24,-0.7439674257437869,,
2022-05-25,-0.7467225595982526,,
2022-05-26,-0.7586754162083721,,
2022-05-27,-0.7959018662348094,,
2022-05-28,-0.7715138522483383,,
2022-05-29,-0.7500543916534754,,
2022-05-30,-0.622238933171894,,
2022-05-31,-0.6184538829704342,,
2022-06-01,-0.7272021853592927,,
2022-06-02,-0.6855606570572378,,
2022-06-03,-0.7308058847590954,,
2022-06-04,-0.7217959177452872,,
2022-06-05,-0.7143505613885551,,
2022-06-06,-0.6340158379903342,,
2022-06-07,-0.6408031390806339,,
2022-06-08,-0.6928339131536444,,
2022-06-09,-0.6996298855403352,,
2022-06-10,-0.7539744905584165,,
2022-06-11,-0.7921094294009677,,
2022-06-12,-0.8763457640588646,,
2022-06-13,-1.117827008131802,,
2022-06-14,-1.1223215077311488,,
2022-06-15,-1.0903995185691466,,
2022-06-16,-1.2126983091110177,,
2022-06-17,-1.1985896056395355,,
2022-06-18,-1.2786636784476628,,
2022-06-19,-1.1915783677822114,,
2022-06-20,-1.1855132716281818,,
2022-06-21,-1.176143644630387,,
2022-06-22,-1.2136501702007283,,
2022-06-23,-1.1486260227547365,,
2022-06-24,-1.1351988170470408,,
2022-06-25,-1.1252095706608645,,
2022-06-26,-1.1481862955270155,,
2022-06-27,-1.164772313101463,,
2022-06-28,-1.1919090680377127,,
2022-06-29,-1.2010225235249439,,
2022-06-30,-1.2407180797628283,,
2022-07-01,-1.2379306583147867,,
2022-07-02,-1.243467426731119,,
2022-07-03,-1.2396290876838805,,
2022-07-04,-1.182875489980719,,
2022-07-05,-1.183907102128899,,
2022-07-06,-1.159425848078701,,
2022-07-07,-1.094101066289228,,
2022-07-08,-1.0835520946836212,,
2022-07-09,-1.0949128896951132,,
2022-07-10,-1.139136341739445,,
2022-07-11,-1.1860473613043523,,
2022-07-12,-1.2224788854535602,,
2022-07-13,-1.1730681912535847,,
2022-07-14,-1.147832426437572,,
2022-07-15,-1.1261205813364608,,
2022-07-16,-1.1038920005065576,,
2022-07-17,-1.1254921176460677,,
2022-07-18,-1.0364652128681784,,
2022-07-19,-0.9704665615313617,,
2022-07-20,-0.9761410043279339,,
2022-07-21,-0.9811553867337831,,
2022-07-22,-1.0052286606479004,,
2022-07-23,-1.0174583833294735,,
2022-07-24,-1.006696756297393,,
2022-07-25,-1.0738917442769988,,
2022-07-26,-1.0924587532038812,,
2022-07-27,-0.9888305664094692,,
2022-07-28,-0.932379807243592,,
2022-07-29,-0.9253391942795782,,
2022-07-30,-0.944879080521032,,
2022-07-31,-0.9603901258103191,,
2022-08-01,-0.9617748999394793,,
2022-08-02,-0.9790863514025652,,
2022-08-03,-0.9918819527649515,,
2022-08-04,-1.001477758731763,,
2022-08-05,-0.9636638709474725,,
2022-08-06,-0.9786936333619426,,
2022-08-07,-0.9688883570592282,,
2022-08-08,-0.9294192166015729,,
2022-08-09,-0.9647988898506619,,
2022-08-10,-0.9208228265155362,,
2022-08-11,-0.9196058508125068,,
2022-08-12,-0.8918273922486527,,
2022-08-13,-0.8897806898024435,,
2022-08-14,-0.8962189382523487,,
2022-08-15,-0.9094687308883971,,
2022-08-16,-0.9222194963824795,,
2022-08-17,-0.9534694979499355,,
2022-08-18,-0.9599836827074014,,
2022-08-19,-1.0978226477046376,,
2022-08-20,-1.0825959263123226,,
2022-08-21,-1.0574268202468322,,
2022-08-22,-1.071756532084023,,
2022-08-23,-1.0568035740362638,,
2022-08-24,-1.0626818560261555,,
2022-08-25,-1.0519219097832884,,
2022-08-26,-1.1324358648301425,,
2022-08-27,-1.1437123209471214,,
2022-08-28,-1.1658871712836938,,
2022-08-29,-1.12906246475406,,
2022-08-30,-1.1543958658575437,,
2022-08-31,-1.1413088207503015,,
2022-09-01,-1.135307369799299,,
2022-09-02,-1.1435420650413002,,
2022-09-03,-1.151893883146473,,
2022-09-04,-1.1420001817861511,,
2022-09-05,-1.1513439699718009,,
2022-09-06,-1.2076767723932962,,
2022-09-07,-1.1793575022053642,,
2022-09-08,-1.1767256289318935,,
2022-09-09,-1.0515707680668271,,
2022-09-10,-1.0297335613724445,,
2022-09-11,-1.0281580470082263,,
2022-09-12,-0.9892652159039255,,
2022-09-13,-1.1201285009092032,,
2022-09-14,-1.1135016950371195,,
2022-09-15,-1.145389692309102,,
2022-09-16,-1.1419048353991603,,
2022-09-17,-1.117982185122035,,
2022-09-18,-1.1600586715813446,,
2022-09-19,-1.1508068048982425,,
2022-09-20,-1.191874163748757,,
2022-09-21,-1.2131876985394021,,
2022-09-22,-1.1565638746834326,,
2022-09-23,-1.161344679389202,,
2022-09-24,-1.185677627060166,,
2022-09-25,-1.1931407569666594,,
2022-09-26,-1.1672939011877377,,
2022-09-27,-1.171915900601823,,
2022-09-28,-1.1491791848193103,,
2022-09-29,-1.1430436285242167,,
2022-09-30,-1.1484057656463413,,
2022-10-01,-1.1555358733751986,,
2022-10-02,-1.1733359026184953,,
2022-10-03,-1.1344838845711371,,
2022-10-04,-1.0901800033757738,,
2022-10-05,-1.1009889775623225,,
2022-10-06,-1.1129700676137775,,
2022-10-07,-1.137616918994775,,
2022-10-08,-1.144406946828038,,
2022-10-09,-1.1431896427162782,,
2022-10-10,-1.1593629355625095,,
2022-10-11,-1.165726718059492,,
2022-10-12,-1.1567876452361534,,
2022-10-13,-1.1417709536186,,
2022-10-14,-1.1541266893691797,,
2022-10-15,-1.1603521071575635,,
2022-10-16,-1.1478729203135798,,
2022-10-17,-1.1280218140128306,,
2022-10-18,-1.141825683174618,,
2022-10-19,-1.1538797685096436,,
2022-10-20,-1.1593104130569367,,
2022-10-21,-1.149848877921725,,
2022-10-22,-1.146637660172852,,
2022-10-23,-1.123917257745375,,
2022-10-24,-1.1374360387161848,,
2022-10-25,-1.0903269862107998,,
2022-10-26,-1.0467679322170937,,
2022-10-27,-1.0786119079880276,,
2022-10-28,-1.0580001911918604,,
2022-10-29,-1.0452588561862692,,
2022-10-30,-1.0563463282432979,,
2022-10-31,-1.0636402156917635,,
2022-11-01,-1.0634160417735814,,
2022-11-02,-1.0836816987003002,,
2022-11-03,-1.080088574455083,,
2022-11-04,-1.021679788200762,,
2022-11-05,-1.0133198082889348,,
2022-11-06,-1.0338015482778322,,
2022-11-07,-1.053768292877501,,
2022-11-08,-1.1794155049765067,,
2022-11-09,-1.3464854725112712,,
2022-11-10,-1.2325293842119267,,
2022-11-11,-1.2698515231131806,,
2022-11-12,-1.2759842369131198,,
2022-11-13,-1.3034217280238498,,
2022-11-14,-1.2817433890438146,,
2022-11-15,-1.2650513914110983,,
2022-11-16,-1.274662001836217,,
2022-11-17,-1.2687638496283318,,
2022-11-18,-1.2574354345201044,,
2022-11-19,-1.2542554847916678,,
2022-11-20,-1.2821188342371246,,
2022-11-21,-1.3101775567289817,,
2022-11-22,-1.2827419834299005,,
2022-11-23,-1.2567271257139423,,
2022-11-24,-1.2551066673814295,,
2022-11-25,-1.2578136406365592,,
2022-11-26,-1.2617195277472881,,
2022-11-27,-1.2618467967350273,,
2022-11-28,-1.2745995688567886,,
2022-11-29,-1.2586248626788077,,
2022-11-30,-1.2098925447477473,,
2022-12-01,-1.2230612516099557,,
2022-12-02,-1.214543836963762,,
2022-12-03,-1.2253293379391361,,
2022-12-04,-1.2098514383855656,,
2022-12-05,-1.216065228080858,,
2022-12-06,-1.208177848572405,,
2022-12-07,-1.2221448087942781,,
2022-12-08,-1.196142704825921,,
2022-12-09,-1.2010068719033125,,
2022-12-10,-1.2013820410360785,,
2022-12-11,-1.2026013275851095,,
2022-12-12,-1.1952139294021966,,
2022-12-13,-1.1563938442695,,
2022-12-14,-1.1527295005413813,,
2022-12-15,-1.1826566279887853,,
2022-12-16,-1.2301060927257084,,
2022-12-17,-1.2183070849752857,,
2022-12-18,-1.217642182281077,,
2022-12-19,-1.238784480406463,,
2022-12-20,-1.206658781435382,,
2022-12-21,-1.212132699264671,,
2022-12-22,-1.2104443993539546,,
2022-12-23,-1.2117943054183473,,
2022-12-24,-1.2074526240397585,,
2022-12-25,-1.2073388439169082,,
2022-12-26,-1.20317185179163,,
2022-12-27,-1.2141987407679722,,
2022-12-28,-1.2229641740178119,,
2022-12-29,-1.2153000363258382,,
2022-12-30,-1.2169807935237842,,
2022-12-31,-1.2188678331536953,,
2023-01-01,-1.2128363202691852,,
2023-01-02,-1.206887673532093,,
2023-01-03,-1.2072676036769872,,
2023-01-04,-1.1944196440820845,,
2023-01-05,-1.1952136834948792,,
2023-01-06,-1.1854060083130673,,
2023-01-07,-1.1857781600058446,,
2023-01-08,-1.1775349320359894,,
2023-01-09,-1.168853070638639,,
2023-01-10,-1.1511800404087238,,
2023-01-11,-1.1233100741494855,,
2023-01-12,-1.0545536503557635,,
2023-01-13,-0.9887372473336487,,
2023-01-14,-0.9132631798227823,,
2023-01-15,-0.9222357823700558,,
2023-01-16,-0.9023666383138649,,
2023-01-17,-0.9029691098206196,,
2023-01-18,-0.9337321869349193,,
2023-01-19,-0.9090994716775547,,
2023-01-20,-0.8047481751601279,,
2023-01-21,-0.7957652719654783,,
2023-01-22,-0.8018312253038662,,
2023-01-23,-0.7878097870148123,,
2023-01-24,-0.8090521669245722,,
2023-01-25,-0.7765715759658973,,
2023-01-26,-0.7822324494505247,,
2023-01-27,-0.7770547460928895,,
2023-01-28,-0.7811930906948058,,
2023-01-29,-0.7306929173324489,,
2023-01-30,-0.7953801426985083,,
2023-01-31,-0.7738495679688405,,
2023-02-01,-0.7359985138816335,,
2023-02-02,-0.750929709118458,,
2023-02-03,-0.7552357230140813,,
2023-02-04,-0.7616447170229704,,
2023-02-05,-0.7878730593488694,,
2023-02-06,-0.8018453099686168,,
2023-02-07,-0.7674756999986823,,
2023-02-08,-0.789275836553369,,
2023-02-09,-0.8628054490256417,,
2023-02-10,-0.8752571237132801,,
2023-02-11,-0.8588337536584771,,
2023-02-12,-0.8646562572335438,,
2023-02-13,-0.862552094922424,,
2023-02-14,-0.8343658926913657,,
2023-02-15,-0.6975495064765056,,
2023-02-16,-0.7351444582138175,,
2023-02-17,-0.678669542220328,,
2023-02-18,-0.6768467173294509,,
2023-02-19,-0.6947936951037241,,
2023-02-20,-0.6665823104201529,,
2023-02-21,-0.6929730335686279,,
2023-02-22,-0.7081977372196371,,
2023-02-23,-0.725111137248808,,
2023-02-24,-0.7731157238433254,,
2023-02-25,-0.7738552950357244,,
2023-02-26,-0.7485320618620869,,
2023-02-27,-0.7511760270851962,,
2023-02-28,-0.7730010176020586,,
2023-03-01,-0.7414640243527911,,
2023-03-02,-0.7505043424637033,,
2023-03-03,-0.8240882404284656,,
2023-03-04,-0.8249543750042979,,
2023-03-05,-0.8182050591086274,,
2023-03-06,-0.8180345351183586,,
2023-03-07,-0.828665488305188,,
2023-03-08,-0.8595865258439136,,
2023-03-09,-0.9482512541543302,,
2023-03-10,-0.9545206870699092,,
2023-03-11,-0.9310729864550025,,
2023-03-12,-0.8323748529496701,,
2023-03-13,-0.6949896932797311,,
2023-03-14,-0.6558947229605427,,
2023-03-15,-0.6805273898388194,,
2023-03-16,-0.6394267675278205,,
2023-03-17,-0.4844144322765143,,
2023-03-18,-0.5157269432011665,,
2023-03-19,-0.43743808232912196,,
2023-03-20,-0.46223674078968585,,
2023-03-21,-0.44165354213317254,,
2023-03-22,-0.49728736061726253,,
2023-03-23,-0.4309486334893898,,
2023-03-24,-0.4924935608763695,,
2023-03-25,-0.49103400039039435,,
2023-03-26,-0.4547836126772013,,
2023-03-27,-0.516232027561872,,
2023-03-28,-0.5082683489907757,,
2023-03-29,-0.4368464589570031,,
2023-03-30,-0.43233054108149527,,
2023-03-31,-0.4013757963578373,,
2023-04-01,-0.40344554460390397,,
2023-04-02,-0.4258631220374897,,
2023-04-03,-0.44709049832571707,,
2023-04-04,-0.4300482394566484,,
2023-04-05,-0.42599732799440687,,
2023-04-06,-0.4361140245450921,,
2023-04-07,-0.44315299168314687,,
2023-04-08,-0.44147538876314457,,
2023-04-09,-0.4153982399605897,,
2023-04-10,-0.3285304643891422,,
2023-04-11,-0.2946252034239681,,
2023-04-12,-0.3173874971519325,,
2023-04-13,-0.28847885704735166,,
2023-04-14,-0.28465567895933414,,
2023-04-15,-0.29277548007885557,,
2023-04-16,-0.2951181212206521,,
2023-04-17,-0.3510567369541873,,
2023-04-18,-0.2931569293409139,,
2023-04-19,-0.3981677934614024,,
2023-04-20,-0.4342082069118237,,
2023-04-21,-0.497917636811521,,
2023-04-22,-0.4625150786619188,,
2023-04-23,-0.4775971749381078,,
2023-04-24,-0.4830857555767132,,
2023-04-25,-0.43154888479504294,,
2023-04-26,-0.4268224682022166,,
2023-04-27,-0.35590457453454366,,
2023-04-28,-0.36488331494761556,,
2023-04-29,-0.37368406505940716,,
2023-04-30,-0.3645295034337246,,
2023-05-01,-0.4468369572567471,,
2023-05-02,-0.4092285470624266,,
2023-05-03,-0.3889866240748692,,
2023-05-04,-0.4016408686232165,,
2023-05-05,-0.35618598036375126,,
2023-05-06,-0.3994043363529825,,
2023-05-07,-0.41787270429524404,,
2023-05-08,-0.48653811870503816,,
2023-05-09,-0.4917414768990104,,
2023-05-10,-0.4912081789147734,,
2023-05-11,-0.5342882513264028,,
2023-05-12,-0.5483350950190257,,
2023-05-13,-0.54373030019563,,
2023-05-14,-0.5387759395820836,,
2023-05-15,-0.5199373846193431,,
2023-05-16,-0.534015614421594,,
2023-05-17,-0.5095343288715724,,
2023-05-18,-0.5458130937447319,,
2023-05-19,-0.5424261113889635,,
2023-05-20,-0.5285545068363962,,
2023-05-21,-0.5498318233094078,,
2023-05-22,-0.5468086714271513,,
2023-05-23,-0.5228685703085008,,
2023-05-24,-0.5807119695043929,,
2023-05-25,-0.5724444334546068,,
2023-05-26,-0.5568781894820938,,
2023-05-27,-0.5480111071881731,,
2023-05-28,-0.4668700717557134,,
2023-05-29,-0.48907379322192923,,
2023-05-30,-0.4931720232742964,,
2023-05-31,-0.5257148586131044,,
2023-06-01,-0.5516394464526101,,
2023-06-02,-0.5237152959168354,,
2023-06-03,-0.5351406935464631,,
2023-06-04,-0.5299112885735868,,
2023-06-05,-0.6193133041251571,,
2023-06-06,-0.5263707826220598,,
2023-06-07,-0.5834847137280249,,
2023-06-08,-0.571498113915915,,
2023-06-09,-0.5747895292400931,,
2023-06-10,-0.6142324168013645,,
2023-06-11,-0.6110745687510072,,
2023-06-12,-0.6106933616020292,,
2023-06-13,-0.6120920136425947,,
2023-06-14,-0.6632575749597704,,
2023-06-15,-0.6324905056944763,,
2023-06-16,-0.5818866723407617,,
2023-06-17,-0.5697305414004561,,
2023-06-18,-0.5807149441242749,,
2023-06-19,-0.5519816841299595,,
2023-06-20,-0.451979291398504,,
2023-06-21,-0.3365756303242498,,
2023-06-22,-0.3478004013389215,,
2023-06-23,-0.30482483165237195,,
2023-06-24,-0.31170379404186505,,
2023-06-25,-0.31771130068008535,,
2023-06-26,-0.3326537574559671,,
2023-06-27,-0.30794143605796614,,
2023-06-28,-0.3464683090610824,,
2023-06-29,-0.32325262300081015,,
2023-06-30,-0.32325155088917207,,
2023-07-01,-0.31965397505686705,,
2023-07-02,-0.31931383025893467,,
2023-07-03,-0.2851074304958006,,
2023-07-04,-0.3074351688335068,,
2023-07-05,-0.3275442377443979,,
2023-07-06,-0.3589006509767341,,
2023-07-07,-0.3365571596589123,,
2023-07-08,-0.34107520241985345,,
2023-07-09,-0.3478700138570514,,
2023-07-10,-0.333328814341384,,
2023-07-11,-0.31992736012401685,,
2023-07-12,-0.3356063740725743,,
2023-07-13,-0.26784067657270094,,
2023-07-14,-0.3412719429834416,,
2023-07-15,-0.3426337640467788,,
2023-07-16,-0.3454583032477181,,
2023-07-17,-0.351892510046807,,
2023-07-18,-0.37260031083835105,,
2023-07-19,-0.36830165990606256,,
2023-07-20,-0.3756011286038944,,
2023-07-21,-0.3676590977337893,,
2023-07-22,-0.3803071029526886,,
2023-07-23,-0.35836973902856367,,
2023-07-24,-0.41601368984084214,,
2023-07-25,-0.4131499204115026,,
2023-07-26,-0.4039495087951839,,
2023-07-27,-0.41251208998690675,,
2023-07-28,-0.39837708836073726,,
2023-07-29,-0.3955867140779085,,
2023-07-30,-0.4019858232007959,,
2023-07-31,-0.4044735397172174,,
2023-08-01,-0.38631144351825736,,
2023-08-02,-0.4089590339478374,,
2023-08-03,-0.40580111280264786,,
2023-08-04,-0.41472627030317444,,
2023-08-05,-0.4149960517113437,,
2023-08-06,-0.41542603736872424,,
2023-08-07,-0.40778758378589486,,
2023-08-08,-0.36764130321807065,,
2023-08-09,-0.38086937242159385,,
2023-08-10,-0.3908935016129794,,
2023-08-11,-0.39319853004344063,,
2023-08-12,-0.3924194129223953,,
2023-08-13,-0.4010960424515363,,
2023-08-14,-0.3932344618115179,,
2023-08-15,-0.4091263476496582,,
2023-08-16,-0.43605510830254846,,
2023-08-17,-0.5721253148191537,,
2023-08-18,-0.611734136469547,,
2023-08-19,-0.6077236598355835,,
2023-08-20,-0.6020666594783445,,
2023-08-21,-0.6044037828459267,,
2023-08-22,-0.6136506358492083,,
2023-08-23,-0.5821935581845343,,
2023-08-24,-0.6027032243868473,,
2023-08-25,-0.6076093693109748,,
2023-08-26,-0.6096830819094226,,
2023-08-27,-0.604480036908945,,
2023-08-28,-0.602954082457739,,
2023-08-29,-0.4991048465750082,,
2023-08-30,-0.5235983669487919,,
2023-08-31,-0.6114244095808271,,
2023-09-01,-0.6209140456787583,,
2023-09-02,-0.6164064693931135,,
2023-09-03,-0.6099382991500644,,
2023-09-04,-0.62041095005579,,
2023-09-05,-0.6209783338357839,,
2023-09-06,-0.6223945619364222,,
2023-09-07,-0.5921328431599117,,
2023-09-08,-0.6120553142320506,,
2023-09-09,-0.6124386263000188,,
2023-09-10,-0.6164532398292613,,
2023-09-11,-0.6617095342649498,,
2023-09-12,-0.6134967836584413,,
2023-09-13,-0.5891377029267352,,
2023-09-14,-0.5678493131872471,,
2023-09-15,-0.5603492041502603,,
2023-09-16,-0.5680415046982547,,
2023-09-17,-0.5715358052859931,,
2023-09-18,-0.5546172015155114,,
2023-09-19,-0.5261116365423179,,
2023-09-20,-0.5313492979734474,,
2023-09-21,-0.56817489774059,,
2023-09-22,-0.5674382519330609,,
2023-09-23,-0.5677247810118391,,
2023-09-24,-0.5866979909599422,,
2023-09-25,-0.5864322569991014,,
2023-09-26,-0.5924431120046338,,
2023-09-27,-0.5828566093347295,,
2023-09-28,-0.5369335154278454,,
2023-09-29,-0.5451473798633607,,
2023-09-30,-0.5409136995737289,,
2023-10-01,-0.47688282294116957,,
2023-10-02,-0.5022097104076579,,
2023-10-03,-0.5108433603775611,,
2023-10-04,-0.4878122282546667,,
2023-10-05,-0.5120109519572876,,
2023-10-06,-0.47855633824505023,,
2023-10-07,-0.4769940871621458,,
2023-10-08,-0.4794627667791174,,
2023-10-09,-0.5027816024590451,,
2023-10-10,-0.5140302592565924,,
2023-10-11,-0.5529016194653145,,
2023-10-12,-0.558353351645732,,
2023-10-13,-0.5514500158377761,,
2023-10-14,-0.5509103183731441,,
2023-10-15,-0.5332220179546238,,
2023-10-16,-0.44320726705919283,,
2023-10-17,-0.448413946007379,,
2023-10-18,-0.4556491178357542,,
2023-10-19,-0.43133706274116157,,
2023-10-20,-0.3657449200995143,,
2023-10-21,-0.3518173204036,,
2023-10-22,-0.34813240499731196,,
2023-10-23,-0.157364789659259,,
2023-10-24,-0.10227005627523207,,
2023-10-25,-0.06561774602727537,,
2023-10-26,-0.08977408519794135,,
2023-10-27,-0.10979524856234356,,
2023-10-28,-0.09820084585174683,,
2023-10-29,-0.06773838571576353,,
2023-10-30,-0.074856045791284,,
2023-10-31,-0.06772326800926069,,
2023-11-01,-0.020072017240133896,,
2023-11-02,-0.057679824291061256,,
2023-11-03,-0.0711011305280733,,
2023-11-04,-0.04719253078125294,,
2023-11-05,-0.04703119100777952,,
2023-11-06,-0.054107617853190064,,
2023-11-07,-0.030319971126699857,,
2023-11-08,-0.00767390199958301,,
2023-11-09,0.04322326802840315,,
2023-11-10,0.08457944216402463,,
2023-11-11,0.05856124866011578,,
2023-11-12,0.06249176606431994,,
2023-11-13,0.02836574396050536,,
2023-11-14,-0.03349272345385656,,
2023-11-15,0.10793789551202004,,
2023-11-16,-0.0013336173170690711,,
2023-11-17,0.02374341397980309,,
2023-11-18,0.023592589540928327,,
2023-11-19,0.07822599516515048,,
2023-11-20,0.08036040892189833,,
2023-11-21,-0.016940438201628587,,
2023-11-22,0.0680988374000252,,
2023-11-23,0.0612202685308653,,
2023-11-24,0.08566728236498379,,
2023-11-25,0.09008233515447078,,
2023-11-26,0.06886011749092608,,
2023-11-27,0.05188849052167506,,
2023-11-28,0.08838363470354828,,
2023-11-29,0.08668058241019287,,
2023-11-30,0.07767345471016758,,
2023-12-01,0.1374056319142811,,
2023-12-02,0.18420018429771945,,
2023-12-03,0.21530671432012055,,
2023-12-04,0.3297275718030259,,
2023-12-05,0.45965607614288,,
2023-12-06,0.4308969260145417,,
2023-12-07,0.3972584653006651,,
2023-12-08,0.4504808305210248,,
2023-12-09,0.41935298206543586,,
2023-12-10,0.41729659143630077,,
2023-12-11,0.2565259635142298,,
2023-12-12,0.26730283685294304,,
2023-12-13,0.3567875648633818,,
2023-12-14,0.3602201461416298,,
2023-12-15,0.2904297821225643,,
2023-12-16,0.3025898803809008,,
2023-12-17,0.2535712129382284,,
2023-12-18,0.3247602087625905,,
2023-12-19,0.29933821465581745,,
2023-12-20,0.3780204329768062,,
2023-12-21,0.3917926546572276,,
2023-12-22,0.39688574218833245,,
2023-12-23,0.3801570094563375,,
2023-12-24,0.3352974907537636,,
2023-12-25,0.36667524129165646,,
2023-12-26,0.2927251176249551,,
2023-12-27,0.3426975186778016,,
2023-12-28,0.2933517130752134,,
2023-12-29,0.2486870509519775,,
2023-12-30,0.2598305685311709,,
2023-12-31,0.2592849378667408,,
2024-01-01,0.3703290601206758,,
2024-01-02,0.4202601036746583,,
2024-01-03,0.28417594954425873,,
2024-01-04,0.3515581488397715,,
2024-01-05,0.3412975594889996,,
2024-01-06,0.3261485065990917,,
2024-01-07,0.3206260282409386,,
2024-01-08,0.5060676578953469,,
2024-01-09,0.44613131747421975,,
2024-01-10,0.48589362768792366,,
2024-01-11,0.45474643980428975,,
2024-01-12,0.24090129141214894,,
2024-01-13,0.24204081791331156,,
2024-01-14,0.18366810483223325,,
2024-01-15,0.2213434789355784,,
2024-01-16,0.24756293147827862,,
2024-01-17,0.21734826563034712,,
2024-01-18,0.1269168836210036,,
2024-01-19,0.1458254536780796,,
2024-01-20,0.14920966664650606,,
2024-01-21,0.1409789473398044,,
2024-01-22,0.023906346352995825,,
2024-01-23,0.03226629174314799,,
2024-01-24,0.0493266374972835,,
2024-01-25,0.03641816155236662,,
2024-01-26,0.15034113088886697,,
2024-01-27,0.16512666897689762,,
2024-01-28,0.15597141351186108,,
2024-01-29,0.2273396290279107,,
2024-01-30,0.20577257392142864,,
2024-01-31,0.18032487815997061,,
2024-02-01,0.20469274229144535,,
2024-02-02,0.21118499377406932,,
2024-02-03,0.2004965403283674,,
2024-02-04,0.17565716046550986,,
2024-02-05,0.1768649985263458,,
2024-02-06,0.20197606732560508,,
2024-02-07,0.26751143793333026,,
2024-02-08,0.32788151468360627,,
2024-02-09,0.432268311240505,,
2024-02-10,0.4660676483244846,,
2024-02-11,0.4877176481894646,,
2024-02-12,0.5854531954674895,,
2024-02-13,0.5596358320223457,,
2024-02-14,0.6725479201690502,,
2024-02-15,0.6726983706139038,,
2024-02-16,0.6803411202940265,,
2024-02-17,0.6498966828292564,,
2024-02-18,0.6744666133967822,,
2024-02-19,0.6450606901878027,,
2024-02-20,0.670440378104222,,
2024-02-21,0.6332615676766826,,
2024-02-22,0.6018454140619005,,
2024-02-23,0.5673713814700231,,
2024-02-24,0.6106962990255452,,
2024-02-25,0.6185787191473915,,
2024-02-26,0.770738434339037,,
2024-02-27,0.8969103341662897,,
2024-02-28,1.1501605514236573,,
2024-02-29,1.0746179267581049,,
2024-03-01,1.1133128837509758,,
2024-03-02,1.0834724297627405,,
2024-03-03,1.1301090303181542,,
2024-03-04,1.3837861278310335,,
2024-03-05,1.130577826392172,,
2024-03-06,1.1936031580486275,,
2024-03-07,1.2184521147067415,,
2024-03-08,1.26319977336894,,
2024-03-09,1.2637486776930027,,
2024-03-10,1.2754790947538834,,
2024-03-11,1.4150672596464422,,
2024-03-12,1.3557198399006907,,
2024-03-13,1.374367093049939,,
2024-03-14,1.2782951806195542,,
2024-03-15,1.1642316749107595,,
2024-03-16,0.9598188394075302,,
2024-03-17,1.093952093359161,,
2024-03-18,1.0620558214669538,,
2024-03-19,0.7726164018083097,,
2024-03-20,1.0598772517855009,,
2024-03-21,0.9337708388466465,,
2024-03-22,0.8275508963456408,,
2024-03-23,0.8381433798170805,,
2024-03-24,0.9796379903097743,,
2024-03-25,1.0787286292575773,,
2024-03-26,1.0755856294931594,,
2024-03-27,1.0309755300868382,,
2024-03-28,1.0920662861122452,,
2024-03-29,1.0434261111535867,,
2024-03-30,1.028421970761768,,
2024-03-31,1.1010620191473912,,
2024-04-01,1.0114099993155035,,
2024-04-02,0.7958557015446984,,
2024-04-03,0.8198966218576005,,
2024-04-04,0.9270698533933102,,
2024-04-05,0.8989434294123698,,
2024-04-06,0.9539313502268663,,
2024-04-07,0.963876062291136,,
2024-04-08,1.067451453532379,,
2024-04-09,0.9380395728397437,,
2024-04-10,1.0056131228103284,,
2024-04-11,0.9768321299291359,,
2024-04-12,0.8345882498568868,,
2024-04-13,0.7131746605918644,,
2024-04-14,0.7635816089014771,,
2024-04-15,0.6555749299174453,,
2024-04-16,0.6703685337466277,,
2024-04-17,0.5537497640276682,,
2024-04-18,0.6539302524798748,,
2024-04-19,0.6618221933944824,,
2024-04-20,0.7153712804394444,,
2024-04-21,0.7170294680864222,,
2024-04-22,0.8071657631282256,,
2024-04-23,0.7784631237874192,,
2024-04-24,0.6607139511144614,,
2024-04-25,0.6745551192555665,,
2024-04-26,0.638961912817955,,
2024-04-27,0.6209900062011032,,
2024-04-28,0.5969492105497655,,
2024-04-29,0.6382088055263898,,
2024-04-30,0.48317940730757264,,
2024-05-01,0.3680471176142385,,
2024-05-02,0.4167710069003023,,
2024-05-03,0.5938252834636603,,
2024-05-04,0.6347437573463701,,
2024-05-05,0.6427376695065758,,
2024-05-06,0.6010716466855063,,
2024-05-07,0.5613979229958899,,
2024-05-08,0.49761038716487005,,
2024-05-09,0.5858523207840002,,
2024-05-10,0.4871361273710256,,
2024-05-11,0.4836008642009057,,
2024-05-12,0.5098877745623602,,
2024-05-13,0.5760376994974289,,
2024-05-14,0.5119953223885847,,
2024-05-15,0.7226817586760166,,
2024-05-16,0.6721683417039712,,
2024-05-17,0.746807221309545,,
2024-05-18,0.7464312534195227,,
2024-05-19,0.7113156643412246,,
2024-05-20,0.9338654396384783,,
2024-05-21,0.8810019974707742,,
2024-05-22,0.8239028387064654,,
2024-05-23,0.7594229569825918,,
2024-05-24,0.795521064471352,,
2024-05-25,0.8251820586508677,,
2024-05-26,0.784175725408457,,
2024-05-27,0.8215209408420949,,
2024-05-28,0.7212506341386025,,
2024-05-29,0.6851061412327476,,
2024-05-30,0.7190643477427515,,
2024-05-31,0.6722542123294087,,
2024-06-01,0.6863312569397353,,
2024-06-02,0.6890618401027748,,
2024-06-03,0.7298980859627161,,
2024-06-04,0.8024918257566797,,
2024-06-05,0.8215087441574571,,
2024-06-06,0.7991484313565421,,
2024-06-07,0.7305875397749274,,
2024-06-08,0.7277105971463067,,
2024-06-09,0.7413033256655618,,
2024-06-10,0.7311212234366593,,
2024-06-11,0.6302982942133875,,
2024-06-12,0.6653946694077318,,
2024-06-13,0.6005449529710606,,
2024-06-14,0.5636514954427628,,
2024-06-15,0.5721683544383368,,
2024-06-16,0.5900434969177606,,
2024-06-17,0.5821667410642722,,
2024-06-18,0.5207286022080483,,
2024-06-19,0.5088286567466989,,
2024-06-20,0.5091648120091594,,
2024-06-21,0.4707950691408959,,
2024-06-22,0.4701184381664665,,
2024-06-23,0.42931046768814823,,
2024-06-24,0.2940193012940126,,
2024-06-25,0.35966994445846345,,
2024-06-26,0.31761035966005946,,
2024-06-27,0.3468155616631245,,
2024-06-28,0.2903812961795224,,
2024-06-29,0.3160528366957423,,
2024-06-30,0.39842181223065976,,
2024-07-01,0.39960506667250023,,
2024-07-02,0.3638389385287899,,
2024-07-03,0.28077666336785734,,
2024-07-04,0.15827249654926806,,
2024-07-05,0.12403848639192902,,
2024-07-06,0.19194353097770753,,
2024-07-07,0.09652485802109206,,
2024-07-08,0.12419093328692514,,
2024-07-09,0.17972630870559647,,
2024-07-10,0.1671518076212464,,
2024-07-11,0.14891987893816197,,
2024-07-12,0.17263954388041394,,
2024-07-13,0.23677068883552221,,
2024-07-14,0.310539952735371,,
2024-07-15,0.4697724828693749,,
2024-07-16,0.48090309202337694,,
2024-07-17,0.43928671665237295,,
2024-07-18,0.4269750425429085,,
2024-07-19,0.5415334618060453,,
2024-07-20,0.5589563378957619,,
2024-07-21,0.5954439628873066,,
2024-07-22,0.5696822162059987,,
2024-07-23,0.49012972671699556,,
2024-07-24,0.46463860562044973,,
2024-07-25,0.47827475151365306,,
2024-07-26,0.5701269952106139,,
2024-07-27,0.5748598611354113,,
2024-07-28,0.5777901136948647,,
2024-07-29,0.5181824169452638,,
2024-07-30,0.48677255027448,,
2024-07-31,0.4215478219806984,,
2024-08-01,0.4398241014148664,,
2024-08-02,0.28131943325434783,,
2024-08-03,0.24525739371908162,,
2024-08-04,0.14170059889123673,,
2024-08-05,-0.025957385864819982,,
2024-08-06,0.050326220535704846,,
2024-08-07,0.010342669091256442,,
2024-08-08,0.3032033538203009,,
2024-08-09,0.2492925712077912,,
2024-08-10,0.25235387370781864,,
2024-08-11,0.16381878578019202,,
2024-08-12,0.18773663505851074,,
2024-08-13,0.23761407969580806,,
2024-08-14,0.16478535133651825,,
2024-08-15,0.1128853088882888,,
2024-08-16,0.16889907612527036,,
2024-08-17,0.19006700964435586,,
2024-08-18,0.16265115696079196,,
2024-08-19,0.18917186401262698,,
2024-08-20,0.17696339082565363,,
2024-08-21,0.26341575518611254,,
2024-08-22,0.23025223507136555,,
2024-08-23,0.38821878731918996,,
2024-08-24,0.3828584695644248,,
2024-08-25,0.4028313887282201,,
2024-08-26,0.3358641102968841,,
2024-08-27,0.18976080040922783,,
2024-08-28,0.16749649411901343,,
2024-08-29,0.17784235706345727,,
2024-08-30,0.16904943018396099,,
2024-08-31,0.16042301547909338,,
2024-09-01,0.09049992773110313,,
2024-09-02,0.1692336934970063,,
2024-09-03,0.10385025866368061,,
2024-09-04,0.12056553617895147,,
2024-09-05,0.03791363438511812,,
2024-09-06,-0.0601678086901737,,
2024-09-07,-0.04996195540196747,,
2024-09-08,-0.015110394183562996,,
2024-09-09,0.08228888150678923,,
2024-09-10,0.10542732099276689,,
2024-09-11,0.0943111254926818,,
2024-09-12,0.12482681299819622,,
2024-09-13,0.22589378056151338,,
2024-09-14,0.20225981623462735,,
2024-09-15,0.16376380432557155,,
2024-09-16,0.123737817376668,,
2024-09-17,0.20980320493718735,,
2024-09-18,0.2538700395852213,,
2024-09-19,0.32415744201089913,,
2024-09-20,0.3266656732633072,,
2024-09-21,0.33487675675374096,,
2024-09-22,0.3429453964521932,,
2024-09-23,0.3292496418465894,,
2024-09-24,0.3706810988546724,,
2024-09-25,0.3120529344842951,,
2024-09-26,0.39503742142077325,,
2024-09-27,0.42293603144338204,,
2024-09-28,0.4209494290782151,,
2024-09-29,0.41349181846802846,,
2024-09-30,0.31153377367005475,,
2024-10-01,0.2087117676202255,,
2024-10-02,0.20153860878453522,,
2024-10-03,0.20501744875559935,,
2024-10-04,0.2589072919735546,,
2024-10-05,0.257421301453021,,
2024-10-06,0.28939309395350926,,
2024-10-07,0.2723717381108018,,
2024-10-08,0.23681977731021506,,
2024-10-09,0.1722870829569668,,
2024-10-10,0.15634447882513156,,
2024-10-11,0.24387328441759482,,
2024-10-12,0.2743751039092358,,
2024-10-13,0.2543800575460572,,
2024-10-14,0.39274333185422766,,
2024-10-15,0.42129452019033253,,
2024-10-16,0.4484761165782782,,
2024-10-17,0.4317629026416395,,
2024-10-18,0.4731501486127915,,
2024-10-19,0.469684381608684,,
2024-10-20,0.4904159221996052,,
2024-10-21,0.41641828755151666,,
2024-10-22,0.41349706905920003,,
2024-10-23,0.37921767755896685,,
2024-10-24,0.4393044899316072,,
2024-10-25,0.35934133555566583,,
2024-10-26,0.3904805797948082,,
2024-10-27,0.4304268185317081,,
2024-10-28,0.5045903514956648,,
2024-10-29,0.6134487910347525,,
2024-10-30,0.5996607818192268,,
2024-10-31,0.5105973830780007,,
2024-11-01,0.4708811180461867,,
2024-11-02,0.45938497718107496,,
2024-11-03,0.43787077037046324,,
2024-11-04,0.3950709826232158,,
2024-11-05,0.46607158907563223,,
2024-11-06,0.7045235834441455,,
2024-11-07,0.7081493189406967,,
2024-11-08,0.7224287180709654,,
2024-11-09,0.7320683489569169,,
2024-11-10,0.8717713619885588,,
2024-11-11,1.1884187945184965,,
2024-11-12,1.132184273561434,,
2024-11-13,1.2003533559371953,,
2024-11-14,1.0518893843910497,,
2024-11-15,1.1899127794908835,,
2024-11-16,1.1614575403939005,,
2024-11-17,1.1247325493338116,,
2024-11-18,1.1476450768443975,,
2024-11-19,1.1880232921049796,,
2024-11-20,1.2410718634192777,,
2024-11-21,1.3531744371753087,,
2024-11-22,1.3405151142512957,,
2024-11-23,1.278605544660368,,
2024-11-24,1.2806237540997893,,
2024-11-25,1.0956078235247144,,
2024-11-26,1.0305423831704665,,
2024-11-27,1.1727532231411117,,
2024-11-28,1.1541462640434383,,
2024-11-29,1.2054841400892118,,
2024-11-30,1.167089365011915,,
2024-12-01,1.2001599503011853,,
2024-12-02,1.1236772894469922,,
2024-12-03,1.1218118092366407,,
2024-12-04,1.2130886970086816,,
2024-12-05,1.1087368483097115,,
2024-12-06,1.1877998804261236,,
2024-12-07,1.1840897210498844,,
2024-12-08,1.2095366167769461,,
2024-12-09,1.0603084402210832,,
2024-12-10,1.0267347103973756,,
2024-12-11,1.1699702313533724,,
2024-12-12,1.120762064983274,,
2024-12-13,1.1536039554737627,,
2024-12-14,1.1521935586135637,,
2024-12-15,1.2571283731822975,,
2024-12-16,1.2829666522806487,,
2024-12-17,1.2715569645751004,,
2024-12-18,1.0652613569223728,,
2024-12-19,0.9479880195146236,,
2024-12-20,0.9334971313047763,,
2024-12-21,0.9137471974849608,,
2024-12-22,0.8353635233191125,,
2024-12-23,0.805129682706027,,
2024-12-24,0.9240236271034573,,
2024-12-25,0.942138888838071,,
2024-12-26,0.8161051858541417,,
2024-12-27,0.7628269216785857,,
2024-12-28,0.7915902470085451,,
2024-12-29,0.7313170125345718,,
2024-12-30,0.6902835516027309,,
2024-12-31,0.7128497904069725,,
2025-01-01,0.7435342106660844,,
2025-01-02,0.8194017662238318,,
2025-01-03,0.8586166065055062,,
2025-01-04,0.860157676943572,,
2025-01-05,0.8647804831453534,,
2025-01-06,0.983918532155121,,
2025-01-07,0.8030828068245615,,
2025-01-08,0.736375241069193,,
2025-01-09,0.6463862730068418,,
2025-01-10,0.7242689070342225,,
2025-01-11,0.7178037268187906,,
2025-01-12,0.7082030245560972,,
2025-01-13,0.7071581224235397,,
2025-01-14,0.7764606802230789,,
2025-01-15,0.8892846138427248,,
2025-01-16,0.8743815560624139,,
2025-01-17,1.0086857665662579,,
2025-01-18,1.0067609993035664,,
2025-01-19,0.8900993361871785,,
2025-01-20,0.9375963544663144,,
2025-01-21,1.03971848116061,,
2025-01-22,0.9565410108760796,,
2025-01-23,0.9513985367353492,,
2025-01-24,0.9647052037611521,,
2025-01-25,0.9670570554618236,,
2025-01-26,0.8994054932334845,,
2025-01-27,0.8646463993474518,,
2025-01-28,0.8365858456058132,,
2025-01-29,0.9238275209213954,,
2025-01-30,0.9533695302980338,,
2025-01-31,0.8628802299900393,,
2025-02-01,0.8081882796730099,,
2025-02-02,0.7044540802779475,,
2025-02-03,0.8335017555832838,,
2025-02-04,0.70719013367316,,
2025-02-05,0.6596273192012244,,
2025-02-06,0.6550603484565446,,
2025-02-07,0.6486455249491279,,
2025-02-08,0.6544150792456402,,
2025-02-09,0.639811833312906,,
2025-02-10,0.672289909750024,,
2025-02-11,0.6192304404561384,,
2025-02-12,0.679672213141097,,
2025-02-13,0.6395859984401625,,
2025-02-14,0.6658722107695524,,
2025-02-15,0.6696874408380866,,
2025-02-16,0.6244509672721051,,
2025-02-17,0.6112994126123789,,
2025-02-18,0.5989589798318988,,
2025-02-19,0.6360059649235794,,
2025-02-20,0.689621669805806,,
2025-02-21,0.6136757155705251,,
2025-02-22,0.6294686594184556,,
2025-02-23,0.6122223026504693,,
2025-02-24,0.47716809460697845,,
2025-02-25,0.37800328527437493,,
2025-02-26,0.22809501245012753,,
2025-02-27,0.24764940599312638,,
2025-02-28,0.23599437635059708,,
2025-03-01,0.287220690997298,,
2025-03-02,0.5547371557673435,,
2025-03-03,0.29998395495330316,,
2025-03-04,0.3317427878423627,,
2025-03-05,0.4339552968680747,,
2025-03-06,0.4187356994809986,,
2025-03-07,0.3019464937468501,,
2025-03-08,0.28953567930377944,,
2025-03-09,0.11378620677470434,,
2025-03-10,0.06231235599838613,,
2025-03-11,0.1800201158025511,,
2025-03-12,0.20632460197361185,,
2025-03-13,0.12625766463726987,,
2025-03-14,0.22041898739059046,,
2025-03-15,0.22797949592855346,,
2025-03-16,0.1684883312564594,,
2025-03-17,0.21697190628597884,,
2025-03-18,0.17423093787549865,,
2025-03-19,0.3026503364871169,,
2025-03-20,0.21720342753275215,,
2025-03-21,0.21486687000082885,,
2025-03-22,0.20676043073073805,,
2025-03-23,0.26802861666074396,,
2025-03-24,0.3160339974110385,,
2025-03-25,0.31849718585317854,,
2025-03-26,0.29873733764121413,,
2025-03-27,0.31012121400576376,,
2025-03-28,0.21477350115941443,,
2025-03-29,0.15758025755112703,,
2025-03-30,0.14916642726332952,,
2025-03-31,0.1573322469083929,,
2025-04-01,0.24508933366588942,,
2025-04-02,0.15893767123080219,,
2025-04-03,0.1671118907146304,,
2025-04-04,0.19289962944301178,,
2025-04-05,0.17756681317476636,,
2025-04-06,0.008070925602165815,,
2025-04-07,0.0536550619190894,,
2025-04-08,-0.042362584779250756,,
2025-04-09,0.15744328726260223,,
2025-04-10,0.056302375232435906,,
2025-04-11,0.17597873062932667,,
2025-04-12,0.23560565812904888,,
2025-04-13,0.18066416395281468,,
2025-04-14,0.21173305737804918,,
2025-04-15,0.18510570889701672,,
2025-04-16,0.1992285140450989,,
2025-04-17,0.23045261078182422,,
2025-04-18,0.21387546077615713,,
2025-04-19,0.23571081680220987,,
2025-04-20,0.23454118800692966,,
2025-04-21,0.304554224252224,,
2025-04-22,0.49367504857550454,,
2025-04-23,0.49060393451490414,,
2025-04-24,0.49065891131140354,,
2025-04-25,0.5094441713357443,,
2025-04-26,0.5054062641333343,,
2025-04-27,0.47664636328101045,,
2025-04-28,0.5117294492338426,,
2025-04-29,0.4767806483934055,,
2025-04-30,0.4783592109678455,,
2025-05-01,0.5423520413523537,,
2025-05-02,0.5513908902067717,,
2025-05-03,0.5216933625380439,,
2025-05-04,0.47241377027193787,,
2025-05-05,0.48104193766450926,,
2025-05-06,0.532380792751585,,
2025-05-07,0.5428992160263819,,
2025-05-08,0.7198876400651972,,
2025-05-09,0.7089725266179491,,
2025-05-10,0.7576353565781208,,
2025-05-11,0.7367592238303298,,
2025-05-12,0.6994500931250172,,
2025-05-13,0.7279703121570895,,
2025-05-14,0.706482057215448,,
2025-05-15,0.7030100766616119,,
2025-05-16,0.6939468882709322,,
2025-05-17,0.6813182546257367,,
2025-05-18,0.7652709480700526,,
2025-05-19,0.7447161336855064,,
2025-05-20,0.7772655654851618,,
2025-05-21,0.853107912092967,,
2025-05-22,0.8976915721082499,,
2025-05-23,0.7662217309558752,,
2025-05-24,0.7832741006408406,,
2025-05-25,0.8112146845107182,,
2025-05-26,0.8166067832920664,,
2025-05-27,0.7979757944054234,,
2025-05-28,0.7576088061223428,,
2025-05-29,0.6874586133375151,,
2025-05-30,0.6323005155537816,,
2025-05-31,0.653408715472481,,
2025-06-01,0.6834087208169208,,
2025-06-02,0.6781975808327216,,
2025-06-03,0.6583283585109214,,
2025-06-04,0.632449290196855,,
2025-06-05,0.5396807714507988,,
2025-06-06,0.6193424972777175,,
2025-06-07,0.6549264806204996,,
2025-06-08,0.6544608197362963,,
2025-06-09,0.7828050900955842,,
2025-06-10,0.7738070882415522,,
2025-06-11,0.7281339455091295,,
2025-06-12,0.6474998405565147,,
2025-06-13,0.6438565846623998,,
2025-06-14,0.6265611499670102,,
2025-06-15,0.6265790375613488,,
2025-06-16,0.6706835955455196,,
2025-06-17,0.592753003311528,,
2025-06-18,0.5963278618817971,,
2025-06-19,0.5913295265656089,,
2025-06-20,0.5477122418627994,,
2025-06-21,0.4956210174559685,,
2025-06-22,0.47566892587006154,,
2025-06-23,0.6067392137916213,,
2025-06-24,0.6162725813213824,,
2025-06-25,0.6508270110668245,,
2025-06-26,0.635424001540763,,
2025-06-27,0.630542490140423,,
2025-06-28,0.637280349796235,,
2025-06-29,0.6645989445928373,,
2025-06-30,0.6214633252071257,,
2025-07-01,0.573597732926667,,
2025-07-02,0.6673528508727744,,
2025-07-03,0.6825776448802858,,
2025-07-04,0.608330346371691,,
2025-07-05,0.6120736318900756,,
2025-07-06,0.6375963462640402,,
2025-07-07,0.6057610202981045,,
2025-07-08,0.6203303144522031,,
2025-07-09,0.682078908781374,,
2025-07-10,0.8031322419558248,,
2025-07-11,0.8416028509305787,,
2025-07-12,0.8292374541583912,,
2025-07-13,0.8687915010249071,,
2025-07-14,0.8837864419996418,,
2025-07-15,0.8158510369059494,,
2025-07-16,0.8222793397617938,,
2025-07-17,0.8307130762186659,,
2025-07-18,0.7820243201602443,,
2025-07-19,0.77632701827622,,
2025-07-20,0.7578984935439392,,
2025-07-21,0.7556364340456658,,
2025-07-22,0.8190165080538072,,
2025-07-23,0.7729970136623646,,
2025-07-24,0.7607890640532274,,
2025-07-25,0.7301244560672219,,
2025-07-26,0.7409637312506205,,
2025-07-27,0.7787773851157488,,
2025-07-28,0.7360203343880412,,
2025-07-29,0.7259979686610653,,
2025-07-30,0.7176727251254525,,
2025-07-31,0.6643573527441473,,
2025-08-01,0.5932401234340825,,
2025-08-02,0.5724158792902422,,
2025-08-03,0.6169676060428394,,
2025-08-04,0.6400998303516156,,
2025-08-05,0.6080866017696193,,
2025-08-06,0.631979894979612,,
2025-08-07,0.6925070357463861,,
2025-08-08,0.6699550544079319,,
2025-08-09,0.6626149829414474,,
2025-08-10,0.7333552132982998,,
2025-08-11,0.7177295915900967,,
2025-08-12,0.7517161824004075,,
2025-08-13,0.8346123666071884,,
2025-08-14,0.6977402104625107,,
2025-08-15,0.6628992069613541,,
2025-08-16,0.6565944599362848,,
2025-08-17,0.659353840293679,,
2025-08-18,0.6232148007076633,,
2025-08-19,0.5286134906826532,,
2025-08-20,0.5639472778108051,,
2025-08-21,0.5111599193894848,,
2025-08-22,0.6247730739499363,,
2025-08-23,0.5829506980702011,,
2025-08-24,0.5351508402908909,,
2025-08-25,0.4426777045133621,,
2025-08-26,0.48943519355866916,,
2025-08-27,0.4709897240878868,,
2025-08-28,0.5004151254644436,,
2025-08-29,0.38183437424260314,,
2025-08-30,0.3881179624370696,,
2025-08-31,0.3763011639611392,,
2025-09-01,0.39288495753983976,,
2025-09-02,0.4486415345169918,,
2025-09-03,0.46437457207218424,,
2025-09-04,0.43826691116580524,,
2025-09-05,0.42716882651807686,,
2025-09-06,0.41382717051125906,,
2025-09-07,0.4408710462107003,,
2025-09-08,0.4600889480406444,,
2025-09-09,0.44231601679983584,,
2025-09-10,0.5042434831951987,,
2025-09-11,0.5406518267975976,,
2025-09-12,0.556949031578321,,
2025-09-13,0.5501544403484517,,
2025-09-14,0.5341433223460511,,
2025-09-15,0.5316895864610692,,
2025-09-16,0.5643157730698105,,
2025-09-17,0.5542794357805654,,
2025-09-18,0.5635297096413915,,
2025-09-19,0.5212309576514326,,
2025-09-20,0.523462441213894,,
2025-09-21,0.5108800001817889,,
2025-09-22,0.4430188519880352,,
2025-09-23,0.4223022132288025,,
2025-09-24,0.45244424723484855,,
2025-09-25,0.3416067163173653,,
2025-09-26,0.3529231888291041,,
2025-09-27,0.3516318191555677,,
2025-09-28,0.41642733214068145,,
2025-09-29,0.4704098695383778,,
2025-09-30,0.45637436555856564,,
2025-10-01,0.5597469584288336,,
2025-10-02,0.6098996252711134,,
2025-10-03,0.648499843568335,,
2025-10-04,0.6462026356422648,,
2025-10-05,0.6730884895075471,,
2025-10-06,0.7017341317924526,,
2025-10-07,0.6059995136135565,,
2025-10-08,0.6471901321381802,,
2025-10-09,0.5962390828454032,,
2025-10-10,0.39583029025393623,,
2025-10-11,0.3237042706381495,,
2025-10-12,0.43041731617240875,,
2025-10-13,0.433665335512901,,
2025-10-14,0.37626501356254494,,
2025-10-15,0.304322681924464,,
2025-10-16,0.2364821733665352,,
2025-10-17,0.19611709893945825,,
2025-10-18,0.2086157622398871,,
2025-10-19,0.24782150767377112,,
2025-10-20,0.2962495428967767,,
2025-10-21,0.2453942153655411,,
2025-10-22,0.21431445070094093,,
2025-10-23,0.27302906771253854,,
2025-10-24,0.2961533245444098,,
2025-10-25,0.310084437225008,,
2025-10-26,0.38213753056635613,,
2025-10-27,0.3672665999198202,,
2025-10-28,0.33378467147308194,,
2025-10-29,0.2600741681229469,,
2025-10-30,0.20021158960630323,,
2025-10-31,0.23850319512813214,,
2025-11-01,0.24797379038221457,,
2025-11-02,0.25704224807654663,,
2025-11-03,0.15706227021422903,,
2025-11-04,0.029203711424469266,,
2025-11-05,0.09336732539284301,,
2025-11-06,0.026405268153471013,,
2025-11-07,0.07326212386417873,,
2025-11-08,0.044836047074110194,,
2025-11-09,0.10341581656680886,,
2025-11-10,0.13648657308399437,,
2025-11-11,0.05771274385149082,,
2025-11-12,0.024620618804883553,,
2025-11-13,-0.015716897747748045,,
2025-11-14,-0.15125590712246817,,
2025-11-15,-0.12540569206142993,,
2025-11-16,-0.15931217167065634,,
2025-11-17,-0.21489407616570377,,
2025-11-18,-0.19330483337720897,,
2025-11-19,-0.22979102584191693,,
2025-11-20,-0.3390751713773355,,
2025-11-21,-0.3833926181504929,,
2025-11-22,-0.4030775086683545,,
2025-11-23,-0.35416724274513356,,
2025-11-24,-0.3164546468559657,,
2025-11-25,-0.3400740863026859,,
2025-11-26,-0.26747246718016343,,
2025-11-27,-0.24463740543841134,,
2025-11-28,-0.25255830806257057,,
2025-11-29,-0.25620579690603684,,
2025-11-30,-0.26167295220794645,,
2025-12-01,-0.3636883300192873,,
2025-12-02,-0.23685538008299822,,
2025-12-03,-0.18570854963132175,,
2025-12-04,-0.22079299353871162,,
2025-12-05,-0.2918730173952497,,
2025-12-06,-0.29461280268107526,,
2025-12-07,-0.2720233510371509,,
2025-12-08,-0.25622358376004467,,
2025-12-09,-0.20317578257851043,,
2025-12-10,-0.2236044742865767,,
2025-12-11,-0.2107133578742491,,
2025-12-12,-0.2669505119418617,,
2025-12-13,-0.26918694552812744,,
2025-12-14,-0.3228226695998287,,
2025-12-15,-0.36416407250300287,,
2025-12-16,-0.3288470419851363,,
2025-12-17,-0.37026157243503177,,
2025-12-18,-0.385426091757843,,
2025-12-19,-0.31645071841484923,,
2025-12-20,-0.31216506087704554,,
2025-12-21,-0.30630881269619264,,
2025-12-22,-0.3076895345736543,,
2025-12-23,-0.3354201955758652,,
2025-12-24,-0.32809063440337866,,
2025-12-25,-0.33806905349673005,,
2025-12-26,-0.3334542120526749,,
2025-12-27,-0.32442228650080723,,
2025-12-28,-0.3226237581352835,,
2025-12-29,-0.33755119092069574,,
2025-12-30,-0.3043242010395702,,
2025-12-31,-0.3259805904605145,,
2026-01-01,-0.29661768190184234,,
2026-01-02,-0.26492826680622406,,
2026-01-03,-0.24839348685198617,,
2026-01-04,-0.22934035937967517,,
2026-01-05,-0.1651174377195876,,
2026-01-06,-0.175437299795016,,
2026-01-07,-0.2354809612814011,,
2026-01-08,-0.23798708288367917,,
2026-01-09,-0.2511755521749795,,
2026-01-10,-0.2545560089944019,,
2026-01-11,-0.2462150601554994,,
2026-01-12,-0.23529549566383323,,
2026-01-13,-0.13260929786165765,,
2026-01-14,-0.09044683821461336,,
2026-01-15,-0.12888224453575023,,
2026-01-16,-0.1310066463992399,,
2026-01-17,-0.14123079211995632,,
2026-01-18,-0.1628139949141484,,
2026-01-19,-0.20652315463044219,,
2026-01-20,-0.3129780399708132,,
2026-01-21,-0.27812969609934124,,
2026-01-22,-0.2828162691386356,,
2026-01-23,-0.27256995545485524,,
2026-01-24,-0.2789839298906907,,
2026-01-25,-0.34810945008654226,,
2026-01-26,-0.2998958367304279,,
2026-01-27,-0.27666424652655425,,
2026-01-28,-0.2784739059837483,,
2026-01-29,-0.39549074729466827,,
2026-01-30,-0.40692372143564554,,
2026-01-31,-0.5402821803359934,,
2026-02-01,-0.5847895086189708,,
2026-02-02,-0.5371907098641325,,
2026-02-03,-0.610521187054738,,
2026-02-04,-0.6729732712627415,,
2026-02-05,-0.9097445520661349,,
2026-02-06,-0.7246730655987776,,
2026-02-07,-0.760500516728698,,
2026-02-08,-0.7254972103566093,,
2026-02-09,-0.7308977750465353,,
2026-02-10,-0.7689882768754812,,
2026-02-11,-0.8114587397417828,,
2026-02-12,-0.8292729819933136,,
2026-02-13,-0.7596460436672637,,
2026-02-14,-0.735216981974598,,
2026-02-15,-0.765168866697773,,
2026-02-16,-0.7612859280377013,,
2026-02-17,-0.7934524703224453,,
2026-02-18,-0.8202812157356983,,
2026-02-19,-0.805339888144098,,
2026-02-20,-0.7765339616128072,,
2026-02-21,-0.7752360615346491,,
2026-02-22,-0.7872232659004142,,
2026-02-23,-0.8600067031056893,,
2026-02-24,-0.8724915547643644,,
2026-02-25,-0.7699143023890017,,
2026-02-26,-0.7830819727550112,,
2026-02-27,-0.8250328160738181,,
2026-02-28,-0.7960238817174995,,
2026-03-01,-0.8277383841944345,,
2026-03-02,-0.7441043336401063,,
2026-03-03,-0.756651089045062,,
2026-03-04,-0.6458290032596766,,
2026-03-05,-0.6890737122549964,,
2026-03-06,-0.7593613888271117,,
2026-03-07,-0.78277780937104,,
2026-03-08,-0.8116336802024674,,
2026-03-09,-0.7503675113976466,,
2026-03-10,-0.7144749792163141,,
2026-03-11,-0.7018956447884859,,
2026-03-12,-0.6950523566394259,,
2026-03-13,-0.6846895689947258,,
2026-03-14,-0.6788527848190709,,
2026-03-15,-0.6377388542568929,,
2026-03-16,-0.5857016083732418,,
2026-03-17,-0.6022290290296977,,
2026-03-18,-0.6752925655642978,,
2026-03-19,-0.7087677057815446,,
2026-03-20,-0.6935389392282636,,
2026-03-21,-0.7144159676959859,,
2026-03-22,-0.7594034156371485,,
2026-03-23,-0.6882232036574804,,
2026-03-24,-0.6897423344828433,,
2026-03-25,-0.6715842822951903,,
2026-03-26,-0.7379440806978657,,
2026-03-27,-0.8021518008119057,,
2026-03-28,-0.7978949739634167,,
2026-03-29,-0.8076794396881511,,
2026-03-30,-0.7883734816031507,,
2026-03-31,-0.7472479088022548,,
2026-04-01,-0.7495099232599519,,
2026-04-02,-0.7803280232918425,,
2026-04-03,-0.7802957465199897,,
2026-04-04,-0.7694667066317157,,
2026-04-05,-0.7270454458537491,,
2026-04-06,-0.7313586166510645,,
2026-04-07,-0.6446134369818338,,
2026-04-08,-0.6699448858339109,,
2026-04-09,-0.6513999678489456,,
2026-04-10,-0.6212677007587198,,
2026-04-11,-0.6170415671998751,,
2026-04-12,-0.6809796133516006,,
2026-04-13,-0.5778122978936184,,
2026-04-14,-0.5896012756497313,,
2026-04-15,-0.5739744323847346,,
2026-04-16,-0.5653206059127339,,
2026-04-17,-0.512758474371194,,
2026-04-18,-0.547483520431413,,
2026-04-19,-0.5968248170890363,,
2026-04-20,-0.5462964988832879,,
2026-04-21,-0.5386333889144178,,
2026-04-22,-0.47969826665333404,,
2026-04-23,-0.4820224832160906,,
2026-04-24,-0.49944269959414506,,
2026-04-25,-0.49470492338849953,,
2026-04-26,-0.4707927709676952,,
2026-04-27,-0.5047234098776147,,
2026-04-28,-0.5298565001207894,,
2026-04-29,-0.5421055799364518,,
2026-04-30,-0.5282751206187051,,
